SKU_id,product_name,product_category,seller_name,seller_id,price($),availability_status,average_rating,number_of_reviews,product_link,item_name,review_category,review_rating,review_title,review_text,review_date,recommended,positive_feedback,negative_feedback,reviewer_name,review_language,fulfilled_by,review_source
12835817248,"Straight Talk Samsung Galaxy A15, 64GB, 5G, Black - Prepaid Smartphone [Locked to Straight Talk]",Cell Phones,Walmart.com,F55CDC31AB754BB68FE0B39041159D63,39.88,IN_STOCK,4.3,9203,/ip/Straight-Talk-Samsung-Galaxy-A15-64GB-5G-Black-Prepaid-Smartphone-Locked-to-Straight-Talk/12835817248,"Straight Talk Samsung Galaxy A15, 64GB, 5G, Black - Prepaid Smartphone [Locked to Straight Talk]",Prepaid Android phones,5.0,worth the money,this is definitely a 5 star and definitely worth the money i paid for this and it came faster than it said the phone works perfectly fine and i recommend this for everyone 😁,1/21/2026,No recommendation,3.0,0.0,Uddu,English,Walmart,bazaarvoice
12835817248,"Straight Talk Samsung Galaxy A15, 64GB, 5G, Black - Prepaid Smartphone [Locked to Straight Talk]",Cell Phones,Walmart.com,F55CDC31AB754BB68FE0B39041159D63,39.88,IN_STOCK,4.3,9203,/ip/Straight-Talk-Samsung-Galaxy-A15-64GB-5G-Black-Prepaid-Smartphone-Locked-to-Straight-Talk/12835817248,"Straight Talk Samsung Galaxy A15, 64GB, 5G, Black - Prepaid Smartphone [Locked to Straight Talk]",Prepaid Android phones,4.0,No title,The way your employees on the floor treat ppl on the floor wslk I ng around don't want to help you. They tell you wait here I'll go get somebody %26 never show back up. Hours later. But cashier's  are awesome. They have to work.. harder then the ones on the floor.. and when you ask for a gm they say we don't have one of them only mang on the floor and there all in meetings I heard that about ********* times..,01-08-2026,No recommendation,2.0,0.0,WalmartCustomer,English,unknown,bazaarvoice
12835817248,"Straight Talk Samsung Galaxy A15, 64GB, 5G, Black - Prepaid Smartphone [Locked to Straight Talk]",Cell Phones,Walmart.com,F55CDC31AB754BB68FE0B39041159D63,39.88,IN_STOCK,4.3,9203,/ip/Straight-Talk-Samsung-Galaxy-A15-64GB-5G-Black-Prepaid-Smartphone-Locked-to-Straight-Talk/12835817248,"Straight Talk Samsung Galaxy A15, 64GB, 5G, Black - Prepaid Smartphone [Locked to Straight Talk]",Prepaid Android phones,4.0,why is this phone better than iphone,"Amazing phone for a great price! I have absolutely no compliments that are the phones/sellers' fault. The problem is the storage, but it's very easy to fix and isn't going to kill you. I recommend this phone for all ages as it is super easy to learn how to use, and I learned in about a day of having it. 5 stars",05-05-2025,True,5.0,0.0,Collin,English,Walmart,bazaarvoice
12835817248,"Straight Talk Samsung Galaxy A15, 64GB, 5G, Black - Prepaid Smartphone [Locked to Straight Talk]",Cell Phones,Walmart.com,F55CDC31AB754BB68FE0B39041159D63,39.88,IN_STOCK,4.3,9203,/ip/Straight-Talk-Samsung-Galaxy-A15-64GB-5G-Black-Prepaid-Smartphone-Locked-to-Straight-Talk/12835817248,"Straight Talk Samsung Galaxy A15, 64GB, 5G, Black - Prepaid Smartphone [Locked to Straight Talk]",Prepaid Android phones,5.0,No issues so far! 🩷,"I needed a second line/phone for work.  After reading the reviews I chose this one.  I have to say it’s been a game changer, so far it’s great.  We’ve been with another carrier for 5 years, and my son asked to change to Straight Talk now that our phones are paid off.  Straight Talk representative was awesome upon set up.  So far, I’m loving this service and the phone! 🩷",5/17/2025,No recommendation,7.0,2.0,Kk,English,Walmart,bazaarvoice
12835817248,"Straight Talk Samsung Galaxy A15, 64GB, 5G, Black - Prepaid Smartphone [Locked to Straight Talk]",Cell Phones,Walmart.com,F55CDC31AB754BB68FE0B39041159D63,39.88,IN_STOCK,4.3,9203,/ip/Straight-Talk-Samsung-Galaxy-A15-64GB-5G-Black-Prepaid-Smartphone-Locked-to-Straight-Talk/12835817248,"Straight Talk Samsung Galaxy A15, 64GB, 5G, Black - Prepaid Smartphone [Locked to Straight Talk]",Prepaid Android phones,1.0,No title,"I bought this phone on May 4th for $79. A couple of days later I received an email telling me the phone was now only $59. I thought that really sucks telling me I just paid $20 more. That made me mad but now I'm furious. On May 20th I get an email telling me the exact phone is now $39. So, I  paid double and then walmart insults me twice letting me know I paid way too much. I haven't been this insulted in years.",5/22/2025,False,16.0,11.0,Craig,English,Walmart,bazaarvoice
12835817248,"Straight Talk Samsung Galaxy A15, 64GB, 5G, Black - Prepaid Smartphone [Locked to Straight Talk]",Cell Phones,Walmart.com,F55CDC31AB754BB68FE0B39041159D63,39.88,IN_STOCK,4.3,9203,/ip/Straight-Talk-Samsung-Galaxy-A15-64GB-5G-Black-Prepaid-Smartphone-Locked-to-Straight-Talk/12835817248,"Straight Talk Samsung Galaxy A15, 64GB, 5G, Black - Prepaid Smartphone [Locked to Straight Talk]",Prepaid Android phones,5.0,No title,"I purchased 2 of these phone they were either $29.99 are $39.99 for my granddaughters age 10 and 6. years old.Inthe back of my mind i was thinking their cheap so might not last long but let me tell you they are great ,the girls havnt put them down just to eat and sleep they go all day long and the batteries are extra great the quality is wonderful im glad i got them id buy them again but these are holding up so im gonna wait a while and see thank you for the low prices of these they are perfect the girls Adalyn 10 and Aria 6 also thank you these wrer gifts for keeping A B honor roll all year they each had one B that kept then from A honor .
Thank you
Kathy J Balentine
Lexington,Alabama",7/23/2025,True,4.0,0.0,KJB56,English,Walmart,bazaarvoice
12835817248,"Straight Talk Samsung Galaxy A15, 64GB, 5G, Black - Prepaid Smartphone [Locked to Straight Talk]",Cell Phones,Walmart.com,F55CDC31AB754BB68FE0B39041159D63,39.88,IN_STOCK,4.3,9203,/ip/Straight-Talk-Samsung-Galaxy-A15-64GB-5G-Black-Prepaid-Smartphone-Locked-to-Straight-Talk/12835817248,"Straight Talk Samsung Galaxy A15, 64GB, 5G, Black - Prepaid Smartphone [Locked to Straight Talk]",Prepaid Android phones,5.0,No title,"For like 40 dollars this phone is amazing! The performance is pretty smooth, 90hz is really good for a phone this price. The processer is about 20% - 30% better than my previous a14. I can feel the difference. For example, my a14 struggles with cod on max everything it will go, but the a15 can do it with eezz, 20% may not seem like much but it is noticeable at least for me. Also this may be more on Walmart but this phone shipped to me really fast, it took 24 hours straight and it came. The build quality of this phone feels very nice compared to my a14. Although it is plastic, it's nice and smooth and not like starchy like my a14. 5/5 stars",6/14/2025,No recommendation,23.0,0.0,WalmartCustomer,English,unknown,bazaarvoice
12835817248,"Straight Talk Samsung Galaxy A15, 64GB, 5G, Black - Prepaid Smartphone [Locked to Straight Talk]",Cell Phones,Walmart.com,F55CDC31AB754BB68FE0B39041159D63,39.88,IN_STOCK,4.3,9203,/ip/Straight-Talk-Samsung-Galaxy-A15-64GB-5G-Black-Prepaid-Smartphone-Locked-to-Straight-Talk/12835817248,"Straight Talk Samsung Galaxy A15, 64GB, 5G, Black - Prepaid Smartphone [Locked to Straight Talk]",Prepaid Android phones,1.0,Do not waste your money!,"After setting up the phone, it quickly began to slow down. Within a week, it became almost unusable — constantly lagging, freezing, and barely functioning. I reached out to customer service, and they assured me they would help with a return. However, they claimed they couldn’t generate a return slip right away. I waited, but no one followed up. By the time I contacted them again, the return window had closed. Now they’re telling me to deal with the Straight Talk company directly. This entire experience has been a frustrating waste of time and money. The phone is now useless, and customer support has been no help at all.",5/26/2025,False,4.0,0.0,anonymous,English,Walmart,bazaarvoice
12835817248,"Straight Talk Samsung Galaxy A15, 64GB, 5G, Black - Prepaid Smartphone [Locked to Straight Talk]",Cell Phones,Walmart.com,F55CDC31AB754BB68FE0B39041159D63,39.88,IN_STOCK,4.3,9203,/ip/Straight-Talk-Samsung-Galaxy-A15-64GB-5G-Black-Prepaid-Smartphone-Locked-to-Straight-Talk/12835817248,"Straight Talk Samsung Galaxy A15, 64GB, 5G, Black - Prepaid Smartphone [Locked to Straight Talk]",Prepaid Android phones,5.0,Standard budget phone at a Walmart-only price 40,"Standard budget phone by Samsung at a Walmart-only price pf $40!
Understand that this is no flagship product. Excellent as a spare phone,
security camera video recorder, audio recorder and many other such uses.
Load your contacts and email accounts on this and keep it charged - as an active spare.
Then, When your main phone goes missing, no need to panick!",5/29/2025,True,7.0,0.0,Kannuvellil,English,Walmart,bazaarvoice
12835817248,"Straight Talk Samsung Galaxy A15, 64GB, 5G, Black - Prepaid Smartphone [Locked to Straight Talk]",Cell Phones,Walmart.com,F55CDC31AB754BB68FE0B39041159D63,39.88,IN_STOCK,4.3,9203,/ip/Straight-Talk-Samsung-Galaxy-A15-64GB-5G-Black-Prepaid-Smartphone-Locked-to-Straight-Talk/12835817248,"Straight Talk Samsung Galaxy A15, 64GB, 5G, Black - Prepaid Smartphone [Locked to Straight Talk]",Prepaid Android phones,4.0,No title,I waited over a year to get the right phone I make a sacrifice to get the phone since it was barely on a good deal with a good price I received the phone the SIM card is old and will not activate I have to wait for a museum called to activate it even then I don't know I will be able to use it I demand my money back it is not,06-02-2025,False,3.0,0.0,Aaron,English,Walmart,bazaarvoice
12835817248,"Straight Talk Samsung Galaxy A15, 64GB, 5G, Black - Prepaid Smartphone [Locked to Straight Talk]",Cell Phones,Walmart.com,F55CDC31AB754BB68FE0B39041159D63,39.88,IN_STOCK,4.3,9203,/ip/Straight-Talk-Samsung-Galaxy-A15-64GB-5G-Black-Prepaid-Smartphone-Locked-to-Straight-Talk/12835817248,"Straight Talk Samsung Galaxy A15, 64GB, 5G, Black - Prepaid Smartphone [Locked to Straight Talk]",Prepaid Android phones,4.0,great budget phone!,"i like the price and for a budget tier phone , if you are looking for a decent phone that will not break the bank you really can not beat it .",3/21/2026,True,0.0,0.0,justin,English,Walmart,bazaarvoice
12835817248,"Straight Talk Samsung Galaxy A15, 64GB, 5G, Black - Prepaid Smartphone [Locked to Straight Talk]",Cell Phones,Walmart.com,F55CDC31AB754BB68FE0B39041159D63,39.88,IN_STOCK,4.3,9203,/ip/Straight-Talk-Samsung-Galaxy-A15-64GB-5G-Black-Prepaid-Smartphone-Locked-to-Straight-Talk/12835817248,"Straight Talk Samsung Galaxy A15, 64GB, 5G, Black - Prepaid Smartphone [Locked to Straight Talk]",Prepaid Android phones,5.0,Works for me,I'm older so it takes time for me to learn new gadgets. It works well and isn't too difficult to understand.,02-06-2026,True,1.0,0.0,Elizabeth,English,Walmart,bazaarvoice
12835817248,"Straight Talk Samsung Galaxy A15, 64GB, 5G, Black - Prepaid Smartphone [Locked to Straight Talk]",Cell Phones,Walmart.com,F55CDC31AB754BB68FE0B39041159D63,39.88,IN_STOCK,4.3,9203,/ip/Straight-Talk-Samsung-Galaxy-A15-64GB-5G-Black-Prepaid-Smartphone-Locked-to-Straight-Talk/12835817248,"Straight Talk Samsung Galaxy A15, 64GB, 5G, Black - Prepaid Smartphone [Locked to Straight Talk]",Prepaid Android phones,4.0,Unnecessary Apps,"Some apps are not just out of date but no longer available for this model, which are installed and cannot be removed.",04-11-2026,False,0.0,0.0,L,English,Walmart,bazaarvoice
12835817248,"Straight Talk Samsung Galaxy A15, 64GB, 5G, Black - Prepaid Smartphone [Locked to Straight Talk]",Cell Phones,Walmart.com,F55CDC31AB754BB68FE0B39041159D63,39.88,IN_STOCK,4.3,9203,/ip/Straight-Talk-Samsung-Galaxy-A15-64GB-5G-Black-Prepaid-Smartphone-Locked-to-Straight-Talk/12835817248,"Straight Talk Samsung Galaxy A15, 64GB, 5G, Black - Prepaid Smartphone [Locked to Straight Talk]",Prepaid Android phones,4.0,Great,"I like the phone, still learning, navigating!. I lost my.old phone. It was giving me problems. Time to get a new cell phone!.Thank you!",4/29/2026,True,0.0,0.0,Fashionista,English,unknown,bazaarvoice
12835817248,"Straight Talk Samsung Galaxy A15, 64GB, 5G, Black - Prepaid Smartphone [Locked to Straight Talk]",Cell Phones,Walmart.com,F55CDC31AB754BB68FE0B39041159D63,39.88,IN_STOCK,4.3,9203,/ip/Straight-Talk-Samsung-Galaxy-A15-64GB-5G-Black-Prepaid-Smartphone-Locked-to-Straight-Talk/12835817248,"Straight Talk Samsung Galaxy A15, 64GB, 5G, Black - Prepaid Smartphone [Locked to Straight Talk]",Prepaid Android phones,1.0,Poor activation process,"Ordered 2 on delivery, one apparently didn't scan right so it can't be activated.  Support suggests taking it to the store.  Seems like a huge waste of time.",12/25/2025,False,0.0,0.0,Jon,English,Walmart,bazaarvoice
12835817248,"Straight Talk Samsung Galaxy A15, 64GB, 5G, Black - Prepaid Smartphone [Locked to Straight Talk]",Cell Phones,Walmart.com,F55CDC31AB754BB68FE0B39041159D63,39.88,IN_STOCK,4.3,9203,/ip/Straight-Talk-Samsung-Galaxy-A15-64GB-5G-Black-Prepaid-Smartphone-Locked-to-Straight-Talk/12835817248,"Straight Talk Samsung Galaxy A15, 64GB, 5G, Black - Prepaid Smartphone [Locked to Straight Talk]",Prepaid Android phones,1.0,Slow Phone Slow Slow,"Phone is super slow and laggy. would not recommend to buy as the color is blue and its listed as black, also the phonenis jsut teribbly slow to open apps or move sround to do anything.",1/22/2026,False,0.0,0.0,JAKE,English,Walmart,bazaarvoice
12835817248,"Straight Talk Samsung Galaxy A15, 64GB, 5G, Black - Prepaid Smartphone [Locked to Straight Talk]",Cell Phones,Walmart.com,F55CDC31AB754BB68FE0B39041159D63,39.88,IN_STOCK,4.3,9203,/ip/Straight-Talk-Samsung-Galaxy-A15-64GB-5G-Black-Prepaid-Smartphone-Locked-to-Straight-Talk/12835817248,"Straight Talk Samsung Galaxy A15, 64GB, 5G, Black - Prepaid Smartphone [Locked to Straight Talk]",Prepaid Android phones,5.0,No title,When I first got a galaxy I didn't like it..Now I really like al the futures it has to offer. The only thing that I have to complain about is the storage otherwise great product.,12/27/2025,True,0.0,0.0,Kimberlee,English,Walmart,bazaarvoice
12835817248,"Straight Talk Samsung Galaxy A15, 64GB, 5G, Black - Prepaid Smartphone [Locked to Straight Talk]",Cell Phones,Walmart.com,F55CDC31AB754BB68FE0B39041159D63,39.88,IN_STOCK,4.3,9203,/ip/Straight-Talk-Samsung-Galaxy-A15-64GB-5G-Black-Prepaid-Smartphone-Locked-to-Straight-Talk/12835817248,"Straight Talk Samsung Galaxy A15, 64GB, 5G, Black - Prepaid Smartphone [Locked to Straight Talk]",Prepaid Android phones,5.0,No title,"Yes, I do love this phone and I recommend it. It has all the features that I need as well as good camera footage and I would definitely recommend it. Thank you.",1/29/2026,No recommendation,0.0,0.0,April,English,Walmart,bazaarvoice
12835817248,"Straight Talk Samsung Galaxy A15, 64GB, 5G, Black - Prepaid Smartphone [Locked to Straight Talk]",Cell Phones,Walmart.com,F55CDC31AB754BB68FE0B39041159D63,39.88,IN_STOCK,4.3,9203,/ip/Straight-Talk-Samsung-Galaxy-A15-64GB-5G-Black-Prepaid-Smartphone-Locked-to-Straight-Talk/12835817248,"Straight Talk Samsung Galaxy A15, 64GB, 5G, Black - Prepaid Smartphone [Locked to Straight Talk]",Prepaid Android phones,5.0,not worth the money!!,I disliked that the phone would just close out no matter what I was reading or listening. Then I could never get back to the page I was on. BAD PHONE!!,12/30/2025,False,0.0,0.0,Linda,English,Walmart,bazaarvoice
12835817248,"Straight Talk Samsung Galaxy A15, 64GB, 5G, Black - Prepaid Smartphone [Locked to Straight Talk]",Cell Phones,Walmart.com,F55CDC31AB754BB68FE0B39041159D63,39.88,IN_STOCK,4.3,9203,/ip/Straight-Talk-Samsung-Galaxy-A15-64GB-5G-Black-Prepaid-Smartphone-Locked-to-Straight-Talk/12835817248,"Straight Talk Samsung Galaxy A15, 64GB, 5G, Black - Prepaid Smartphone [Locked to Straight Talk]",Prepaid Android phones,1.0,No title,"I guess it’s OK. I never got a chance to use it. Someone stole it from my house that are misplaced yet. I didn’t even chance to look into it. I think it’s one you have to pay. Do you have a SIM card and then have it turned on? Anyway, I lost it.",02-06-2026,No recommendation,0.0,0.0,Dora,English,Walmart,bazaarvoice
19209163478,"Samsung Galaxy S26 Ultra 256GB Smartphone Unlocked, Cobalt Violet",Cell Phones,Gotham Cells,4774B63055DE423D8BB399DD0AD29593,1049.99,IN_STOCK,4.8,12296,/ip/M3-256GB-Cobalt-Violet/19209163478,"Samsung Galaxy S26 Ultra 512GB Smartphone Unlocked, White",All Samsung Galaxy Unlocked Phones,5.0,Love the camera!,"[This review was collected as part of a promotion.] Upgraded to the Samsung Galaxy S26 Ultra and yep… I get it now.

The camera makes everything look elite (even my very average meals), the battery just refuses to die, and the screen is so smooth it feels illegal.

Only downside? Now I expect everything else in my life to perform this well.

10/10. No regrets.",05-04-2026,True,0.0,0.0,Shoppy,English,unknown,bazaarvoice
19209163478,"Samsung Galaxy S26 Ultra 256GB Smartphone Unlocked, Cobalt Violet",Cell Phones,Gotham Cells,4774B63055DE423D8BB399DD0AD29593,1049.99,IN_STOCK,4.8,12296,/ip/M3-256GB-Cobalt-Violet/19209163478,"Samsung Galaxy S26 Ultra 512GB Smartphone Unlocked, White",All Samsung Galaxy Unlocked Phones,5.0,Excellent product,"[This review was collected as part of a promotion.] Coming from an S21 I was sure what to expect.
My S21 would need to be charged by mid afternoon and was beginning to be a.pain.
This S26 Ultra ihas insane battery life. 
I finish the day with at least 74% battery. 
The speed of the processor is fantastic. 
It's very quick and the overall feel is of quality.
Very happy with the upgrade and would highly recommend.",5/16/2026,True,0.0,0.0,Doc71,English,unknown,bazaarvoice
19209163478,"Samsung Galaxy S26 Ultra 256GB Smartphone Unlocked, Cobalt Violet",Cell Phones,Gotham Cells,4774B63055DE423D8BB399DD0AD29593,1049.99,IN_STOCK,4.8,12296,/ip/M3-256GB-Cobalt-Violet/19209163478,"Samsung Galaxy S26 Ultra 512GB Smartphone Unlocked, White",All Samsung Galaxy Unlocked Phones,5.0,Shot some epic fireworks with S26 Ultra,"[Employee of samsung-en_nz] I am one of the lucky ones to have my hands on the S26 Ultra. I took it to the lantern festival and took a lot of epic photos of the lights and fireworks.  what really surprised me was I found out i took the exact same photo with my daughter who is on A33 - both photos are great but then i realized hers only got the fireworks in terms of brightness (we both just point and shoot) but mine, the S26 Ultra actually captured all the color variations that the human eye saw.  The hint of purple, red and orange, the sparks, smoke - those are all there whereas my daughter's photo was just a bright yellowish sparkle.",03-01-2026,True,1.0,0.0,Kanz,English,unknown,bazaarvoice
19209163478,"Samsung Galaxy S26 Ultra 256GB Smartphone Unlocked, Cobalt Violet",Cell Phones,Gotham Cells,4774B63055DE423D8BB399DD0AD29593,1049.99,IN_STOCK,4.8,12296,/ip/M3-256GB-Cobalt-Violet/19209163478,"Samsung Galaxy S26 Ultra 512GB Smartphone Unlocked, White",All Samsung Galaxy Unlocked Phones,5.0,Best All-rounder Phone,"Being with Samsung for more than a decade and half starting with my humble Galaxy Pocket back in 2012 to my first top-of-the-line S26 Ultra. From using a barebones basic touchscreen to the ever gigantic yet gorgeous and vibrant Dynamic AMOLED 2x display and thanks to the innovative Privacy Display we will never have to worry about peepers in public. Slowdowns? Lags? Never a chance when using this phone, from intensive tasks to serious gaming at high graphics, although the phone might get warm as every other phone, especially in this Philippine weather. Coming from the trauma that I had with my S22 being hot as the sun and the horrible battery life, it's a story of the past as my S26 Ultra lasts through the day while also being cool thanks to it's better thermals. First time having camera with 100x Space Zoom, the moon never looked so good until now. The random photos and videos I took were on the spot flawless. Let's not forget the S Pen, the secret weapon no other phone has, really enjoing this nifty pen from writing notes to random scribbles, although I the bluetooth features we're brought back. Overall, why fix an already perfect phone? With just design refinements from the previous series, this makes my first Ultra phone super worth-it.",5/14/2026,True,0.0,0.0,Unknown,English,unknown,bazaarvoice
19209163478,"Samsung Galaxy S26 Ultra 256GB Smartphone Unlocked, Cobalt Violet",Cell Phones,Gotham Cells,4774B63055DE423D8BB399DD0AD29593,1049.99,IN_STOCK,4.8,12296,/ip/M3-256GB-Cobalt-Violet/19209163478,"Samsung Galaxy S26 Ultra 512GB Smartphone Unlocked, White",All Samsung Galaxy Unlocked Phones,4.0,"Think but not 100% thin, think is better.","[This review was collected as part of a promotion.] heat control is great, fast processor and cool private display. It is thin and light, but I don't need light and that thin because the camera can't be thin. The best is if Samsung can utilize the room for battery, make it thick flat with the camera and put 20,000mah battery, thats will be great. Make some option for customer, thick with great battery or thin light with standard battery.",5/15/2026,True,0.0,0.0,ATWNZ,English,unknown,bazaarvoice
19209163478,"Samsung Galaxy S26 Ultra 256GB Smartphone Unlocked, Cobalt Violet",Cell Phones,Gotham Cells,4774B63055DE423D8BB399DD0AD29593,1049.99,IN_STOCK,4.8,12296,/ip/M3-256GB-Cobalt-Violet/19209163478,"Samsung Galaxy S26 Ultra 512GB Smartphone Unlocked, White",All Samsung Galaxy Unlocked Phones,5.0,No title,"The Samsung Galaxy S26 Ultra honestly feels like one of those phones where Samsung just decided to go all out. The display is gorgeous, performance is ridiculously smooth, and the cameras have that signature Samsung look that makes photos and videos feel vibrant and cinematic right away.
What I like most is how complete the experience feels. Great battery life, powerful zoom, smooth multitasking, the S Pen, premium build quality — everything about it screams flagship. It's the kind of phone that makes you excited to use it every day.
The S26 Ultra doesn't just feel expensive for the sake of it — it genuinely feels polished, powerful, and built for people who want the best Samsung can offer.",5/16/2026,True,0.0,0.0,Ash0831,English,unknown,bazaarvoice
19209163478,"Samsung Galaxy S26 Ultra 256GB Smartphone Unlocked, Cobalt Violet",Cell Phones,Gotham Cells,4774B63055DE423D8BB399DD0AD29593,1049.99,IN_STOCK,4.8,12296,/ip/M3-256GB-Cobalt-Violet/19209163478,"Samsung Galaxy S26 Ultra 256GB Smartphone Unlocked, Cobalt Violet",All Samsung Galaxy Unlocked Phones,5.0,Durable as a Rock,"I pre-ordered and traded my s24 ultra. Quite a bit sad that I cannot use the stylus capturing but the quality of camera in this one is reallt top-notch. So happy with the purchase and been able to connect it to my samsung ultra watch  ❤️ the battery can last up to a day with maximized use. Really durable!! I dropped it a few times already and still look unscathed lol. The display is also good, loving the flagship feature of privacy display. Overall, the performance is Great!",5/16/2026,True,0.0,0.0,Unknown,English,unknown,bazaarvoice
19209163478,"Samsung Galaxy S26 Ultra 256GB Smartphone Unlocked, Cobalt Violet",Cell Phones,Gotham Cells,4774B63055DE423D8BB399DD0AD29593,1049.99,IN_STOCK,4.8,12296,/ip/M3-256GB-Cobalt-Violet/19209163478,"Samsung Galaxy S26 Ultra 512GB Smartphone Unlocked, White",All Samsung Galaxy Unlocked Phones,5.0,Loving this S26 ultra!,"​The Samsung S26 Ultra feels like home.
Battery lasts long (but I still bring along a power bank esp when continuously using it on a trip).  It snaps incredible photos at any time of day—dawn, midday, dusk, or night...easily opens apps..
 It's also noticebly lighter and thinner than the S25 Ultra. I absolutely love this phone! Just make sure to buy a screen protector and a case right away (I highly recommend Spigen); it would break my heart if this beautiful screen cracked from a fall.",5/16/2026,True,0.0,0.0,Chicca,English,unknown,bazaarvoice
19209163478,"Samsung Galaxy S26 Ultra 256GB Smartphone Unlocked, Cobalt Violet",Cell Phones,Gotham Cells,4774B63055DE423D8BB399DD0AD29593,1049.99,IN_STOCK,4.8,12296,/ip/M3-256GB-Cobalt-Violet/19209163478,"Samsung Galaxy S26 Ultra 512GB Smartphone Unlocked, White",All Samsung Galaxy Unlocked Phones,5.0,Best Phone Ever!,"I bought the Samsung S26 Ultra mainly as my concert camera phone, and even exceeded my expectations. Even though I haven't fully mastered shooting high-quality videos yet, the output is simply amazing — crisp, vibrant, and perfect for capturing live performances.

What really stands out for me is the AI-powered features. The Photo Assist tool is a game-changer: it lets me edit people out of the background effortlessly, making my shots look clean and professional.

Battery life is also decent — reliable enough to last through long events without worrying about running out of power.

Overall, the S26 Ultra is a powerhouse for anyone who loves photography, videography, or just wants a phone that delivers both performance and creativity.",5/16/2026,True,0.0,0.0,xinea,English,unknown,bazaarvoice
19209163478,"Samsung Galaxy S26 Ultra 256GB Smartphone Unlocked, Cobalt Violet",Cell Phones,Gotham Cells,4774B63055DE423D8BB399DD0AD29593,1049.99,IN_STOCK,4.8,12296,/ip/M3-256GB-Cobalt-Violet/19209163478,"Samsung Galaxy S26 Ultra 512GB Smartphone Unlocked, White",All Samsung Galaxy Unlocked Phones,5.0,Deserves the name ULTRA!,"Never thought I would go for this higher end phone.I have been a long term Samsung Galaxy user...from the S8, to S11, to S 21+,, now this. I have no regrets, but just that I was happy to take the Ultra plunge.Of course it helped that there was free storage upgrade! Battery life was great! The display was excellent! Glad that there was a built in privacy option!. The high ram of course helps with speed and performance. Excellent photos with great options. Love the macro feature! The phones feels like it is built to last. as with other Galaxy models.Like I said, no regrets! Love the speakers also, as well as the individual app tweaks like sound, notifs etc. Using another phone to take a picture of the unit does not do it justice.",5/17/2026,True,0.0,0.0,yokolok63,English,unknown,bazaarvoice
19209163478,"Samsung Galaxy S26 Ultra 256GB Smartphone Unlocked, Cobalt Violet",Cell Phones,Gotham Cells,4774B63055DE423D8BB399DD0AD29593,1049.99,IN_STOCK,4.8,12296,/ip/M3-256GB-Cobalt-Violet/19209163478,"Samsung Galaxy S26 Ultra 512GB Smartphone Unlocked, White",All Samsung Galaxy Unlocked Phones,5.0,Best Mother's day Gift to self!!!,"Bought this for myself as a gift for mother's day. I used to have an S3 way back then, and switched to the competitor. Now, I went back to Samsung and man, I was so surprised with how AI technology had improved everything for this phone. Its like having an assistant that understands and takes care of you 24/7. Even Recommends things you wouldn't even thought of, based on how you use your phone. It was a last minute decision to get the Ultra instead of the S26 but I made the right choice. The experience of the Ultra is really worth it.",5/16/2026,True,0.0,0.0,JoyceA,English,unknown,bazaarvoice
19209163478,"Samsung Galaxy S26 Ultra 256GB Smartphone Unlocked, Cobalt Violet",Cell Phones,Gotham Cells,4774B63055DE423D8BB399DD0AD29593,1049.99,IN_STOCK,4.8,12296,/ip/M3-256GB-Cobalt-Violet/19209163478,"Samsung Galaxy S26 Ultra 256GB Smartphone Unlocked, Cobalt Violet",All Samsung Galaxy Unlocked Phones,5.0,S26 ULTRA 🥇,"I really love the new S26 Ultra. It's lightweight; even one hand can use it. The new privacy screen really helps when using mobile banking in public. Thumbs up for that! The camera—where do I begin? It's like shooting with a mirrorless camera; the quality of the pictures is that good. Overall, I really love using it and it's worth the price because of the many promos and the trade-in program. 🔅🔆🔅🔆🔅🔆",5/16/2026,True,0.0,0.0,abbiieebiee,English,unknown,bazaarvoice
19209163478,"Samsung Galaxy S26 Ultra 256GB Smartphone Unlocked, Cobalt Violet",Cell Phones,Gotham Cells,4774B63055DE423D8BB399DD0AD29593,1049.99,IN_STOCK,4.8,12296,/ip/M3-256GB-Cobalt-Violet/19209163478,"Samsung Galaxy S26 Ultra 512GB Smartphone Unlocked, White",All Samsung Galaxy Unlocked Phones,5.0,Innovation at its Finest,"Samsung Galaxy S26 Ultra, I can honestly say it has exceeded my expectations in every way. From my day-to-day activities to work, communication, entertainment, and productivity, this phone has truly enhanced my lifestyle and improved the way I interact with everything around me.

The performance is incredibly smooth, the features are top-notch, and the overall experience feels premium and reliable. Every detail—from the camera quality to the display and battery life—shows Samsung's commitment to innovation and excellence.

What impressed me even more is its durability and solid build quality. The phone feels exceptionally well-crafted, sturdy, and dependable, giving me confidence that it can handle everyday use while still maintaining its elegant and premium design.

I'm very satisfied with my purchase and genuinely loving every moment of using it. Without a doubt, this is one of the best smartphones I've ever owned. Highly recommended!",5/23/2026,No recommendation,0.0,0.0,Alon,English,unknown,bazaarvoice
19209163478,"Samsung Galaxy S26 Ultra 256GB Smartphone Unlocked, Cobalt Violet",Cell Phones,Gotham Cells,4774B63055DE423D8BB399DD0AD29593,1049.99,IN_STOCK,4.8,12296,/ip/M3-256GB-Cobalt-Violet/19209163478,"Samsung Galaxy S26 Ultra 512GB Smartphone Unlocked, White",All Samsung Galaxy Unlocked Phones,5.0,Flagship just took a whole new meaning,"[This review was collected as part of a promotion.] I got the s26 Ultra last week and I couldn't be happier,  this phone takes technology to another level an certainly puts competitors to shame. The camera quality and steady video mode are unrivalled and the privacy screen is not only handy but a great tool for privacy. Samsung clearly thought of ways to improve and surprise its customers

All competitors should take notice and try to catch up",5/20/2026,True,0.0,0.0,CamZ,English,unknown,bazaarvoice
19209163478,"Samsung Galaxy S26 Ultra 256GB Smartphone Unlocked, Cobalt Violet",Cell Phones,Gotham Cells,4774B63055DE423D8BB399DD0AD29593,1049.99,IN_STOCK,4.8,12296,/ip/M3-256GB-Cobalt-Violet/19209163478,"Samsung Galaxy S26 Ultra 512GB Smartphone Unlocked, White",All Samsung Galaxy Unlocked Phones,5.0,Unbelievably amazing!,[This review was collected as part of a promotion.] I have been with telstra for many years now and they continue to impress. They have amazing promotions as well as products. The s26 ultra has been unreal! The added AI to assist with captured photos is a really cool feature as well as the in built privacy screen. The s26 ultra is also extremely robust and very well built. I will be continuing to use samsung products as long as I live. Couldn't fault them a single bit !,5/20/2026,True,0.0,0.0,BigZ,English,unknown,bazaarvoice
19209163478,"Samsung Galaxy S26 Ultra 256GB Smartphone Unlocked, Cobalt Violet",Cell Phones,Gotham Cells,4774B63055DE423D8BB399DD0AD29593,1049.99,IN_STOCK,4.8,12296,/ip/M3-256GB-Cobalt-Violet/19209163478,"Samsung Galaxy S26 Ultra 512GB Smartphone Unlocked, White",All Samsung Galaxy Unlocked Phones,5.0,The S26 Ultra: My Operational Command Center,"People ask me how I manage running operations at STMPC, keeping up with my twin boys, and planning business trips to China—all while staying sane. Honestly? It's not just ""luck."" It's about having a system that works as hard as I do. My Samsung Galaxy S26 Ultra isn't just a phone; it's the centerpiece of my day-to-day ""masterplan."" 

Whether I'm snapping photos of Mochi, capturing reference shots for a trade booth, or filming content for our latest projects, I need results, not excuses. The camera on the S26 Ultra is my go-to for speed. I love being able to grab a high-quality shot in low light during a dinner or zoom into a detail at a meeting without losing clarity. And the AI editing? It's a lifesaver. I can pull a photo or video into my creative flow, tweak it, and have it ready for marketing now—not an hour from now. It's professional-grade output, but with the ""mom-on-the-go"" speed I actually need.
The Ecosystem: My Workflow's Backbone
I don't have time for tech that fights me. My goal is total, seamless integration:
• The Workflow Sync: Between my Galaxy Book4 at the office and my Tab S10 FE when I'm on the move, the transition is flawless. I can be reviewing an Excel requisition form on my tablet and jump straight into a call on my phone. No setup, no delays.
• Audio Discipline: My Galaxy Buds4 Pro are vital. They handle the switch between my devices automatically, which means I can go from a serious client meeting to a quick catch-up with the kids without missing a beat.
• Total Control: Wearing my Galaxy Watch FE, I'm always on top of my schedule. It's that constant, low-effort awareness that keeps me from missing a deadline—whether that's a corporate milestone or a school-related task. 

I value things that provide structure and efficiency. The S26 Ultra and its ecosystem don't just ""look good""—they make my life run better. They allow me to be everywhere I need to be, handling everything from business logic to family moments, without the digital clutter. If you're like me and need your tools to act as a force multiplier for your productivity, this is the only setup that makes sense.",5/22/2026,True,0.0,0.0,Timmyrose,English,unknown,bazaarvoice
19209163478,"Samsung Galaxy S26 Ultra 256GB Smartphone Unlocked, Cobalt Violet",Cell Phones,Gotham Cells,4774B63055DE423D8BB399DD0AD29593,1049.99,IN_STOCK,4.8,12296,/ip/M3-256GB-Cobalt-Violet/19209163478,"Samsung Galaxy S26 Ultra 512GB Smartphone Unlocked, White",All Samsung Galaxy Unlocked Phones,3.0,Not Bad,[This review was collected as part of a promotion.] I bouhght this a week ago and i am having issues connecting to my car... i have taken it to an auto electrian only to be told that it wont do as my s22 ultra did...i cant get my gps to work and the names on my phone are not showing up on my screen...i am a little disappointed,5/21/2026,False,0.0,0.0,Marycanary,English,unknown,bazaarvoice
19209163478,"Samsung Galaxy S26 Ultra 256GB Smartphone Unlocked, Cobalt Violet",Cell Phones,Gotham Cells,4774B63055DE423D8BB399DD0AD29593,1049.99,IN_STOCK,4.8,12296,/ip/M3-256GB-Cobalt-Violet/19209163478,"Samsung Galaxy S26 Ultra 512GB Smartphone Unlocked, White",All Samsung Galaxy Unlocked Phones,5.0,Fantastic device,"[This review was collected as part of a promotion.] Upgraded from S21 ultra to the S26 ultra and I am very impressed with the overall quality, user interface and especially the incredible photography. I didn't think there would be such a big noticeable and impressive improvement!",5/22/2026,True,0.0,0.0,JTNPBM,English,unknown,bazaarvoice
19209163478,"Samsung Galaxy S26 Ultra 256GB Smartphone Unlocked, Cobalt Violet",Cell Phones,Gotham Cells,4774B63055DE423D8BB399DD0AD29593,1049.99,IN_STOCK,4.8,12296,/ip/M3-256GB-Cobalt-Violet/19209163478,"Samsung Galaxy S26 Ultra 512GB Smartphone Unlocked, White",All Samsung Galaxy Unlocked Phones,5.0,Fast powerful and easy to use.,"[This review was collected as part of a promotion.] I found the Ultra S26 quicker, more powerful, and with lots of new features.  After about 1 day I was feeling quite at home, but it felt better as well. It is able to connect with other devices easier. I'm also happier with the battery options even though they are reasonably similar. You just have to try it to believe it.",5/22/2026,True,0.0,0.0,71 yo,English,unknown,bazaarvoice
19209163478,"Samsung Galaxy S26 Ultra 256GB Smartphone Unlocked, Cobalt Violet",Cell Phones,Gotham Cells,4774B63055DE423D8BB399DD0AD29593,1049.99,IN_STOCK,4.8,12296,/ip/M3-256GB-Cobalt-Violet/19209163478,"Samsung Galaxy S26 Ultra 512GB Smartphone Unlocked, White",All Samsung Galaxy Unlocked Phones,5.0,WOW,[This review was collected as part of a promotion.] Jeepers creepers this is one awesome phone It's got style it's got Grace if you lose it you can pay a couple hundred dollars to get it replaced. There's nothing better I've been quite savvy whatever you do you gotta do a Samsun Galaxy,5/22/2026,True,0.0,0.0,Unknown,English,unknown,bazaarvoice
5289658885,"Straight Talk HMD Vibe, 64GB, Black - Prepaid Smartphone [Locked to Straight Talk]",Cell Phones,Walmart.com,F55CDC31AB754BB68FE0B39041159D63,39.88,IN_STOCK,3.6,1079,/ip/Straight-Talk-Nokia-HMD-Vibe-64GB-Black-Prepaid-Smartphone-Locked-to-Straight-Talk/5289658885,"Straight Talk HMD Vibe, 64GB, Black - Prepaid Smartphone [Locked to Straight Talk]",Prepaid Android phones,5.0,No title,great screen size. big to help you see. slender in size to help you grip it. lots of features. like sos to help in a emergency. realy nice phone for the price.,10-05-2024,No recommendation,10.0,2.0,david,English,Walmart,bazaarvoice
5289658885,"Straight Talk HMD Vibe, 64GB, Black - Prepaid Smartphone [Locked to Straight Talk]",Cell Phones,Walmart.com,F55CDC31AB754BB68FE0B39041159D63,39.88,IN_STOCK,3.6,1079,/ip/Straight-Talk-Nokia-HMD-Vibe-64GB-Black-Prepaid-Smartphone-Locked-to-Straight-Talk/5289658885,"Straight Talk HMD Vibe, 64GB, Black - Prepaid Smartphone [Locked to Straight Talk]",Prepaid Android phones,5.0,No title,"I love the phone seeing how it is an Android. Even though it is cheaper than most phones people would prefer, the features on this phone is crisper like an expensive $1000 Galaxy. I would buy this phone over any $1000 phone any day of the week. Works just the same if not better than the expensive phones, I would save the money and buy this one. Who cares if it is a track phone, it comes with unlimited service plans along with other plans for what ever fits your needs. If my spouse let me buy this phone like I wanted since I met him, he would of saved a lot of money over the years. He never listens to anyone or anything but himself anyway. If it fits you, buy it. I wouldn't wanna fit in the crowd if it was expensive. You are working long hours for nothing if you don't.",3/25/2025,True,0.0,0.0,Kristi,English,Walmart,bazaarvoice
5289658885,"Straight Talk HMD Vibe, 64GB, Black - Prepaid Smartphone [Locked to Straight Talk]",Cell Phones,Walmart.com,F55CDC31AB754BB68FE0B39041159D63,39.88,IN_STOCK,3.6,1079,/ip/Straight-Talk-Nokia-HMD-Vibe-64GB-Black-Prepaid-Smartphone-Locked-to-Straight-Talk/5289658885,"Straight Talk HMD Vibe, 64GB, Black - Prepaid Smartphone [Locked to Straight Talk]",Prepaid Android phones,3.0,No title,phone probably great but Walmart did not  scan it soni have to gto the store tobit it scanned so i can get my phone service turned on second phone from Walmart that this has happened very disappointed being handicapped makes it more  difficult think tjey care doubtfully,12/31/2024,No recommendation,0.0,0.0,Lee,English,Walmart,bazaarvoice
5289658885,"Straight Talk HMD Vibe, 64GB, Black - Prepaid Smartphone [Locked to Straight Talk]",Cell Phones,Walmart.com,F55CDC31AB754BB68FE0B39041159D63,39.88,IN_STOCK,3.6,1079,/ip/Straight-Talk-Nokia-HMD-Vibe-64GB-Black-Prepaid-Smartphone-Locked-to-Straight-Talk/5289658885,"Straight Talk HMD Vibe, 64GB, Black - Prepaid Smartphone [Locked to Straight Talk]",Prepaid Android phones,2.0,No title,"We had to get a ride all the way to Walmart just to get the phone scanned out properly. And instead of just re scanning it, the lady at customer service insisted that we had to go and rebuy the phone even though one of her coworkers said that all we had to do is re scan it. The lady insisted that we were wanting to buy a different one even though that was the opposite of what we said",11/24/2024,No recommendation,1.0,0.0,WalmartCustomer,English,unknown,bazaarvoice
5289658885,"Straight Talk HMD Vibe, 64GB, Black - Prepaid Smartphone [Locked to Straight Talk]",Cell Phones,Walmart.com,F55CDC31AB754BB68FE0B39041159D63,39.88,IN_STOCK,3.6,1079,/ip/Straight-Talk-Nokia-HMD-Vibe-64GB-Black-Prepaid-Smartphone-Locked-to-Straight-Talk/5289658885,"Straight Talk HMD Vibe, 64GB, Black - Prepaid Smartphone [Locked to Straight Talk]",Prepaid Android phones,1.0,Don't buy! Can't activate!,"Should have read the reviews first before buying this. I bought this phone along with a straight talk card and I was not able to activate it when it arrived. I called straight talk and they said I had to bring the phone to Walmart to be scanned properly. I've seen multiple reviews now about this same issue, you'd think that's something they would resolve. Very disappointed!!!",10-12-2024,No recommendation,8.0,2.0,Cory,English,Walmart,bazaarvoice
5289658885,"Straight Talk HMD Vibe, 64GB, Black - Prepaid Smartphone [Locked to Straight Talk]",Cell Phones,Walmart.com,F55CDC31AB754BB68FE0B39041159D63,39.88,IN_STOCK,3.6,1079,/ip/Straight-Talk-Nokia-HMD-Vibe-64GB-Black-Prepaid-Smartphone-Locked-to-Straight-Talk/5289658885,"Straight Talk HMD Vibe, 64GB, Black - Prepaid Smartphone [Locked to Straight Talk]",Prepaid Android phones,1.0,Never order a cell phone on walmart.com site again,This is the 2nd phone I have ordered on line threw walmart.com web site to replace my broken phone. The phones that they are sending in the mail shipments are not activated and unable to connect to straight talk service even though they say they are straight talk phones on the Walmart website so then I have to take the phone back to the nearest Walmart which is more than a half hour away from where I live and not where I got the phone because it ordered it online and return it to them because there's nothing they can do about it and then I have to start all over again this is very frustrating and I expect more from Walmart,09-06-2024,No recommendation,7.0,1.0,Just,English,Walmart,bazaarvoice
5289658885,"Straight Talk HMD Vibe, 64GB, Black - Prepaid Smartphone [Locked to Straight Talk]",Cell Phones,Walmart.com,F55CDC31AB754BB68FE0B39041159D63,39.88,IN_STOCK,3.6,1079,/ip/Straight-Talk-Nokia-HMD-Vibe-64GB-Black-Prepaid-Smartphone-Locked-to-Straight-Talk/5289658885,"Straight Talk HMD Vibe, 64GB, Black - Prepaid Smartphone [Locked to Straight Talk]",Prepaid Android phones,1.0,hmmm,got this phone. don't know if it works or not. went to activate the phone and was told that the phone wasn't scanned properly. and I needed to take it back to Walmart for a refund. cant refund because time went out. so I am stuck with a phone that I can't use.,8/25/2024,No recommendation,5.0,0.0,MaryJane,English,Walmart,bazaarvoice
5289658885,"Straight Talk HMD Vibe, 64GB, Black - Prepaid Smartphone [Locked to Straight Talk]",Cell Phones,Walmart.com,F55CDC31AB754BB68FE0B39041159D63,39.88,IN_STOCK,3.6,1079,/ip/Straight-Talk-Nokia-HMD-Vibe-64GB-Black-Prepaid-Smartphone-Locked-to-Straight-Talk/5289658885,"Straight Talk HMD Vibe, 64GB, Black - Prepaid Smartphone [Locked to Straight Talk]",Prepaid Android phones,1.0,No title,i dnt like this phone. it has a lot of memory however it backs out when ur trying to type. it lags getting notifications or wont even show up till said app is open.,08-12-2024,No recommendation,3.0,0.0,Kami,English,Walmart,bazaarvoice
5289658885,"Straight Talk HMD Vibe, 64GB, Black - Prepaid Smartphone [Locked to Straight Talk]",Cell Phones,Walmart.com,F55CDC31AB754BB68FE0B39041159D63,39.88,IN_STOCK,3.6,1079,/ip/Straight-Talk-Nokia-HMD-Vibe-64GB-Black-Prepaid-Smartphone-Locked-to-Straight-Talk/5289658885,"Straight Talk HMD Vibe, 64GB, Black - Prepaid Smartphone [Locked to Straight Talk]",Prepaid Android phones,1.0,Worst phone.,"How I hate this phone. Let me count the ways. First, when I try to text anything the keyboard pops up then disappears. Then flashes. I need it for work. There is no gallery to see my photos. Mind you. I need these two things in order to do my job. I have never hated a phone.",4/17/2025,False,0.0,0.0,Elizabeth,English,Walmart,bazaarvoice
5289658885,"Straight Talk HMD Vibe, 64GB, Black - Prepaid Smartphone [Locked to Straight Talk]",Cell Phones,Walmart.com,F55CDC31AB754BB68FE0B39041159D63,39.88,IN_STOCK,3.6,1079,/ip/Straight-Talk-Nokia-HMD-Vibe-64GB-Black-Prepaid-Smartphone-Locked-to-Straight-Talk/5289658885,"Straight Talk HMD Vibe, 64GB, Black - Prepaid Smartphone [Locked to Straight Talk]",Prepaid Android phones,1.0,No title,I never received my item and when i called customer care they only refunded me the money not another phone. I purchased this phone because it was a black friday deal price very unhappy. my advice to all walmart customers that are purchasing online order make sure your order is always signed for.  Amazon likes to take pictures of your iteams at different addresses then go back and pick up the order not all Amazon or door dash people are loyal please be alert of these type of people.,12/27/2024,No recommendation,0.0,0.0,Erica,English,Walmart,bazaarvoice
5289658885,"Straight Talk HMD Vibe, 64GB, Black - Prepaid Smartphone [Locked to Straight Talk]",Cell Phones,Walmart.com,F55CDC31AB754BB68FE0B39041159D63,39.88,IN_STOCK,3.6,1079,/ip/Straight-Talk-Nokia-HMD-Vibe-64GB-Black-Prepaid-Smartphone-Locked-to-Straight-Talk/5289658885,"Straight Talk HMD Vibe, 64GB, Black - Prepaid Smartphone [Locked to Straight Talk]",Prepaid Android phones,2.0,No title,Bought this phone for my kid and tried having it activated and they said it was something Walmart didn't do so we couldn't activate the phone.so we where out money for a phone we couldn't activate,1/15/2025,No recommendation,0.0,0.0,Olivia,English,Walmart,bazaarvoice
5289658885,"Straight Talk HMD Vibe, 64GB, Black - Prepaid Smartphone [Locked to Straight Talk]",Cell Phones,Walmart.com,F55CDC31AB754BB68FE0B39041159D63,39.88,IN_STOCK,3.6,1079,/ip/Straight-Talk-Nokia-HMD-Vibe-64GB-Black-Prepaid-Smartphone-Locked-to-Straight-Talk/5289658885,"Straight Talk HMD Vibe, 64GB, Black - Prepaid Smartphone [Locked to Straight Talk]",Prepaid Android phones,1.0,No title,Got the phone shipped to my home and can't even use it because Walmart didn't activate it as a sold item. So now I have to take it back to an actual store to return it and then buy it back in order to use it.,01-03-2025,No recommendation,0.0,0.0,ventressbrat,English,Walmart,bazaarvoice
5289658885,"Straight Talk HMD Vibe, 64GB, Black - Prepaid Smartphone [Locked to Straight Talk]",Cell Phones,Walmart.com,F55CDC31AB754BB68FE0B39041159D63,39.88,IN_STOCK,3.6,1079,/ip/Straight-Talk-Nokia-HMD-Vibe-64GB-Black-Prepaid-Smartphone-Locked-to-Straight-Talk/5289658885,"Straight Talk HMD Vibe, 64GB, Black - Prepaid Smartphone [Locked to Straight Talk]",Prepaid Android phones,1.0,Dissatisfied with phone sales.,I dislike that the phone had to be rescanned at my local Walmart but not before returning and buying it back. They couldn't accept the return with resale in a timely manner. I went through a painstakingly long process which costed more.,01-03-2025,No recommendation,0.0,0.0,Sharon,English,Walmart,bazaarvoice
5289658885,"Straight Talk HMD Vibe, 64GB, Black - Prepaid Smartphone [Locked to Straight Talk]",Cell Phones,Walmart.com,F55CDC31AB754BB68FE0B39041159D63,39.88,IN_STOCK,3.6,1079,/ip/Straight-Talk-Nokia-HMD-Vibe-64GB-Black-Prepaid-Smartphone-Locked-to-Straight-Talk/5289658885,"Straight Talk HMD Vibe, 64GB, Black - Prepaid Smartphone [Locked to Straight Talk]",Prepaid Android phones,1.0,Buyer Beware Not Compatible with Straight Talk,"Can not activate the phone it's not a straight talk device so I tried activating it but it keeps
Saying not a straight talk device not compatible with straight talk",12/28/2024,No recommendation,0.0,0.0,Jeannica,English,Walmart,bazaarvoice
5289658885,"Straight Talk HMD Vibe, 64GB, Black - Prepaid Smartphone [Locked to Straight Talk]",Cell Phones,Walmart.com,F55CDC31AB754BB68FE0B39041159D63,39.88,IN_STOCK,3.6,1079,/ip/Straight-Talk-Nokia-HMD-Vibe-64GB-Black-Prepaid-Smartphone-Locked-to-Straight-Talk/5289658885,"Straight Talk HMD Vibe, 64GB, Black - Prepaid Smartphone [Locked to Straight Talk]",Prepaid Android phones,1.0,No title,It is an absolute waste of time to order a phone from Walmart. If it is sent via mail or FedEx it will not activate. Walmart needs to address this issue as it has happened to me twice.,12/31/2024,No recommendation,0.0,0.0,Judy,English,Seller,bazaarvoice
5289658885,"Straight Talk HMD Vibe, 64GB, Black - Prepaid Smartphone [Locked to Straight Talk]",Cell Phones,Walmart.com,F55CDC31AB754BB68FE0B39041159D63,39.88,IN_STOCK,3.6,1079,/ip/Straight-Talk-Nokia-HMD-Vibe-64GB-Black-Prepaid-Smartphone-Locked-to-Straight-Talk/5289658885,"Straight Talk HMD Vibe, 64GB, Black - Prepaid Smartphone [Locked to Straight Talk]",Prepaid Android phones,3.0,phone cases,"I went into 3 local Wal-Mart stores, and neither one had phone cases to fit the phones I ordered.
I would prefer that my granddaughters actually see the cases in person, to know which ones they like, instead of us trying to look for cases online.",12/29/2024,No recommendation,0.0,0.0,Tomika,English,unknown,bazaarvoice
5289658885,"Straight Talk HMD Vibe, 64GB, Black - Prepaid Smartphone [Locked to Straight Talk]",Cell Phones,Walmart.com,F55CDC31AB754BB68FE0B39041159D63,39.88,IN_STOCK,3.6,1079,/ip/Straight-Talk-Nokia-HMD-Vibe-64GB-Black-Prepaid-Smartphone-Locked-to-Straight-Talk/5289658885,"Straight Talk HMD Vibe, 64GB, Black - Prepaid Smartphone [Locked to Straight Talk]",Prepaid Android phones,5.0,No title,"Gave it to my grandson for Christmas. Its a great first-time phone. He's in love with it, says its best Christmas gift ever. Off to play roblox with the other kids. We used a lot of the androids phone to set up parental limits.",01-06-2025,No recommendation,0.0,0.0,Laura,English,Walmart,bazaarvoice
5289658885,"Straight Talk HMD Vibe, 64GB, Black - Prepaid Smartphone [Locked to Straight Talk]",Cell Phones,Walmart.com,F55CDC31AB754BB68FE0B39041159D63,39.88,IN_STOCK,3.6,1079,/ip/Straight-Talk-Nokia-HMD-Vibe-64GB-Black-Prepaid-Smartphone-Locked-to-Straight-Talk/5289658885,"Straight Talk HMD Vibe, 64GB, Black - Prepaid Smartphone [Locked to Straight Talk]",Prepaid Android phones,5.0,No title,i love this app I shop night and day.its so much fun and the site is smooth an fast working.its more fun than games or movies.i like to shop at the store to but not anymore places to sit. i loved the oldstack area,03-03-2025,True,0.0,0.0,Lori,English,Walmart,bazaarvoice
5289658885,"Straight Talk HMD Vibe, 64GB, Black - Prepaid Smartphone [Locked to Straight Talk]",Cell Phones,Walmart.com,F55CDC31AB754BB68FE0B39041159D63,39.88,IN_STOCK,3.6,1079,/ip/Straight-Talk-Nokia-HMD-Vibe-64GB-Black-Prepaid-Smartphone-Locked-to-Straight-Talk/5289658885,"Straight Talk HMD Vibe, 64GB, Black - Prepaid Smartphone [Locked to Straight Talk]",Prepaid Android phones,2.0,No title,"The keyboard constantly crashes on me mid typing. I have tried everything from clearing cache, making sure my phone is up to date, ive tried uninstalling and reinstalling.. nothing has fixed this bug and it's extremely annoying.",2/18/2025,No recommendation,0.0,0.0,Kathryn,English,Walmart,bazaarvoice
5289658885,"Straight Talk HMD Vibe, 64GB, Black - Prepaid Smartphone [Locked to Straight Talk]",Cell Phones,Walmart.com,F55CDC31AB754BB68FE0B39041159D63,39.88,IN_STOCK,3.6,1079,/ip/Straight-Talk-Nokia-HMD-Vibe-64GB-Black-Prepaid-Smartphone-Locked-to-Straight-Talk/5289658885,"Straight Talk HMD Vibe, 64GB, Black - Prepaid Smartphone [Locked to Straight Talk]",Prepaid Android phones,1.0,No title,Phone is the worst. constantly glitches and screen freezes on first day of owning. do not recomend pay the extra $9 and get the Moto G play a lot smoother operation,01-09-2025,No recommendation,0.0,0.0,Curtis,English,Walmart,bazaarvoice
2000499822,"Samsung Galaxy S23+ Plus Cell Phone, Factory Unlocked Android Smartphone, 256GB, 50MP Camera, Night Mode, Long Battery Life, Adaptive Display, US Version, 2023, Phantom Black",Cell Phones,Accipio technologies Inc,03743A66B9384C869C23D8DC4C6EAB59,374.49,IN_STOCK,4.4,201,/ip/Samsung-Galaxy-S23-Plus-Cell-Phone-Factory-Unlocked-Android-Smartphone-256GB-50MP-Camera-Night-Mode-Long-Battery-Life-Adaptive-Display-US-Version-202/2000499822,Samsung Galaxy S23 Plus Phantom Black 256GB- Unlocked Smartphone,All Samsung Galaxy Unlocked Phones,5.0,Amazing,I upgraded from an a11 to this speed and percussions,10-02-2024,True,0.0,0.0,Newsamsungtexh,English,unknown,bazaarvoice
2000499822,"Samsung Galaxy S23+ Plus Cell Phone, Factory Unlocked Android Smartphone, 256GB, 50MP Camera, Night Mode, Long Battery Life, Adaptive Display, US Version, 2023, Phantom Black",Cell Phones,Accipio technologies Inc,03743A66B9384C869C23D8DC4C6EAB59,374.49,IN_STOCK,4.4,201,/ip/Samsung-Galaxy-S23-Plus-Cell-Phone-Factory-Unlocked-Android-Smartphone-256GB-50MP-Camera-Night-Mode-Long-Battery-Life-Adaptive-Display-US-Version-202/2000499822,Samsung Galaxy S23 Plus Phantom Black 256GB- Unlocked Smartphone,All Samsung Galaxy Unlocked Phones,5.0,Great Battery!,This phone has everything a good android needs plus more! The battery life is what I really love.,5/16/2023,True,0.0,0.0,Nicmando,English,unknown,bazaarvoice
2000499822,"Samsung Galaxy S23+ Plus Cell Phone, Factory Unlocked Android Smartphone, 256GB, 50MP Camera, Night Mode, Long Battery Life, Adaptive Display, US Version, 2023, Phantom Black",Cell Phones,Accipio technologies Inc,03743A66B9384C869C23D8DC4C6EAB59,374.49,IN_STOCK,4.4,201,/ip/Samsung-Galaxy-S23-Plus-Cell-Phone-Factory-Unlocked-Android-Smartphone-256GB-50MP-Camera-Night-Mode-Long-Battery-Life-Adaptive-Display-US-Version-202/2000499822,Samsung Galaxy S23 Plus Phantom Black 256GB- Unlocked Smartphone,All Samsung Galaxy Unlocked Phones,5.0,So impressive,"So impressive, comfortable  fast. I like it. Reccomend",10-04-2023,No recommendation,0.0,0.0,Greg,English,unknown,bazaarvoice
2000499822,"Samsung Galaxy S23+ Plus Cell Phone, Factory Unlocked Android Smartphone, 256GB, 50MP Camera, Night Mode, Long Battery Life, Adaptive Display, US Version, 2023, Phantom Black",Cell Phones,Accipio technologies Inc,03743A66B9384C869C23D8DC4C6EAB59,374.49,IN_STOCK,4.4,201,/ip/Samsung-Galaxy-S23-Plus-Cell-Phone-Factory-Unlocked-Android-Smartphone-256GB-50MP-Camera-Night-Mode-Long-Battery-Life-Adaptive-Display-US-Version-202/2000499822,Samsung Galaxy S23 Plus Phantom Black 256GB- Unlocked Smartphone,All Samsung Galaxy Unlocked Phones,5.0,Nice phone!Happy so far.,I've had it 2 weeks and so far pleased!glad my old phone was getting bad.,04-06-2023,True,0.0,0.0,Moose,English,unknown,bazaarvoice
2000499822,"Samsung Galaxy S23+ Plus Cell Phone, Factory Unlocked Android Smartphone, 256GB, 50MP Camera, Night Mode, Long Battery Life, Adaptive Display, US Version, 2023, Phantom Black",Cell Phones,Accipio technologies Inc,03743A66B9384C869C23D8DC4C6EAB59,374.49,IN_STOCK,4.4,201,/ip/Samsung-Galaxy-S23-Plus-Cell-Phone-Factory-Unlocked-Android-Smartphone-256GB-50MP-Camera-Night-Mode-Long-Battery-Life-Adaptive-Display-US-Version-202/2000499822,Samsung Galaxy S23 Plus Phantom Black 256GB- Unlocked Smartphone,All Samsung Galaxy Unlocked Phones,5.0,S23+,Easy 2 day battery life with heavy use. Very fast. Way better than my much loved S22+.,03-09-2023,True,0.0,0.0,LuvmyS23,English,unknown,bazaarvoice
2000499822,"Samsung Galaxy S23+ Plus Cell Phone, Factory Unlocked Android Smartphone, 256GB, 50MP Camera, Night Mode, Long Battery Life, Adaptive Display, US Version, 2023, Phantom Black",Cell Phones,Accipio technologies Inc,03743A66B9384C869C23D8DC4C6EAB59,374.49,IN_STOCK,4.4,201,/ip/Samsung-Galaxy-S23-Plus-Cell-Phone-Factory-Unlocked-Android-Smartphone-256GB-50MP-Camera-Night-Mode-Long-Battery-Life-Adaptive-Display-US-Version-202/2000499822,Samsung Galaxy S23 Plus Phantom Black 256GB- Unlocked Smartphone,All Samsung Galaxy Unlocked Phones,1.0,S23+,Don't like it at all wouldn't get another one ever,4/13/2024,False,0.0,0.0,Wade,English,unknown,bazaarvoice
2000499822,"Samsung Galaxy S23+ Plus Cell Phone, Factory Unlocked Android Smartphone, 256GB, 50MP Camera, Night Mode, Long Battery Life, Adaptive Display, US Version, 2023, Phantom Black",Cell Phones,Accipio technologies Inc,03743A66B9384C869C23D8DC4C6EAB59,374.49,IN_STOCK,4.4,201,/ip/Samsung-Galaxy-S23-Plus-Cell-Phone-Factory-Unlocked-Android-Smartphone-256GB-50MP-Camera-Night-Mode-Long-Battery-Life-Adaptive-Display-US-Version-202/2000499822,Samsung Galaxy S23 Plus Phantom Black 256GB- Unlocked Smartphone,All Samsung Galaxy Unlocked Phones,5.0,Love this phone,"Just got this 2 weeks ago, extremely happy with it.",9/27/2023,True,0.0,0.0,Grami B,English,unknown,bazaarvoice
2000499822,"Samsung Galaxy S23+ Plus Cell Phone, Factory Unlocked Android Smartphone, 256GB, 50MP Camera, Night Mode, Long Battery Life, Adaptive Display, US Version, 2023, Phantom Black",Cell Phones,Accipio technologies Inc,03743A66B9384C869C23D8DC4C6EAB59,374.49,IN_STOCK,4.4,201,/ip/Samsung-Galaxy-S23-Plus-Cell-Phone-Factory-Unlocked-Android-Smartphone-256GB-50MP-Camera-Night-Mode-Long-Battery-Life-Adaptive-Display-US-Version-202/2000499822,Samsung Galaxy S23 Plus Phantom Black 256GB- Unlocked Smartphone,All Samsung Galaxy Unlocked Phones,4.0,Awesome,Love it such a good phone.........................,1/14/2024,No recommendation,0.0,0.0,Monica,English,unknown,bazaarvoice
2000499822,"Samsung Galaxy S23+ Plus Cell Phone, Factory Unlocked Android Smartphone, 256GB, 50MP Camera, Night Mode, Long Battery Life, Adaptive Display, US Version, 2023, Phantom Black",Cell Phones,Accipio technologies Inc,03743A66B9384C869C23D8DC4C6EAB59,374.49,IN_STOCK,4.4,201,/ip/Samsung-Galaxy-S23-Plus-Cell-Phone-Factory-Unlocked-Android-Smartphone-256GB-50MP-Camera-Night-Mode-Long-Battery-Life-Adaptive-Display-US-Version-202/2000499822,Samsung Galaxy S23 Plus Phantom Black 256GB- Unlocked Smartphone,All Samsung Galaxy Unlocked Phones,3.0,Had to upgrade,The phone has some glitches. Messages don't come in when received.,09-07-2023,False,0.0,0.0,Android enthusiast,English,unknown,bazaarvoice
2000499822,"Samsung Galaxy S23+ Plus Cell Phone, Factory Unlocked Android Smartphone, 256GB, 50MP Camera, Night Mode, Long Battery Life, Adaptive Display, US Version, 2023, Phantom Black",Cell Phones,Accipio technologies Inc,03743A66B9384C869C23D8DC4C6EAB59,374.49,IN_STOCK,4.4,201,/ip/Samsung-Galaxy-S23-Plus-Cell-Phone-Factory-Unlocked-Android-Smartphone-256GB-50MP-Camera-Night-Mode-Long-Battery-Life-Adaptive-Display-US-Version-202/2000499822,Samsung Galaxy S23 Plus Phantom Black 256GB- Unlocked Smartphone,All Samsung Galaxy Unlocked Phones,5.0,Love it,"I love this phone so much , I would recommendit to all my friends !!",6/27/2023,True,0.0,0.0,Unknown,English,unknown,bazaarvoice
2000499822,"Samsung Galaxy S23+ Plus Cell Phone, Factory Unlocked Android Smartphone, 256GB, 50MP Camera, Night Mode, Long Battery Life, Adaptive Display, US Version, 2023, Phantom Black",Cell Phones,Accipio technologies Inc,03743A66B9384C869C23D8DC4C6EAB59,374.49,IN_STOCK,4.4,201,/ip/Samsung-Galaxy-S23-Plus-Cell-Phone-Factory-Unlocked-Android-Smartphone-256GB-50MP-Camera-Night-Mode-Long-Battery-Life-Adaptive-Display-US-Version-202/2000499822,Samsung Galaxy S23 Plus Phantom Black 256GB- Unlocked Smartphone,All Samsung Galaxy Unlocked Phones,5.0,Nice phone!Happy so far.,I've had it 2 weeks and so far pleased!glad my old phone was getting bad.,04-06-2023,True,0.0,0.0,Moose,English,unknown,bazaarvoice
2000499822,"Samsung Galaxy S23+ Plus Cell Phone, Factory Unlocked Android Smartphone, 256GB, 50MP Camera, Night Mode, Long Battery Life, Adaptive Display, US Version, 2023, Phantom Black",Cell Phones,Accipio technologies Inc,03743A66B9384C869C23D8DC4C6EAB59,374.49,IN_STOCK,4.4,201,/ip/Samsung-Galaxy-S23-Plus-Cell-Phone-Factory-Unlocked-Android-Smartphone-256GB-50MP-Camera-Night-Mode-Long-Battery-Life-Adaptive-Display-US-Version-202/2000499822,Samsung Galaxy S23 Plus Phantom Black 256GB- Unlocked Smartphone,All Samsung Galaxy Unlocked Phones,5.0,Great phone,"I got the phone a couple of weeks ago , great phone fast great picture and battery life",10-05-2023,True,0.0,0.0,Mightybruce,English,unknown,bazaarvoice
2000499822,"Samsung Galaxy S23+ Plus Cell Phone, Factory Unlocked Android Smartphone, 256GB, 50MP Camera, Night Mode, Long Battery Life, Adaptive Display, US Version, 2023, Phantom Black",Cell Phones,Accipio technologies Inc,03743A66B9384C869C23D8DC4C6EAB59,374.49,IN_STOCK,4.4,201,/ip/Samsung-Galaxy-S23-Plus-Cell-Phone-Factory-Unlocked-Android-Smartphone-256GB-50MP-Camera-Night-Mode-Long-Battery-Life-Adaptive-Display-US-Version-202/2000499822,Samsung Galaxy S23 Plus Phantom Black 256GB- Unlocked Smartphone,All Samsung Galaxy Unlocked Phones,5.0,So many great features to mention,"I am so happy I bought this phone,I just love it.Still learning all the features",06-06-2023,True,0.0,0.0,Shalou4u,English,unknown,bazaarvoice
2000499822,"Samsung Galaxy S23+ Plus Cell Phone, Factory Unlocked Android Smartphone, 256GB, 50MP Camera, Night Mode, Long Battery Life, Adaptive Display, US Version, 2023, Phantom Black",Cell Phones,Accipio technologies Inc,03743A66B9384C869C23D8DC4C6EAB59,374.49,IN_STOCK,4.4,201,/ip/Samsung-Galaxy-S23-Plus-Cell-Phone-Factory-Unlocked-Android-Smartphone-256GB-50MP-Camera-Night-Mode-Long-Battery-Life-Adaptive-Display-US-Version-202/2000499822,Samsung Galaxy S23 Plus Phantom Black 256GB- Unlocked Smartphone,All Samsung Galaxy Unlocked Phones,2.0,Meh,The issues with having to touch the screen multiple times is no bueno,4/22/2023,False,0.0,0.0,Kcborjas,English,unknown,bazaarvoice
2000499822,"Samsung Galaxy S23+ Plus Cell Phone, Factory Unlocked Android Smartphone, 256GB, 50MP Camera, Night Mode, Long Battery Life, Adaptive Display, US Version, 2023, Phantom Black",Cell Phones,Accipio technologies Inc,03743A66B9384C869C23D8DC4C6EAB59,374.49,IN_STOCK,4.4,201,/ip/Samsung-Galaxy-S23-Plus-Cell-Phone-Factory-Unlocked-Android-Smartphone-256GB-50MP-Camera-Night-Mode-Long-Battery-Life-Adaptive-Display-US-Version-202/2000499822,Samsung Galaxy S23 Plus Phantom Black 256GB- Unlocked Smartphone,All Samsung Galaxy Unlocked Phones,5.0,Best phone ever!!,I love everything about the Samsung s23+altra  best phone ever!!,5/30/2023,True,0.0,0.0,Jess,English,unknown,bazaarvoice
2000499822,"Samsung Galaxy S23+ Plus Cell Phone, Factory Unlocked Android Smartphone, 256GB, 50MP Camera, Night Mode, Long Battery Life, Adaptive Display, US Version, 2023, Phantom Black",Cell Phones,Accipio technologies Inc,03743A66B9384C869C23D8DC4C6EAB59,374.49,IN_STOCK,4.4,201,/ip/Samsung-Galaxy-S23-Plus-Cell-Phone-Factory-Unlocked-Android-Smartphone-256GB-50MP-Camera-Night-Mode-Long-Battery-Life-Adaptive-Display-US-Version-202/2000499822,Samsung Galaxy S23 Plus Phantom Black 256GB- Unlocked Smartphone,All Samsung Galaxy Unlocked Phones,1.0,Phone continues to crash while on calls,I bought less than one month ago.  I've taken it back to the store twice.,07-09-2023,False,0.0,0.0,Disappointed,English,unknown,bazaarvoice
2000499822,"Samsung Galaxy S23+ Plus Cell Phone, Factory Unlocked Android Smartphone, 256GB, 50MP Camera, Night Mode, Long Battery Life, Adaptive Display, US Version, 2023, Phantom Black",Cell Phones,Accipio technologies Inc,03743A66B9384C869C23D8DC4C6EAB59,374.49,IN_STOCK,4.4,201,/ip/Samsung-Galaxy-S23-Plus-Cell-Phone-Factory-Unlocked-Android-Smartphone-256GB-50MP-Camera-Night-Mode-Long-Battery-Life-Adaptive-Display-US-Version-202/2000499822,Samsung Galaxy S23 Plus Phantom Black 256GB- Unlocked Smartphone,All Samsung Galaxy Unlocked Phones,5.0,Great phone,Everything is perfect and the battery is awesome. I really recommend this phone.,09-12-2024,True,0.0,0.0,Yeyo,English,unknown,bazaarvoice
2000499822,"Samsung Galaxy S23+ Plus Cell Phone, Factory Unlocked Android Smartphone, 256GB, 50MP Camera, Night Mode, Long Battery Life, Adaptive Display, US Version, 2023, Phantom Black",Cell Phones,Accipio technologies Inc,03743A66B9384C869C23D8DC4C6EAB59,374.49,IN_STOCK,4.4,201,/ip/Samsung-Galaxy-S23-Plus-Cell-Phone-Factory-Unlocked-Android-Smartphone-256GB-50MP-Camera-Night-Mode-Long-Battery-Life-Adaptive-Display-US-Version-202/2000499822,Samsung Galaxy S23 Plus Phantom Black 256GB- Unlocked Smartphone,All Samsung Galaxy Unlocked Phones,5.0,Great features,I bought the S23+ a few weeks ago and I'm really enjoying my new phone.,3/31/2023,True,0.0,0.0,JD18,English,unknown,bazaarvoice
2000499822,"Samsung Galaxy S23+ Plus Cell Phone, Factory Unlocked Android Smartphone, 256GB, 50MP Camera, Night Mode, Long Battery Life, Adaptive Display, US Version, 2023, Phantom Black",Cell Phones,Accipio technologies Inc,03743A66B9384C869C23D8DC4C6EAB59,374.49,IN_STOCK,4.4,201,/ip/Samsung-Galaxy-S23-Plus-Cell-Phone-Factory-Unlocked-Android-Smartphone-256GB-50MP-Camera-Night-Mode-Long-Battery-Life-Adaptive-Display-US-Version-202/2000499822,Samsung Galaxy S23 Plus Phantom Black 256GB- Unlocked Smartphone,All Samsung Galaxy Unlocked Phones,5.0,Easy to use,I only been using this for 2wks I love it so far it has great photos and volume,8/18/2023,True,0.0,0.0,Pattycake,English,unknown,bazaarvoice
2000499822,"Samsung Galaxy S23+ Plus Cell Phone, Factory Unlocked Android Smartphone, 256GB, 50MP Camera, Night Mode, Long Battery Life, Adaptive Display, US Version, 2023, Phantom Black",Cell Phones,Accipio technologies Inc,03743A66B9384C869C23D8DC4C6EAB59,374.49,IN_STOCK,4.4,201,/ip/Samsung-Galaxy-S23-Plus-Cell-Phone-Factory-Unlocked-Android-Smartphone-256GB-50MP-Camera-Night-Mode-Long-Battery-Life-Adaptive-Display-US-Version-202/2000499822,Samsung Galaxy S23 Plus Phantom Black 256GB- Unlocked Smartphone,All Samsung Galaxy Unlocked Phones,5.0,Great features!,"I have only had this phone for approximately one month, but it is amazing!",03-12-2023,True,0.0,0.0,samrye,English,unknown,bazaarvoice
952665682,"AT&T Samsung Galaxy, A13 LTE, 32GB, Black - Prepaid Smartphone",Cell Phones,VIPOUTLET,66656029CC6541CBADDFA17547A98DE0,40.0,IN_STOCK,3.9,367,/ip/AT-T-Samsung-Galaxy-A13-LTE-32GB-Black-Prepaid-Smartphone/952665682,"AT&T Samsung Galaxy, A13 LTE, 32GB, Black - Prepaid Smartphone",All Samsung Galaxy Prepaid Phones,1.0,Pho e doesnt work,"This phone was not unlocked and I travelled qirh it outsidr rhe country and i coukdtn use it. i tried paying for the phone company overseas to unlock it, but they said At%26t locked it to their network so this was a waste of time and money for me",01-07-2024,No recommendation,0.0,0.0,waski,English,unknown,bazaarvoice
952665682,"AT&T Samsung Galaxy, A13 LTE, 32GB, Black - Prepaid Smartphone",Cell Phones,VIPOUTLET,66656029CC6541CBADDFA17547A98DE0,40.0,IN_STOCK,3.9,367,/ip/AT-T-Samsung-Galaxy-A13-LTE-32GB-Black-Prepaid-Smartphone/952665682,"AT&T Samsung Galaxy, A13 LTE, 32GB, Black - Prepaid Smartphone",All Samsung Galaxy Prepaid Phones,1.0,No title,the phones were ordered online causing the problem of activation whereas I needed to return to the store to complete the activation process other than that I liked the phones,11/25/2023,No recommendation,0.0,0.0,tracy,English,unknown,bazaarvoice
952665682,"AT&T Samsung Galaxy, A13 LTE, 32GB, Black - Prepaid Smartphone",Cell Phones,VIPOUTLET,66656029CC6541CBADDFA17547A98DE0,40.0,IN_STOCK,3.9,367,/ip/AT-T-Samsung-Galaxy-A13-LTE-32GB-Black-Prepaid-Smartphone/952665682,"AT&T Samsung Galaxy, A13 LTE, 32GB, Black - Prepaid Smartphone",All Samsung Galaxy Prepaid Phones,5.0,No title,It works perfectly and I'm very happy with the quality. So far it's one of the best phones I have ever had. It's simple to use. It's the perfect size. The battery life is amazing. And the price was crazy cheap.,12-07-2023,No recommendation,0.0,0.0,WalmartCustomer,English,unknown,bazaarvoice
952665682,"AT&T Samsung Galaxy, A13 LTE, 32GB, Black - Prepaid Smartphone",Cell Phones,VIPOUTLET,66656029CC6541CBADDFA17547A98DE0,40.0,IN_STOCK,3.9,367,/ip/AT-T-Samsung-Galaxy-A13-LTE-32GB-Black-Prepaid-Smartphone/952665682,"AT&T Samsung Galaxy, A13 LTE, 32GB, Black - Prepaid Smartphone",All Samsung Galaxy Prepaid Phones,3.0,Get the A12 instead,I was honestly surprised it wasn't better then the A12. The picture is great but the camera is worse and lags and glitches a lot. I should have got another A12.,12-11-2023,No recommendation,0.0,0.0,Dontget,English,unknown,bazaarvoice
952665682,"AT&T Samsung Galaxy, A13 LTE, 32GB, Black - Prepaid Smartphone",Cell Phones,VIPOUTLET,66656029CC6541CBADDFA17547A98DE0,40.0,IN_STOCK,3.9,367,/ip/AT-T-Samsung-Galaxy-A13-LTE-32GB-Black-Prepaid-Smartphone/952665682,"AT&T Samsung Galaxy, A13 LTE, 32GB, Black - Prepaid Smartphone",All Samsung Galaxy Prepaid Phones,4.0,decent phone for cheap.,honestly i just bought this phone so my mom can plat Pokemon go and us the AR feature for task.   I had zero issues and its not a bad phone for under $100.,12-11-2023,No recommendation,0.0,0.0,micheal,English,unknown,bazaarvoice
952665682,"AT&T Samsung Galaxy, A13 LTE, 32GB, Black - Prepaid Smartphone",Cell Phones,VIPOUTLET,66656029CC6541CBADDFA17547A98DE0,40.0,IN_STOCK,3.9,367,/ip/AT-T-Samsung-Galaxy-A13-LTE-32GB-Black-Prepaid-Smartphone/952665682,"AT&T Samsung Galaxy, A13 LTE, 32GB, Black - Prepaid Smartphone",All Samsung Galaxy Prepaid Phones,5.0,Good buy!,Pretty much like everything.  My old phone was shot.  It was more than 5 years old...totally  obsolete! i couldnt do anything on it.   Now I can do everything!  Love it.  Thanks for agreat prod±¡uct!,12/13/2023,No recommendation,0.0,0.0,Jeannie,English,unknown,bazaarvoice
952665682,"AT&T Samsung Galaxy, A13 LTE, 32GB, Black - Prepaid Smartphone",Cell Phones,VIPOUTLET,66656029CC6541CBADDFA17547A98DE0,40.0,IN_STOCK,3.9,367,/ip/AT-T-Samsung-Galaxy-A13-LTE-32GB-Black-Prepaid-Smartphone/952665682,"AT&T Samsung Galaxy, A13 LTE, 32GB, Black - Prepaid Smartphone",All Samsung Galaxy Prepaid Phones,1.0,Upset,Purchased phone and cannot activate it because they didn't properly scan it correctly. Now I have to go to store which I do not want to do or would have just bought it in store smh,09-11-2023,No recommendation,0.0,0.0,Sherinda,English,unknown,bazaarvoice
952665682,"AT&T Samsung Galaxy, A13 LTE, 32GB, Black - Prepaid Smartphone",Cell Phones,VIPOUTLET,66656029CC6541CBADDFA17547A98DE0,40.0,IN_STOCK,3.9,367,/ip/AT-T-Samsung-Galaxy-A13-LTE-32GB-Black-Prepaid-Smartphone/952665682,"AT&T Samsung Galaxy, A13 LTE, 32GB, Black - Prepaid Smartphone",All Samsung Galaxy Prepaid Phones,5.0,its a pretty good phone,so far it's been a good phone I've only had it a week. my other phone kept freezing up and wouldn't do good with my internet This phone seems to stay online and do what I need it to do. so all in all is it pretty good phone.,12-01-2023,No recommendation,0.0,0.0,sandy,English,unknown,bazaarvoice
952665682,"AT&T Samsung Galaxy, A13 LTE, 32GB, Black - Prepaid Smartphone",Cell Phones,VIPOUTLET,66656029CC6541CBADDFA17547A98DE0,40.0,IN_STOCK,3.9,367,/ip/AT-T-Samsung-Galaxy-A13-LTE-32GB-Black-Prepaid-Smartphone/952665682,"AT&T Samsung Galaxy, A13 LTE, 32GB, Black - Prepaid Smartphone",All Samsung Galaxy Prepaid Phones,1.0,No title,The phone itself is fantastic Walmart not activating the phone before it got delivered making it look like I stole the phone and at%26t suspended my service for 5 days because of it so Walmart made me look like a thief,06-09-2023,No recommendation,0.0,0.0,WalmartCustomer,English,unknown,bazaarvoice
952665682,"AT&T Samsung Galaxy, A13 LTE, 32GB, Black - Prepaid Smartphone",Cell Phones,VIPOUTLET,66656029CC6541CBADDFA17547A98DE0,40.0,IN_STOCK,3.9,367,/ip/AT-T-Samsung-Galaxy-A13-LTE-32GB-Black-Prepaid-Smartphone/952665682,"AT&T Samsung Galaxy, A13 LTE, 32GB, Black - Prepaid Smartphone",All Samsung Galaxy Prepaid Phones,5.0,No title,"I love my phone, great product and good price. I've had At phones before but, I am satisfied with this one. It is connected to my att account but, not the cost price. Thank you Walmart.",11/25/2023,No recommendation,0.0,0.0,busybee,English,unknown,bazaarvoice
952665682,"AT&T Samsung Galaxy, A13 LTE, 32GB, Black - Prepaid Smartphone",Cell Phones,VIPOUTLET,66656029CC6541CBADDFA17547A98DE0,40.0,IN_STOCK,3.9,367,/ip/AT-T-Samsung-Galaxy-A13-LTE-32GB-Black-Prepaid-Smartphone/952665682,"AT&T Samsung Galaxy, A13 LTE, 32GB, Black - Prepaid Smartphone",All Samsung Galaxy Prepaid Phones,3.0,No title,"Laggy device, I ended up returning it.",11/28/2023,No recommendation,0.0,0.0,WalmartCustomer,English,unknown,bazaarvoice
952665682,"AT&T Samsung Galaxy, A13 LTE, 32GB, Black - Prepaid Smartphone",Cell Phones,VIPOUTLET,66656029CC6541CBADDFA17547A98DE0,40.0,IN_STOCK,3.9,367,/ip/AT-T-Samsung-Galaxy-A13-LTE-32GB-Black-Prepaid-Smartphone/952665682,"AT&T Samsung Galaxy, A13 LTE, 32GB, Black - Prepaid Smartphone",All Samsung Galaxy Prepaid Phones,5.0,No title,feature it still want recieve my email,12/16/2023,No recommendation,0.0,0.0,Ann,English,unknown,bazaarvoice
952665682,"AT&T Samsung Galaxy, A13 LTE, 32GB, Black - Prepaid Smartphone",Cell Phones,VIPOUTLET,66656029CC6541CBADDFA17547A98DE0,40.0,IN_STOCK,3.9,367,/ip/AT-T-Samsung-Galaxy-A13-LTE-32GB-Black-Prepaid-Smartphone/952665682,"AT&T Samsung Galaxy, A13 LTE, 32GB, Black - Prepaid Smartphone",All Samsung Galaxy Prepaid Phones,1.0,No title,Phone was by processed right. Was suspended and not shown it was purchased.,5/23/2023,False,0.0,0.0,keri,English,unknown,bazaarvoice
952665682,"AT&T Samsung Galaxy, A13 LTE, 32GB, Black - Prepaid Smartphone",Cell Phones,VIPOUTLET,66656029CC6541CBADDFA17547A98DE0,40.0,IN_STOCK,3.9,367,/ip/AT-T-Samsung-Galaxy-A13-LTE-32GB-Black-Prepaid-Smartphone/952665682,"AT&T Samsung Galaxy, A13 LTE, 32GB, Black - Prepaid Smartphone",All Samsung Galaxy Prepaid Phones,5.0,No title,Couldn't find this phone elsewhere for cheaper,7/22/2023,No recommendation,0.0,0.0,WalmartCustomer,English,unknown,bazaarvoice
952665682,"AT&T Samsung Galaxy, A13 LTE, 32GB, Black - Prepaid Smartphone",Cell Phones,VIPOUTLET,66656029CC6541CBADDFA17547A98DE0,40.0,IN_STOCK,3.9,367,/ip/AT-T-Samsung-Galaxy-A13-LTE-32GB-Black-Prepaid-Smartphone/952665682,"AT&T Samsung Galaxy, A13 LTE, 32GB, Black - Prepaid Smartphone",All Samsung Galaxy Prepaid Phones,5.0,No title,Overall happy with what I got,12-02-2023,No recommendation,0.0,0.0,WalmartCustomer,English,unknown,bazaarvoice
952665682,"AT&T Samsung Galaxy, A13 LTE, 32GB, Black - Prepaid Smartphone",Cell Phones,VIPOUTLET,66656029CC6541CBADDFA17547A98DE0,40.0,IN_STOCK,3.9,367,/ip/AT-T-Samsung-Galaxy-A13-LTE-32GB-Black-Prepaid-Smartphone/952665682,"AT&T Samsung Galaxy, A13 LTE, 32GB, Black - Prepaid Smartphone",All Samsung Galaxy Prepaid Phones,5.0,No title,Phone was a great price and a great phone.,12-03-2023,No recommendation,0.0,0.0,WalmartCustomer,English,unknown,bazaarvoice
952665682,"AT&T Samsung Galaxy, A13 LTE, 32GB, Black - Prepaid Smartphone",Cell Phones,VIPOUTLET,66656029CC6541CBADDFA17547A98DE0,40.0,IN_STOCK,3.9,367,/ip/AT-T-Samsung-Galaxy-A13-LTE-32GB-Black-Prepaid-Smartphone/952665682,"AT&T Samsung Galaxy, A13 LTE, 32GB, Black - Prepaid Smartphone",All Samsung Galaxy Prepaid Phones,5.0,No title,the speaker is very loud then I expected I love it,12-11-2023,No recommendation,0.0,0.0,Shakira,English,unknown,bazaarvoice
952665682,"AT&T Samsung Galaxy, A13 LTE, 32GB, Black - Prepaid Smartphone",Cell Phones,VIPOUTLET,66656029CC6541CBADDFA17547A98DE0,40.0,IN_STOCK,3.9,367,/ip/AT-T-Samsung-Galaxy-A13-LTE-32GB-Black-Prepaid-Smartphone/952665682,"AT&T Samsung Galaxy, A13 LTE, 32GB, Black - Prepaid Smartphone",All Samsung Galaxy Prepaid Phones,5.0,No title,Was $100 cheaper than ordering from ATT.,04-03-2023,No recommendation,0.0,0.0,WalmartCustomer,English,unknown,bazaarvoice
952665682,"AT&T Samsung Galaxy, A13 LTE, 32GB, Black - Prepaid Smartphone",Cell Phones,VIPOUTLET,66656029CC6541CBADDFA17547A98DE0,40.0,IN_STOCK,3.9,367,/ip/AT-T-Samsung-Galaxy-A13-LTE-32GB-Black-Prepaid-Smartphone/952665682,"AT&T Samsung Galaxy, A13 LTE, 32GB, Black - Prepaid Smartphone",All Samsung Galaxy Prepaid Phones,1.0,what do make it work,"do need buy new slim card because
I set up cant dial 611 plus get number",11/22/2023,No recommendation,0.0,0.0,Irene,English,unknown,bazaarvoice
952665682,"AT&T Samsung Galaxy, A13 LTE, 32GB, Black - Prepaid Smartphone",Cell Phones,VIPOUTLET,66656029CC6541CBADDFA17547A98DE0,40.0,IN_STOCK,3.9,367,/ip/AT-T-Samsung-Galaxy-A13-LTE-32GB-Black-Prepaid-Smartphone/952665682,"AT&T Samsung Galaxy, A13 LTE, 32GB, Black - Prepaid Smartphone",All Samsung Galaxy Prepaid Phones,5.0,No title,Great product and a great price,11/25/2023,No recommendation,0.0,0.0,WalmartCustomer,English,unknown,bazaarvoice
14575306839,"Straight Talk Samsung Galaxy A26, 5G, 128GB, Black - Prepaid Smartphone [Locked to Straight Talk]",Cell Phones,Walmart.com,F55CDC31AB754BB68FE0B39041159D63,99.88,IN_STOCK,4.4,2265,/ip/Straight-Talk-Samsung-A26-5G-128GB-Black-Prepaid-Smartphone-Locked-to-Straight-Talk/14575306839,"Straight Talk Samsung Galaxy A26, 5G, 128GB, Black - Prepaid Smartphone [Locked to Straight Talk]",All Samsung Galaxy Prepaid Phones,5.0,No title,Great price and quality phone,12-03-2025,No recommendation,0.0,0.0,WalmartCustomer,English,unknown,bazaarvoice
14575306839,"Straight Talk Samsung Galaxy A26, 5G, 128GB, Black - Prepaid Smartphone [Locked to Straight Talk]",Cell Phones,Walmart.com,F55CDC31AB754BB68FE0B39041159D63,99.88,IN_STOCK,4.4,2265,/ip/Straight-Talk-Samsung-A26-5G-128GB-Black-Prepaid-Smartphone-Locked-to-Straight-Talk/14575306839,"Straight Talk Samsung Galaxy A26, 5G, 128GB, Black - Prepaid Smartphone [Locked to Straight Talk]",All Samsung Galaxy Prepaid Phones,3.0,No title,it won't make a sound or alert  u if u have a text message or show on your lock screen,12-05-2025,True,0.0,0.0,kimberly,English,Walmart,bazaarvoice
14575306839,"Straight Talk Samsung Galaxy A26, 5G, 128GB, Black - Prepaid Smartphone [Locked to Straight Talk]",Cell Phones,Walmart.com,F55CDC31AB754BB68FE0B39041159D63,99.88,IN_STOCK,4.4,2265,/ip/Straight-Talk-Samsung-A26-5G-128GB-Black-Prepaid-Smartphone-Locked-to-Straight-Talk/14575306839,"Straight Talk Samsung Galaxy A26, 5G, 128GB, Black - Prepaid Smartphone [Locked to Straight Talk]",All Samsung Galaxy Prepaid Phones,5.0,A lot of bang for the buck,"Very easy to switch number over, and doing a good job so far.",12-06-2025,True,0.0,0.0,Turtle,English,Walmart,bazaarvoice
14575306839,"Straight Talk Samsung Galaxy A26, 5G, 128GB, Black - Prepaid Smartphone [Locked to Straight Talk]",Cell Phones,Walmart.com,F55CDC31AB754BB68FE0B39041159D63,99.88,IN_STOCK,4.4,2265,/ip/Straight-Talk-Samsung-A26-5G-128GB-Black-Prepaid-Smartphone-Locked-to-Straight-Talk/14575306839,"Straight Talk Samsung Galaxy A26, 5G, 128GB, Black - Prepaid Smartphone [Locked to Straight Talk]",All Samsung Galaxy Prepaid Phones,5.0,Satisfied,"It does everything i want it for, well worth the value of it.",12-03-2025,True,0.0,0.0,Alteredillusionz,English,Walmart,bazaarvoice
14575306839,"Straight Talk Samsung Galaxy A26, 5G, 128GB, Black - Prepaid Smartphone [Locked to Straight Talk]",Cell Phones,Walmart.com,F55CDC31AB754BB68FE0B39041159D63,99.88,IN_STOCK,4.4,2265,/ip/Straight-Talk-Samsung-A26-5G-128GB-Black-Prepaid-Smartphone-Locked-to-Straight-Talk/14575306839,"Straight Talk Samsung Galaxy A26, 5G, 128GB, Black - Prepaid Smartphone [Locked to Straight Talk]",All Samsung Galaxy Prepaid Phones,5.0,Great deal,Great phone for the price.,12-01-2025,True,0.0,0.0,Dawn,English,Walmart,bazaarvoice
14575306839,"Straight Talk Samsung Galaxy A26, 5G, 128GB, Black - Prepaid Smartphone [Locked to Straight Talk]",Cell Phones,Walmart.com,F55CDC31AB754BB68FE0B39041159D63,99.88,IN_STOCK,4.4,2265,/ip/Straight-Talk-Samsung-A26-5G-128GB-Black-Prepaid-Smartphone-Locked-to-Straight-Talk/14575306839,"Straight Talk Samsung Galaxy A26, 5G, 128GB, Black - Prepaid Smartphone [Locked to Straight Talk]",All Samsung Galaxy Prepaid Phones,5.0,No title,It is everything I wanted in a phone and it was on sale.,12-03-2025,No recommendation,0.0,0.0,WalmartCustomer,English,unknown,bazaarvoice
14575306839,"Straight Talk Samsung Galaxy A26, 5G, 128GB, Black - Prepaid Smartphone [Locked to Straight Talk]",Cell Phones,Walmart.com,F55CDC31AB754BB68FE0B39041159D63,99.88,IN_STOCK,4.4,2265,/ip/Straight-Talk-Samsung-A26-5G-128GB-Black-Prepaid-Smartphone-Locked-to-Straight-Talk/14575306839,"Straight Talk Samsung Galaxy A26, 5G, 128GB, Black - Prepaid Smartphone [Locked to Straight Talk]",All Samsung Galaxy Prepaid Phones,5.0,Surprised,I'm actually surprised how good it is...I like it better than my iPhone to be honest.,10/22/2025,True,0.0,0.0,Javonte Jehan,English,unknown,bazaarvoice
14575306839,"Straight Talk Samsung Galaxy A26, 5G, 128GB, Black - Prepaid Smartphone [Locked to Straight Talk]",Cell Phones,Walmart.com,F55CDC31AB754BB68FE0B39041159D63,99.88,IN_STOCK,4.4,2265,/ip/Straight-Talk-Samsung-A26-5G-128GB-Black-Prepaid-Smartphone-Locked-to-Straight-Talk/14575306839,"Straight Talk Samsung Galaxy A26, 5G, 128GB, Black - Prepaid Smartphone [Locked to Straight Talk]",All Samsung Galaxy Prepaid Phones,5.0,No title,it's a good phone bought during black Friday,11/29/2025,True,0.0,0.0,Christopher,English,Walmart,bazaarvoice
14575306839,"Straight Talk Samsung Galaxy A26, 5G, 128GB, Black - Prepaid Smartphone [Locked to Straight Talk]",Cell Phones,Walmart.com,F55CDC31AB754BB68FE0B39041159D63,99.88,IN_STOCK,4.4,2265,/ip/Straight-Talk-Samsung-A26-5G-128GB-Black-Prepaid-Smartphone-Locked-to-Straight-Talk/14575306839,"Straight Talk Samsung Galaxy A26, 5G, 128GB, Black - Prepaid Smartphone [Locked to Straight Talk]",All Samsung Galaxy Prepaid Phones,5.0,No title,I M IN LOVE WITH MY A 26. ITS S I BEAUTIFUL AND IT MAMES ME SMILE. It is so soft. 10/10,11/26/2025,True,0.0,0.0,Ashley,English,Walmart,bazaarvoice
14575306839,"Straight Talk Samsung Galaxy A26, 5G, 128GB, Black - Prepaid Smartphone [Locked to Straight Talk]",Cell Phones,Walmart.com,F55CDC31AB754BB68FE0B39041159D63,99.88,IN_STOCK,4.4,2265,/ip/Straight-Talk-Samsung-A26-5G-128GB-Black-Prepaid-Smartphone-Locked-to-Straight-Talk/14575306839,"Straight Talk Samsung Galaxy A26, 5G, 128GB, Black - Prepaid Smartphone [Locked to Straight Talk]",All Samsung Galaxy Prepaid Phones,5.0,THANK YOU Walmart...!!,the price and  love Samsung  phones!,12/14/2025,True,0.0,0.0,David,English,Walmart,bazaarvoice
14575306839,"Straight Talk Samsung Galaxy A26, 5G, 128GB, Black - Prepaid Smartphone [Locked to Straight Talk]",Cell Phones,Walmart.com,F55CDC31AB754BB68FE0B39041159D63,99.88,IN_STOCK,4.4,2265,/ip/Straight-Talk-Samsung-A26-5G-128GB-Black-Prepaid-Smartphone-Locked-to-Straight-Talk/14575306839,"Straight Talk Samsung Galaxy A26, 5G, 128GB, Black - Prepaid Smartphone [Locked to Straight Talk]",All Samsung Galaxy Prepaid Phones,3.0,"Nice phone, but screen acts weird.",The screen gets glitch when its fully charged it acts like its battery is dying despite turning off the screen dimming.,4/15/2026,True,0.0,0.0,Lotus Flower 25,English,unknown,bazaarvoice
14575306839,"Straight Talk Samsung Galaxy A26, 5G, 128GB, Black - Prepaid Smartphone [Locked to Straight Talk]",Cell Phones,Walmart.com,F55CDC31AB754BB68FE0B39041159D63,99.88,IN_STOCK,4.4,2265,/ip/Straight-Talk-Samsung-A26-5G-128GB-Black-Prepaid-Smartphone-Locked-to-Straight-Talk/14575306839,"Straight Talk Samsung Galaxy A26, 5G, 128GB, Black - Prepaid Smartphone [Locked to Straight Talk]",All Samsung Galaxy Prepaid Phones,5.0,worth it!,"one of the best phones ive ever had.. calls are crystal clear, camera is fantastic, battery lasts all day.",12-05-2025,True,0.0,0.0,Joy,English,Walmart,bazaarvoice
14575306839,"Straight Talk Samsung Galaxy A26, 5G, 128GB, Black - Prepaid Smartphone [Locked to Straight Talk]",Cell Phones,Walmart.com,F55CDC31AB754BB68FE0B39041159D63,99.88,IN_STOCK,4.4,2265,/ip/Straight-Talk-Samsung-A26-5G-128GB-Black-Prepaid-Smartphone-Locked-to-Straight-Talk/14575306839,"Straight Talk Samsung Galaxy A26, 5G, 128GB, Black - Prepaid Smartphone [Locked to Straight Talk]",All Samsung Galaxy Prepaid Phones,2.0,No title,"This item is trash.It was glitchy,battery didnt last long and it was 1 of the worst devices i ever had.I took it back to store",12/14/2025,False,0.0,0.0,Deanna,English,Walmart,bazaarvoice
14575306839,"Straight Talk Samsung Galaxy A26, 5G, 128GB, Black - Prepaid Smartphone [Locked to Straight Talk]",Cell Phones,Walmart.com,F55CDC31AB754BB68FE0B39041159D63,99.88,IN_STOCK,4.4,2265,/ip/Straight-Talk-Samsung-A26-5G-128GB-Black-Prepaid-Smartphone-Locked-to-Straight-Talk/14575306839,"Straight Talk Samsung Galaxy A26, 5G, 128GB, Black - Prepaid Smartphone [Locked to Straight Talk]",All Samsung Galaxy Prepaid Phones,4.0,No title,"The phone is excellent except for the battery life which leave a lot to be described.   Other than that, a very nice phone.",12/17/2025,True,0.0,0.0,Richard,English,Walmart,bazaarvoice
14575306839,"Straight Talk Samsung Galaxy A26, 5G, 128GB, Black - Prepaid Smartphone [Locked to Straight Talk]",Cell Phones,Walmart.com,F55CDC31AB754BB68FE0B39041159D63,99.88,IN_STOCK,4.4,2265,/ip/Straight-Talk-Samsung-A26-5G-128GB-Black-Prepaid-Smartphone-Locked-to-Straight-Talk/14575306839,"Straight Talk Samsung Galaxy A26, 5G, 128GB, Black - Prepaid Smartphone [Locked to Straight Talk]",All Samsung Galaxy Prepaid Phones,5.0,Great budget phone,This is a great phone for what it costs. i usually only buy galaxy phones but decided to the cheaper version and it does not dissapoint.,12/18/2025,True,0.0,0.0,Nathaniel,English,Walmart,bazaarvoice
14575306839,"Straight Talk Samsung Galaxy A26, 5G, 128GB, Black - Prepaid Smartphone [Locked to Straight Talk]",Cell Phones,Walmart.com,F55CDC31AB754BB68FE0B39041159D63,99.88,IN_STOCK,4.4,2265,/ip/Straight-Talk-Samsung-A26-5G-128GB-Black-Prepaid-Smartphone-Locked-to-Straight-Talk/14575306839,"Straight Talk Samsung Galaxy A26, 5G, 128GB, Black - Prepaid Smartphone [Locked to Straight Talk]",All Samsung Galaxy Prepaid Phones,4.0,No title,Overall an upgrade from my old phone but the battery needs charged within 3-4 hours of use which isn't the end of the world but still a pain,12/17/2025,True,0.0,0.0,Ryan,English,Walmart,bazaarvoice
14575306839,"Straight Talk Samsung Galaxy A26, 5G, 128GB, Black - Prepaid Smartphone [Locked to Straight Talk]",Cell Phones,Walmart.com,F55CDC31AB754BB68FE0B39041159D63,99.88,IN_STOCK,4.4,2265,/ip/Straight-Talk-Samsung-A26-5G-128GB-Black-Prepaid-Smartphone-Locked-to-Straight-Talk/14575306839,"Straight Talk Samsung Galaxy A26, 5G, 128GB, Black - Prepaid Smartphone [Locked to Straight Talk]",All Samsung Galaxy Prepaid Phones,5.0,No title,work a lot bett then my last phone the only things that a bad is it take longer to charge but keeps the charge for a good while,12/19/2025,True,0.0,0.0,Damien,English,Walmart,bazaarvoice
14575306839,"Straight Talk Samsung Galaxy A26, 5G, 128GB, Black - Prepaid Smartphone [Locked to Straight Talk]",Cell Phones,Walmart.com,F55CDC31AB754BB68FE0B39041159D63,99.88,IN_STOCK,4.4,2265,/ip/Straight-Talk-Samsung-A26-5G-128GB-Black-Prepaid-Smartphone-Locked-to-Straight-Talk/14575306839,"Straight Talk Samsung Galaxy A26, 5G, 128GB, Black - Prepaid Smartphone [Locked to Straight Talk]",All Samsung Galaxy Prepaid Phones,5.0,I recommend,I really don't know yet because I bought this for my son for a Christmas gift. I'll come back an update upon he opening his gift,12/20/2025,True,0.0,0.0,Stacie,English,Walmart,bazaarvoice
14575306839,"Straight Talk Samsung Galaxy A26, 5G, 128GB, Black - Prepaid Smartphone [Locked to Straight Talk]",Cell Phones,Walmart.com,F55CDC31AB754BB68FE0B39041159D63,99.88,IN_STOCK,4.4,2265,/ip/Straight-Talk-Samsung-A26-5G-128GB-Black-Prepaid-Smartphone-Locked-to-Straight-Talk/14575306839,"Straight Talk Samsung Galaxy A26, 5G, 128GB, Black - Prepaid Smartphone [Locked to Straight Talk]",All Samsung Galaxy Prepaid Phones,4.0,"Good, budget phone",Great features for a decent price. I haven't ran into any problems so far. The amount of internal storage is nice.,11-05-2025,True,0.0,0.0,Molu,English,unknown,bazaarvoice
14575306839,"Straight Talk Samsung Galaxy A26, 5G, 128GB, Black - Prepaid Smartphone [Locked to Straight Talk]",Cell Phones,Walmart.com,F55CDC31AB754BB68FE0B39041159D63,99.88,IN_STOCK,4.4,2265,/ip/Straight-Talk-Samsung-A26-5G-128GB-Black-Prepaid-Smartphone-Locked-to-Straight-Talk/14575306839,"Straight Talk Samsung Galaxy A26, 5G, 128GB, Black - Prepaid Smartphone [Locked to Straight Talk]",All Samsung Galaxy Prepaid Phones,5.0,No title,I just got it and it seems to be working very well.It was a little hard to\nStart it up but I did it,12/21/2025,True,0.0,0.0,Deborah,English,Walmart,bazaarvoice
454408250,"Straight Talk Apple iPhone 13, 128GB, Midnight - Prepaid Smartphone [Locked to Straight Talk]",Cell Phones,Walmart.com,F55CDC31AB754BB68FE0B39041159D63,199.0,IN_STOCK,4.3,19048,/ip/Straight-Talk-Apple-iPhone-13-128GB-Midnight-Prepaid-Smartphone-Locked-to-Straight-Talk/454408250,"Straight Talk Apple iPhone 13, 128GB, Midnight - Prepaid Smartphone [Locked to Straight Talk]",Straight Talk Phones & Plans,2.0,Camera sucks,The quality of the camera is not good at all the color the quality of the camera is not good at all the collar makes the pictures look fake or the pictures looks like they’re from the 70s or 80s. The phone is nice quality. Only complaint is about the camera.,12/31/2025,No recommendation,0.0,0.0,SANDY,English,Walmart,bazaarvoice
454408250,"Straight Talk Apple iPhone 13, 128GB, Midnight - Prepaid Smartphone [Locked to Straight Talk]",Cell Phones,Walmart.com,F55CDC31AB754BB68FE0B39041159D63,199.0,IN_STOCK,4.3,19048,/ip/Straight-Talk-Apple-iPhone-13-128GB-Midnight-Prepaid-Smartphone-Locked-to-Straight-Talk/454408250,"Straight Talk Apple iPhone 13, 128GB, Midnight - Prepaid Smartphone [Locked to Straight Talk]",Straight Talk Phones & Plans,2.0,No title,"Well, for one hit doesn't help to have the when you push on it. You gotta push 100 times it seems like to get it to go and then sometimes it decides it's not gonna rain and sometimes it will ring and and sometimes it makes a the other person signs it to get voice underwater, and then I had a virus. I don't know if it still got it or not. I haven't taken care of it because I don't know how I was told that Apple has their own and to take mine off so I did and I still keep getting told that that virus malware Trojans if they don't have it on there, I'd like to know what to use to put on there. I'm not rich so I can't afford much but I'd like my phone to work right for a change I used to have iPhone all the time and then the one I had got stolen and corrupted packed into so I had to get another phone so I gotta 815 Samsung in that was really worthless and this phone keeps going off-line. I don't know. I'm just not having very good luck with phones and I'm not liking it very well.",10/15/2025,No recommendation,0.0,0.0,Ellen,English,Walmart,bazaarvoice
454408250,"Straight Talk Apple iPhone 13, 128GB, Midnight - Prepaid Smartphone [Locked to Straight Talk]",Cell Phones,Walmart.com,F55CDC31AB754BB68FE0B39041159D63,199.0,IN_STOCK,4.3,19048,/ip/Straight-Talk-Apple-iPhone-13-128GB-Midnight-Prepaid-Smartphone-Locked-to-Straight-Talk/454408250,"Straight Talk Apple iPhone 13, 128GB, Midnight - Prepaid Smartphone [Locked to Straight Talk]",Straight Talk Phones & Plans,1.0,Don’t buy it,"It says slow charge no matter what charger you buy and use. It takes a full day to charge and that’s if the charger even works. I’ve bought 3 different cords and bases. I completely wasted my money. I got it for my son for his birthday, bought it early because it was on sale and it’s too late to take it back and it’s junk.",05-09-2026,No recommendation,0.0,1.0,Amy,English,Walmart,bazaarvoice
454408250,"Straight Talk Apple iPhone 13, 128GB, Midnight - Prepaid Smartphone [Locked to Straight Talk]",Cell Phones,Walmart.com,F55CDC31AB754BB68FE0B39041159D63,199.0,IN_STOCK,4.3,19048,/ip/Straight-Talk-Apple-iPhone-13-128GB-Midnight-Prepaid-Smartphone-Locked-to-Straight-Talk/454408250,"Straight Talk Apple iPhone 13, 128GB, Midnight - Prepaid Smartphone [Locked to Straight Talk]",Straight Talk Phones & Plans,1.0,iPhone 13 must have physical sim,"Lost old phone, phone number I had for six years with straight talk and they locked up the new I phone trying to transfer and activate.  IPHONE 13 MUST HAVE PHYSICAL SIM!!! Even with eSIM.  If not service will be horrible and or not work.  Straihght talk doesn’t know this.  They moved to new phone before unlocking old one.   Then had issues with activating the new iPhone.   
Since they could not send text to either phone to confirm I had them. ( Just bought from them week earlier!) so they locked up both phones.   10 hours of getting strung along time and time again by them.    Straight talk has been my provider since 2013, found old receipt….   NO MORE",10/13/2025,False,0.0,0.0,Unknown,English,unknown,bazaarvoice
454408250,"Straight Talk Apple iPhone 13, 128GB, Midnight - Prepaid Smartphone [Locked to Straight Talk]",Cell Phones,Walmart.com,F55CDC31AB754BB68FE0B39041159D63,199.0,IN_STOCK,4.3,19048,/ip/Straight-Talk-Apple-iPhone-13-128GB-Midnight-Prepaid-Smartphone-Locked-to-Straight-Talk/454408250,"Straight Talk Apple iPhone 13, 128GB, Midnight - Prepaid Smartphone [Locked to Straight Talk]",Straight Talk Phones & Plans,3.0,No title,"Started out as a really good Phone. My granddaughter loved it lasted about a month and a half then it wouldn’t cut back on so I really don’t know if I recommend it. As far as I know, it was a goodbye and a good phone. It just died in less than two months.",8/29/2025,No recommendation,1.0,0.0,Effie,English,Walmart,bazaarvoice
454408250,"Straight Talk Apple iPhone 13, 128GB, Midnight - Prepaid Smartphone [Locked to Straight Talk]",Cell Phones,Walmart.com,F55CDC31AB754BB68FE0B39041159D63,199.0,IN_STOCK,4.3,19048,/ip/Straight-Talk-Apple-iPhone-13-128GB-Midnight-Prepaid-Smartphone-Locked-to-Straight-Talk/454408250,"Straight Talk Apple iPhone 13, 128GB, Midnight - Prepaid Smartphone [Locked to Straight Talk]",Straight Talk Phones & Plans,5.0,10/10 experience!,"It arrived before the estimated date of delivery with everything intact including the iPhone itself, the Straight Talk activation kit, and a new charger. The setup was fairly simple, and I was able to transfer all of my information from my old iPhone to the new one!",06-08-2024,No recommendation,25.0,8.0,Breyuana,English,unknown,bazaarvoice
454408250,"Straight Talk Apple iPhone 13, 128GB, Midnight - Prepaid Smartphone [Locked to Straight Talk]",Cell Phones,Walmart.com,F55CDC31AB754BB68FE0B39041159D63,199.0,IN_STOCK,4.3,19048,/ip/Straight-Talk-Apple-iPhone-13-128GB-Midnight-Prepaid-Smartphone-Locked-to-Straight-Talk/454408250,"Straight Talk Apple iPhone 13, 128GB, Midnight - Prepaid Smartphone [Locked to Straight Talk]",Straight Talk Phones & Plans,1.0,No title,"I do not recommend using order pick up from Walmart. I ordered it. It said it was available. I showed up and it told me my order was unavailable, and there wasn’t none in stock but when I ordered it said it was in stock then I talked to a worker and she told me they did have them in stock but because I did mobile order pick up I’d have to cancel that order and then re-buy it and then wait for five days to have my other money back all around a mess so I had to have it shipped all around a mess and nobody really helped me. I stayed there for an hour to get help",01-03-2026,No recommendation,0.0,0.0,nicole,English,Walmart,bazaarvoice
454408250,"Straight Talk Apple iPhone 13, 128GB, Midnight - Prepaid Smartphone [Locked to Straight Talk]",Cell Phones,Walmart.com,F55CDC31AB754BB68FE0B39041159D63,199.0,IN_STOCK,4.3,19048,/ip/Straight-Talk-Apple-iPhone-13-128GB-Midnight-Prepaid-Smartphone-Locked-to-Straight-Talk/454408250,"Straight Talk Apple iPhone 13, 128GB, Midnight - Prepaid Smartphone [Locked to Straight Talk]",Straight Talk Phones & Plans,5.0,No title,Price is great I’ve been using straight talk for over 10 years I always buy my phone with Walmart. I had planned to buy this but it advertised as a Black Friday deal and I had to snag it before it was gone. It sold out at my local store so I ordered online and it arrived the same day.,12-01-2025,No recommendation,0.0,0.0,WalmartCustomer,English,unknown,bazaarvoice
454408250,"Straight Talk Apple iPhone 13, 128GB, Midnight - Prepaid Smartphone [Locked to Straight Talk]",Cell Phones,Walmart.com,F55CDC31AB754BB68FE0B39041159D63,199.0,IN_STOCK,4.3,19048,/ip/Straight-Talk-Apple-iPhone-13-128GB-Midnight-Prepaid-Smartphone-Locked-to-Straight-Talk/454408250,"Straight Talk Apple iPhone 13, 128GB, Midnight - Prepaid Smartphone [Locked to Straight Talk]",Straight Talk Phones & Plans,4.0,No title,"Good product and fine for the price. This version still has the lightning charge port unfortunately, but still fine. The transfer of service was problematic, and had to finally resort to just transferring the sims card. Unclear if faulty new sims card or just the operator (me) but all is working, so fine in the end. Delivery driver was efficient and pleasant!",08-08-2025,No recommendation,1.0,0.0,WalmartCustomer,English,unknown,bazaarvoice
454408250,"Straight Talk Apple iPhone 13, 128GB, Midnight - Prepaid Smartphone [Locked to Straight Talk]",Cell Phones,Walmart.com,F55CDC31AB754BB68FE0B39041159D63,199.0,IN_STOCK,4.3,19048,/ip/Straight-Talk-Apple-iPhone-13-128GB-Midnight-Prepaid-Smartphone-Locked-to-Straight-Talk/454408250,"Straight Talk Apple iPhone 13, 128GB, Midnight - Prepaid Smartphone [Locked to Straight Talk]",Straight Talk Phones & Plans,4.0,Doesn’t save screen brightness!,"This is a great phone for what I was needing it for. The only thing I dislike about this phone is that the brightness setting doesn’t save. Every time I get on my phone, the screen is back to this very dim setting. To have to constantly go into setting's, every single time to adjust it to what I prefer, gets old very fast.",12/16/2025,True,0.0,0.0,Purplepisces76,English,unknown,bazaarvoice
454408250,"Straight Talk Apple iPhone 13, 128GB, Midnight - Prepaid Smartphone [Locked to Straight Talk]",Cell Phones,Walmart.com,F55CDC31AB754BB68FE0B39041159D63,199.0,IN_STOCK,4.3,19048,/ip/Straight-Talk-Apple-iPhone-13-128GB-Midnight-Prepaid-Smartphone-Locked-to-Straight-Talk/454408250,"Straight Talk Apple iPhone 13, 128GB, Midnight - Prepaid Smartphone [Locked to Straight Talk]",Straight Talk Phones & Plans,1.0,No title,It holds 0 storage. I deleted all the apps that it cane with and only have 8 videos on the phone. Bought new storage and had google photos on it and it still wouldn’t let me record.,08-12-2025,False,2.0,0.0,Najeaya,English,Walmart,bazaarvoice
454408250,"Straight Talk Apple iPhone 13, 128GB, Midnight - Prepaid Smartphone [Locked to Straight Talk]",Cell Phones,Walmart.com,F55CDC31AB754BB68FE0B39041159D63,199.0,IN_STOCK,4.3,19048,/ip/Straight-Talk-Apple-iPhone-13-128GB-Midnight-Prepaid-Smartphone-Locked-to-Straight-Talk/454408250,"Straight Talk Apple iPhone 13, 128GB, Midnight - Prepaid Smartphone [Locked to Straight Talk]",Straight Talk Phones & Plans,4.0,Kinda of bad services and way to expensive,Cost more then I expected I thought it was 25 a month for unlimited data plus service is kinda of bad  usually get under 50 download/upload speed as for T-mobile $35 I can unlimited data and over 300 download/upload speed,7/18/2025,No recommendation,2.0,0.0,anonymous,English,Walmart,bazaarvoice
454408250,"Straight Talk Apple iPhone 13, 128GB, Midnight - Prepaid Smartphone [Locked to Straight Talk]",Cell Phones,Walmart.com,F55CDC31AB754BB68FE0B39041159D63,199.0,IN_STOCK,4.3,19048,/ip/Straight-Talk-Apple-iPhone-13-128GB-Midnight-Prepaid-Smartphone-Locked-to-Straight-Talk/454408250,"Straight Talk Apple iPhone 13, 128GB, Midnight - Prepaid Smartphone [Locked to Straight Talk]",Straight Talk Phones & Plans,5.0,cheap iphone,"cheap iphone, i believe it unlocks after 2 months of being connected to set wireless carrier.",02-10-2026,True,2.0,0.0,Elias,English,Walmart,bazaarvoice
454408250,"Straight Talk Apple iPhone 13, 128GB, Midnight - Prepaid Smartphone [Locked to Straight Talk]",Cell Phones,Walmart.com,F55CDC31AB754BB68FE0B39041159D63,199.0,IN_STOCK,4.3,19048,/ip/Straight-Talk-Apple-iPhone-13-128GB-Midnight-Prepaid-Smartphone-Locked-to-Straight-Talk/454408250,"Straight Talk Apple iPhone 13, 128GB, Midnight - Prepaid Smartphone [Locked to Straight Talk]",Straight Talk Phones & Plans,5.0,No title,im just glad 😀 to have my iPhone back and it's a 13 im beyond happy 😊,1/27/2026,True,2.0,0.0,Teaka,English,Walmart,bazaarvoice
454408250,"Straight Talk Apple iPhone 13, 128GB, Midnight - Prepaid Smartphone [Locked to Straight Talk]",Cell Phones,Walmart.com,F55CDC31AB754BB68FE0B39041159D63,199.0,IN_STOCK,4.3,19048,/ip/Straight-Talk-Apple-iPhone-13-128GB-Midnight-Prepaid-Smartphone-Locked-to-Straight-Talk/454408250,"Straight Talk Apple iPhone 13, 128GB, Midnight - Prepaid Smartphone [Locked to Straight Talk]",Straight Talk Phones & Plans,5.0,Great Affordable iPhone,"I love the pictures it takes and it's really fast, even though it's not the newest device. I recommend buying this one! It's got 128gb of storage, so it's not the most ideal, but it's a lot better than only 64gb. Great phone!",1/24/2026,True,1.0,0.0,Daphne,English,Walmart,bazaarvoice
454408250,"Straight Talk Apple iPhone 13, 128GB, Midnight - Prepaid Smartphone [Locked to Straight Talk]",Cell Phones,Walmart.com,F55CDC31AB754BB68FE0B39041159D63,199.0,IN_STOCK,4.3,19048,/ip/Straight-Talk-Apple-iPhone-13-128GB-Midnight-Prepaid-Smartphone-Locked-to-Straight-Talk/454408250,"Straight Talk Apple iPhone 13, 128GB, Midnight - Prepaid Smartphone [Locked to Straight Talk]",Straight Talk Phones & Plans,5.0,Amazing,I’ve had every iPhone that’s ever come out and I have the 17 Pro Max and it’s currently glitching so I went to Walmart and bought the 13 for $200 just as a spare. It’s a good phone.,1/17/2026,True,3.0,2.0,Matthew,English,Walmart,bazaarvoice
454408250,"Straight Talk Apple iPhone 13, 128GB, Midnight - Prepaid Smartphone [Locked to Straight Talk]",Cell Phones,Walmart.com,F55CDC31AB754BB68FE0B39041159D63,199.0,IN_STOCK,4.3,19048,/ip/Straight-Talk-Apple-iPhone-13-128GB-Midnight-Prepaid-Smartphone-Locked-to-Straight-Talk/454408250,"Straight Talk Apple iPhone 13, 128GB, Midnight - Prepaid Smartphone [Locked to Straight Talk]",Straight Talk Phones & Plans,3.0,LAG!,"First iPhone I’ve ever experienced lag on and it’s a frequent issue, my iPhone 11 still works fine with no issues but the 13 honestly feels like a downgrade.",3/29/2026,No recommendation,0.0,0.0,Donovan,English,Walmart,bazaarvoice
454408250,"Straight Talk Apple iPhone 13, 128GB, Midnight - Prepaid Smartphone [Locked to Straight Talk]",Cell Phones,Walmart.com,F55CDC31AB754BB68FE0B39041159D63,199.0,IN_STOCK,4.3,19048,/ip/Straight-Talk-Apple-iPhone-13-128GB-Midnight-Prepaid-Smartphone-Locked-to-Straight-Talk/454408250,"Straight Talk Apple iPhone 13, 128GB, Midnight - Prepaid Smartphone [Locked to Straight Talk]",Straight Talk Phones & Plans,3.0,Advertising,"The offer I responded to was to get $50 off of the phone when I purchased a plan. I purchased a platinum plan, but when I got to check out, the price was not as advertised.",4/21/2026,No recommendation,0.0,0.0,Michele Clark,English,unknown,bazaarvoice
454408250,"Straight Talk Apple iPhone 13, 128GB, Midnight - Prepaid Smartphone [Locked to Straight Talk]",Cell Phones,Walmart.com,F55CDC31AB754BB68FE0B39041159D63,199.0,IN_STOCK,4.3,19048,/ip/Straight-Talk-Apple-iPhone-13-128GB-Midnight-Prepaid-Smartphone-Locked-to-Straight-Talk/454408250,"Straight Talk Apple iPhone 13, 128GB, Midnight - Prepaid Smartphone [Locked to Straight Talk]",Straight Talk Phones & Plans,5.0,No title,Straight talk and their phones are a great value for kids. My preteen has had one for a few years and was upgraded for Christmas. We have never had an issue with service or quality of phone.,4/23/2026,True,0.0,0.0,Brittany,English,Walmart,bazaarvoice
454408250,"Straight Talk Apple iPhone 13, 128GB, Midnight - Prepaid Smartphone [Locked to Straight Talk]",Cell Phones,Walmart.com,F55CDC31AB754BB68FE0B39041159D63,199.0,IN_STOCK,4.3,19048,/ip/Straight-Talk-Apple-iPhone-13-128GB-Midnight-Prepaid-Smartphone-Locked-to-Straight-Talk/454408250,"Straight Talk Apple iPhone 13, 128GB, Midnight - Prepaid Smartphone [Locked to Straight Talk]",Straight Talk Phones & Plans,5.0,iPhone 13,"The iPhone 13 is a decent phone for my daily use, I have never had any problems with it so far. The battery life is pretty decent and the camera is very good. It serves it’s purpose to the max and I keep receiving updates every now and then.",4/18/2026,No recommendation,0.0,0.0,Nelson,English,Walmart,bazaarvoice
397381999,Samsung Galaxy S22+ Plus 5G SM-S906U1 128GB Black (US Model) - Factory Unlocked Cell Phone,Cell Phones,ACT,C743C49FC08340EFA1185DB7BD2856CE,288.88,IN_STOCK,3.3,72,/ip/Samsung-Galaxy-S22-Plus-5G-SM-S906U1-128GB-Black-US-Model-Factory-Unlocked-Cell-Phone/397381999,Open Box Samsung Galaxy S22+ Plus 5G SM-S906U1 256GB Pink (US Model) - Factory Unlocked Cell Phone,5G Unlocked Phones,1.0,good for a an emergency time,not good connection problems not good memorie  apps just randomly go connection problems 50/50,11-11-2024,No recommendation,0.0,0.0,isabella,English,Seller,bazaarvoice
397381999,Samsung Galaxy S22+ Plus 5G SM-S906U1 128GB Black (US Model) - Factory Unlocked Cell Phone,Cell Phones,ACT,C743C49FC08340EFA1185DB7BD2856CE,288.88,IN_STOCK,3.3,72,/ip/Samsung-Galaxy-S22-Plus-5G-SM-S906U1-128GB-Black-US-Model-Factory-Unlocked-Cell-Phone/397381999,Open Box Samsung Galaxy S22+ Plus 5G SM-S906U1 256GB Pink (US Model) - Factory Unlocked Cell Phone,5G Unlocked Phones,1.0,Total garbage. Phone crashes out of nowhere,Trash. Phone crashes 6-12  times per day. No where in the product description did it say this was a refurbished phone.  It also came without a SIM card even though it should have.,02-03-2025,False,0.0,0.0,anonymous,English,Seller,bazaarvoice
397381999,Samsung Galaxy S22+ Plus 5G SM-S906U1 128GB Black (US Model) - Factory Unlocked Cell Phone,Cell Phones,ACT,C743C49FC08340EFA1185DB7BD2856CE,288.88,IN_STOCK,3.3,72,/ip/Samsung-Galaxy-S22-Plus-5G-SM-S906U1-128GB-Black-US-Model-Factory-Unlocked-Cell-Phone/397381999,Open Box Samsung Galaxy S22+ Plus 5G SM-S906U1 256GB Pink (US Model) - Factory Unlocked Cell Phone,5G Unlocked Phones,1.0,No title,I bought this phone says nothing about being refurbished. If I wiggle the charging cable it won't charge sometimes I have to wiggle.it to charge. This is a used item being sold as new,02-12-2025,False,0.0,0.0,Joseph,English,Seller,bazaarvoice
397381999,Samsung Galaxy S22+ Plus 5G SM-S906U1 128GB Black (US Model) - Factory Unlocked Cell Phone,Cell Phones,ACT,C743C49FC08340EFA1185DB7BD2856CE,288.88,IN_STOCK,3.3,72,/ip/Samsung-Galaxy-S22-Plus-5G-SM-S906U1-128GB-Black-US-Model-Factory-Unlocked-Cell-Phone/397381999,Open Box Samsung Galaxy S22+ Plus 5G SM-S906U1 256GB Pink (US Model) - Factory Unlocked Cell Phone,5G Unlocked Phones,2.0,Not an OPEN BOX,Shipping was as scheduled. Received used phone with 2 small scratches on the screen and visible wearing signs on the body. My expectations for OPEN BOX item were different. Battery life is as used phone. Other than that phone function normally.,12-11-2023,No recommendation,0.0,0.0,Jan,English,unknown,bazaarvoice
397381999,Samsung Galaxy S22+ Plus 5G SM-S906U1 128GB Black (US Model) - Factory Unlocked Cell Phone,Cell Phones,ACT,C743C49FC08340EFA1185DB7BD2856CE,288.88,IN_STOCK,3.3,72,/ip/Samsung-Galaxy-S22-Plus-5G-SM-S906U1-128GB-Black-US-Model-Factory-Unlocked-Cell-Phone/397381999,Open Box Samsung Galaxy S22+ Plus 5G SM-S906U1 256GB Pink (US Model) - Factory Unlocked Cell Phone,5G Unlocked Phones,4.0,Samsung Galaxy S22,It was advertised as open box. It came with signs of some wear around charging port and few very minor blemishes. Over all phone has worked well so far.,12/27/2024,No recommendation,0.0,0.0,Generalbrook,English,Seller,bazaarvoice
397381999,Samsung Galaxy S22+ Plus 5G SM-S906U1 128GB Black (US Model) - Factory Unlocked Cell Phone,Cell Phones,ACT,C743C49FC08340EFA1185DB7BD2856CE,288.88,IN_STOCK,3.3,72,/ip/Samsung-Galaxy-S22-Plus-5G-SM-S906U1-128GB-Black-US-Model-Factory-Unlocked-Cell-Phone/397381999,Open Box Samsung Galaxy S22+ Plus 5G SM-S906U1 256GB Pink (US Model) - Factory Unlocked Cell Phone,5G Unlocked Phones,4.0,my preference about 2 years old for a phone and a,I stop getting smartphones when they were more than $600. I prefer getting a phone that's about 2 years old enough time to get the updates and enough of reduce of price so I do notice the upgrade to this phone then older phones,02-09-2025,No recommendation,0.0,0.0,Hal,English,Seller,bazaarvoice
397381999,Samsung Galaxy S22+ Plus 5G SM-S906U1 128GB Black (US Model) - Factory Unlocked Cell Phone,Cell Phones,ACT,C743C49FC08340EFA1185DB7BD2856CE,288.88,IN_STOCK,3.3,72,/ip/Samsung-Galaxy-S22-Plus-5G-SM-S906U1-128GB-Black-US-Model-Factory-Unlocked-Cell-Phone/397381999,Open Box Samsung Galaxy S22+ Plus 5G SM-S906U1 256GB Pink (US Model) - Factory Unlocked Cell Phone,5G Unlocked Phones,1.0,Product description doesn't say it is Open Box,"I am very disappointed to receive an open box phone with minor scratches all over the screen, product description do not say it is an open boxed item.",4/15/2024,No recommendation,0.0,0.0,sri,English,unknown,bazaarvoice
397381999,Samsung Galaxy S22+ Plus 5G SM-S906U1 128GB Black (US Model) - Factory Unlocked Cell Phone,Cell Phones,ACT,C743C49FC08340EFA1185DB7BD2856CE,288.88,IN_STOCK,3.3,72,/ip/Samsung-Galaxy-S22-Plus-5G-SM-S906U1-128GB-Black-US-Model-Factory-Unlocked-Cell-Phone/397381999,Open Box Samsung Galaxy S22+ Plus 5G SM-S906U1 256GB Pink (US Model) - Factory Unlocked Cell Phone,5G Unlocked Phones,3.0,No title,It's small.I wish i had knowed how small it was,11-01-2024,No recommendation,0.0,0.0,thelma,English,Seller,bazaarvoice
397381999,Samsung Galaxy S22+ Plus 5G SM-S906U1 128GB Black (US Model) - Factory Unlocked Cell Phone,Cell Phones,ACT,C743C49FC08340EFA1185DB7BD2856CE,288.88,IN_STOCK,3.3,72,/ip/Samsung-Galaxy-S22-Plus-5G-SM-S906U1-128GB-Black-US-Model-Factory-Unlocked-Cell-Phone/397381999,Open Box Samsung Galaxy S22+ Plus 5G SM-S906U1 256GB Pink (US Model) - Factory Unlocked Cell Phone,5G Unlocked Phones,1.0,lies item is not new,description says new item but its used and beat up,03-07-2025,False,0.0,0.0,Amber,English,Seller,bazaarvoice
397381999,Samsung Galaxy S22+ Plus 5G SM-S906U1 128GB Black (US Model) - Factory Unlocked Cell Phone,Cell Phones,ACT,C743C49FC08340EFA1185DB7BD2856CE,288.88,IN_STOCK,3.3,72,/ip/Samsung-Galaxy-S22-Plus-5G-SM-S906U1-128GB-Black-US-Model-Factory-Unlocked-Cell-Phone/397381999,Open Box Samsung Galaxy S22+ Plus 5G SM-S906U1 256GB Pink (US Model) - Factory Unlocked Cell Phone,5G Unlocked Phones,5.0,No title,"Great price and very good phone, takes great pictures!",2/23/2025,True,0.0,0.0,Melinda,English,Seller,bazaarvoice
5298865371,"Straight Talk Samsung Galaxy A35 5G, Black - Prepaid Smartphone [Locked to Straight Talk]",Cell Phones,Walmart.com,F55CDC31AB754BB68FE0B39041159D63,279.0,IN_STOCK,4.1,655,/ip/Straight-Talk-Samsung-Galaxy-A35-5G-Black-Prepaid-Smartphone-Locked-to-Straight-Talk/5298865371,"Straight Talk Samsung Galaxy A35 5G, Black - Prepaid Smartphone [Locked to Straight Talk]",Prepaid Android phones,4.0,Samsung is a good phone at an affordable price.,Works really well so far.  Hope it continues to be reliable,10-04-2025,True,0.0,0.0,Judy A,English,unknown,bazaarvoice
5298865371,"Straight Talk Samsung Galaxy A35 5G, Black - Prepaid Smartphone [Locked to Straight Talk]",Cell Phones,Walmart.com,F55CDC31AB754BB68FE0B39041159D63,279.0,IN_STOCK,4.1,655,/ip/Straight-Talk-Samsung-Galaxy-A35-5G-Black-Prepaid-Smartphone-Locked-to-Straight-Talk/5298865371,"Straight Talk Samsung Galaxy A35 5G, Black - Prepaid Smartphone [Locked to Straight Talk]",Prepaid Android phones,5.0,No title,complicated to setup by yourself,05-12-2025,True,0.0,0.0,Dale,English,Walmart,bazaarvoice
5298865371,"Straight Talk Samsung Galaxy A35 5G, Black - Prepaid Smartphone [Locked to Straight Talk]",Cell Phones,Walmart.com,F55CDC31AB754BB68FE0B39041159D63,279.0,IN_STOCK,4.1,655,/ip/Straight-Talk-Samsung-Galaxy-A35-5G-Black-Prepaid-Smartphone-Locked-to-Straight-Talk/5298865371,"Straight Talk Samsung Galaxy A35 5G, Black - Prepaid Smartphone [Locked to Straight Talk]",Prepaid Android phones,5.0,Truly a great investment,Of all my phones this one is my favorite. It's very easy to use,09-04-2025,No recommendation,0.0,0.0,Ffina,English,unknown,bazaarvoice
5298865371,"Straight Talk Samsung Galaxy A35 5G, Black - Prepaid Smartphone [Locked to Straight Talk]",Cell Phones,Walmart.com,F55CDC31AB754BB68FE0B39041159D63,279.0,IN_STOCK,4.1,655,/ip/Straight-Talk-Samsung-Galaxy-A35-5G-Black-Prepaid-Smartphone-Locked-to-Straight-Talk/5298865371,"Straight Talk Samsung Galaxy A35 5G, Black - Prepaid Smartphone [Locked to Straight Talk]",Prepaid Android phones,5.0,New phone Samsung a35,Awesome phone !! Great quality pictures and videos and sound,04-02-2025,True,0.0,0.0,Deem,English,unknown,bazaarvoice
5298865371,"Straight Talk Samsung Galaxy A35 5G, Black - Prepaid Smartphone [Locked to Straight Talk]",Cell Phones,Walmart.com,F55CDC31AB754BB68FE0B39041159D63,279.0,IN_STOCK,4.1,655,/ip/Straight-Talk-Samsung-Galaxy-A35-5G-Black-Prepaid-Smartphone-Locked-to-Straight-Talk/5298865371,"Straight Talk Samsung Galaxy A35 5G, Black - Prepaid Smartphone [Locked to Straight Talk]",Prepaid Android phones,5.0,Good phone,Phone was easy to set up and processes data quickly.,9/21/2025,True,0.0,0.0,ThebestJohn,English,unknown,bazaarvoice
5298865371,"Straight Talk Samsung Galaxy A35 5G, Black - Prepaid Smartphone [Locked to Straight Talk]",Cell Phones,Walmart.com,F55CDC31AB754BB68FE0B39041159D63,279.0,IN_STOCK,4.1,655,/ip/Straight-Talk-Samsung-Galaxy-A35-5G-Black-Prepaid-Smartphone-Locked-to-Straight-Talk/5298865371,"Straight Talk Samsung Galaxy A35 5G, Black - Prepaid Smartphone [Locked to Straight Talk]",Prepaid Android phones,3.0,No title,very hard to navigate and way too many pop ups in apps. i prefer the A20 to this one.,11/18/2025,No recommendation,0.0,0.0,Barbara,English,Walmart,bazaarvoice
5298865371,"Straight Talk Samsung Galaxy A35 5G, Black - Prepaid Smartphone [Locked to Straight Talk]",Cell Phones,Walmart.com,F55CDC31AB754BB68FE0B39041159D63,279.0,IN_STOCK,4.1,655,/ip/Straight-Talk-Samsung-Galaxy-A35-5G-Black-Prepaid-Smartphone-Locked-to-Straight-Talk/5298865371,"Straight Talk Samsung Galaxy A35 5G, Black - Prepaid Smartphone [Locked to Straight Talk]",Prepaid Android phones,5.0,Works great,Love it so far! Works well is fast and reliable. Qas a good upgrade!,11-10-2025,True,0.0,0.0,Kaila,English,unknown,bazaarvoice
5298865371,"Straight Talk Samsung Galaxy A35 5G, Black - Prepaid Smartphone [Locked to Straight Talk]",Cell Phones,Walmart.com,F55CDC31AB754BB68FE0B39041159D63,279.0,IN_STOCK,4.1,655,/ip/Straight-Talk-Samsung-Galaxy-A35-5G-Black-Prepaid-Smartphone-Locked-to-Straight-Talk/5298865371,"Straight Talk Samsung Galaxy A35 5G, Black - Prepaid Smartphone [Locked to Straight Talk]",Prepaid Android phones,5.0,Great service,"I love the phone the price and how fast it works, I would recommend straight talk to anyone",11-11-2025,True,0.0,0.0,Stacy72,English,unknown,bazaarvoice
5298865371,"Straight Talk Samsung Galaxy A35 5G, Black - Prepaid Smartphone [Locked to Straight Talk]",Cell Phones,Walmart.com,F55CDC31AB754BB68FE0B39041159D63,279.0,IN_STOCK,4.1,655,/ip/Straight-Talk-Samsung-Galaxy-A35-5G-Black-Prepaid-Smartphone-Locked-to-Straight-Talk/5298865371,"Straight Talk Samsung Galaxy A35 5G, Black - Prepaid Smartphone [Locked to Straight Talk]",Prepaid Android phones,5.0,"Just a few details about the phone, great purchase","Nice, runs smooth, camera is good and lots of storage!",11-11-2025,True,0.0,0.0,JM79,English,unknown,bazaarvoice
5298865371,"Straight Talk Samsung Galaxy A35 5G, Black - Prepaid Smartphone [Locked to Straight Talk]",Cell Phones,Walmart.com,F55CDC31AB754BB68FE0B39041159D63,279.0,IN_STOCK,4.1,655,/ip/Straight-Talk-Samsung-Galaxy-A35-5G-Black-Prepaid-Smartphone-Locked-to-Straight-Talk/5298865371,"Straight Talk Samsung Galaxy A35 5G, Black - Prepaid Smartphone [Locked to Straight Talk]",Prepaid Android phones,5.0,Easy transfer over from my old Nokia,"Great value for my money, easy setup and transfer over.",11/13/2025,True,0.0,0.0,Satisfied purchaser,English,unknown,bazaarvoice
5298865371,"Straight Talk Samsung Galaxy A35 5G, Black - Prepaid Smartphone [Locked to Straight Talk]",Cell Phones,Walmart.com,F55CDC31AB754BB68FE0B39041159D63,279.0,IN_STOCK,4.1,655,/ip/Straight-Talk-Samsung-Galaxy-A35-5G-Black-Prepaid-Smartphone-Locked-to-Straight-Talk/5298865371,"Straight Talk Samsung Galaxy A35 5G, Black - Prepaid Smartphone [Locked to Straight Talk]",Prepaid Android phones,5.0,A35 5G,I'm loving my new A35 5G phone! No complaints or issues with this phone. Very happy.,3/20/2025,True,0.0,0.0,Paul T,English,unknown,bazaarvoice
5298865371,"Straight Talk Samsung Galaxy A35 5G, Black - Prepaid Smartphone [Locked to Straight Talk]",Cell Phones,Walmart.com,F55CDC31AB754BB68FE0B39041159D63,279.0,IN_STOCK,4.1,655,/ip/Straight-Talk-Samsung-Galaxy-A35-5G-Black-Prepaid-Smartphone-Locked-to-Straight-Talk/5298865371,"Straight Talk Samsung Galaxy A35 5G, Black - Prepaid Smartphone [Locked to Straight Talk]",Prepaid Android phones,1.0,False advertising,Its description is black. Its not!!!,03-06-2025,False,0.0,0.0,Sherrie,English,Walmart,bazaarvoice
5298865371,"Straight Talk Samsung Galaxy A35 5G, Black - Prepaid Smartphone [Locked to Straight Talk]",Cell Phones,Walmart.com,F55CDC31AB754BB68FE0B39041159D63,279.0,IN_STOCK,4.1,655,/ip/Straight-Talk-Samsung-Galaxy-A35-5G-Black-Prepaid-Smartphone-Locked-to-Straight-Talk/5298865371,"Straight Talk Samsung Galaxy A35 5G, Black - Prepaid Smartphone [Locked to Straight Talk]",Prepaid Android phones,1.0,slow processing speed touch is not accurate either,slow slow slow slow slow slow wish I would have gotten another,05-04-2025,False,0.0,0.0,kindred,English,unknown,bazaarvoice
5298865371,"Straight Talk Samsung Galaxy A35 5G, Black - Prepaid Smartphone [Locked to Straight Talk]",Cell Phones,Walmart.com,F55CDC31AB754BB68FE0B39041159D63,279.0,IN_STOCK,4.1,655,/ip/Straight-Talk-Samsung-Galaxy-A35-5G-Black-Prepaid-Smartphone-Locked-to-Straight-Talk/5298865371,"Straight Talk Samsung Galaxy A35 5G, Black - Prepaid Smartphone [Locked to Straight Talk]",Prepaid Android phones,1.0,No title,Phone never activated prior to shipping! Online purchase! Phone completely useless! 😭,4/23/2025,False,0.0,0.0,Vicky,English,Walmart,bazaarvoice
5298865371,"Straight Talk Samsung Galaxy A35 5G, Black - Prepaid Smartphone [Locked to Straight Talk]",Cell Phones,Walmart.com,F55CDC31AB754BB68FE0B39041159D63,279.0,IN_STOCK,4.1,655,/ip/Straight-Talk-Samsung-Galaxy-A35-5G-Black-Prepaid-Smartphone-Locked-to-Straight-Talk/5298865371,"Straight Talk Samsung Galaxy A35 5G, Black - Prepaid Smartphone [Locked to Straight Talk]",Prepaid Android phones,3.0,Samsung Galaxy A35 5G,"Doesn't have a plug in for ear buds,I don't like the bIuetooth ones.",4/24/2025,True,0.0,0.0,D Mathias,English,unknown,bazaarvoice
5298865371,"Straight Talk Samsung Galaxy A35 5G, Black - Prepaid Smartphone [Locked to Straight Talk]",Cell Phones,Walmart.com,F55CDC31AB754BB68FE0B39041159D63,279.0,IN_STOCK,4.1,655,/ip/Straight-Talk-Samsung-Galaxy-A35-5G-Black-Prepaid-Smartphone-Locked-to-Straight-Talk/5298865371,"Straight Talk Samsung Galaxy A35 5G, Black - Prepaid Smartphone [Locked to Straight Talk]",Prepaid Android phones,4.0,Phone,Phone is great. Keeping the service going was a pain and took some time.,04-04-2025,No recommendation,0.0,0.0,Ron N,English,unknown,bazaarvoice
5298865371,"Straight Talk Samsung Galaxy A35 5G, Black - Prepaid Smartphone [Locked to Straight Talk]",Cell Phones,Walmart.com,F55CDC31AB754BB68FE0B39041159D63,279.0,IN_STOCK,4.1,655,/ip/Straight-Talk-Samsung-Galaxy-A35-5G-Black-Prepaid-Smartphone-Locked-to-Straight-Talk/5298865371,"Straight Talk Samsung Galaxy A35 5G, Black - Prepaid Smartphone [Locked to Straight Talk]",Prepaid Android phones,5.0,Good phone,Bought for my Grandson who is an avid android guy lol. He loves it.,4/28/2025,True,0.0,0.0,1212,English,unknown,bazaarvoice
5298865371,"Straight Talk Samsung Galaxy A35 5G, Black - Prepaid Smartphone [Locked to Straight Talk]",Cell Phones,Walmart.com,F55CDC31AB754BB68FE0B39041159D63,279.0,IN_STOCK,4.1,655,/ip/Straight-Talk-Samsung-Galaxy-A35-5G-Black-Prepaid-Smartphone-Locked-to-Straight-Talk/5298865371,"Straight Talk Samsung Galaxy A35 5G, Black - Prepaid Smartphone [Locked to Straight Talk]",Prepaid Android phones,3.0,Could be better,Its supposed to be a 5G but only get 4G it a slower then my old one,3/17/2025,False,0.0,0.0,John247,English,unknown,bazaarvoice
5298865371,"Straight Talk Samsung Galaxy A35 5G, Black - Prepaid Smartphone [Locked to Straight Talk]",Cell Phones,Walmart.com,F55CDC31AB754BB68FE0B39041159D63,279.0,IN_STOCK,4.1,655,/ip/Straight-Talk-Samsung-Galaxy-A35-5G-Black-Prepaid-Smartphone-Locked-to-Straight-Talk/5298865371,"Straight Talk Samsung Galaxy A35 5G, Black - Prepaid Smartphone [Locked to Straight Talk]",Prepaid Android phones,5.0,Great phone,Love this device so many greay easy to use features,3/17/2025,True,0.0,0.0,Leeluu,English,unknown,bazaarvoice
5298865371,"Straight Talk Samsung Galaxy A35 5G, Black - Prepaid Smartphone [Locked to Straight Talk]",Cell Phones,Walmart.com,F55CDC31AB754BB68FE0B39041159D63,279.0,IN_STOCK,4.1,655,/ip/Straight-Talk-Samsung-Galaxy-A35-5G-Black-Prepaid-Smartphone-Locked-to-Straight-Talk/5298865371,"Straight Talk Samsung Galaxy A35 5G, Black - Prepaid Smartphone [Locked to Straight Talk]",Prepaid Android phones,4.0,Ehhh,"Phone is slow and glitchy, but for its price not bad",04-04-2025,No recommendation,0.0,0.0,Chris75,English,unknown,bazaarvoice
16899107729,"Motorola Moto E15 6.67"" 90Hz Display | 64GB Storage | 5200 mAh Battery | GSM Unlocked Dual SIM International Version Smartphone (Brand New)",Cell Phones,Gotham Cells,4774B63055DE423D8BB399DD0AD29593,93.0,IN_STOCK,3.7,61,/ip/Motorola-Moto-E15-6-67-90Hz-Display-64GB-Storage-5200-mAh-Battery-GSM-Unlocked-Dual-SIM-International-Version-Smartphone-Brand-New/16899107729,"Motorola Moto E15 6.67"" 90Hz Display | 64GB Storage | 5200 mAh Battery | GSM Unlocked Dual SIM International Version Smartphone (Brand New)",All Samsung Galaxy Unlocked Phones,5.0,Great phone,"Great phone! I had no issues connecting it to my carrier. The color is beautiful, the screen size is perfect, and the battery easily lasted me about two days. Overall, very happy with this purchase.",11/18/2025,No recommendation,0.0,0.0,Adriel,English,Seller,bazaarvoice
16899107729,"Motorola Moto E15 6.67"" 90Hz Display | 64GB Storage | 5200 mAh Battery | GSM Unlocked Dual SIM International Version Smartphone (Brand New)",Cell Phones,Gotham Cells,4774B63055DE423D8BB399DD0AD29593,93.0,IN_STOCK,3.7,61,/ip/Motorola-Moto-E15-6-67-90Hz-Display-64GB-Storage-5200-mAh-Battery-GSM-Unlocked-Dual-SIM-International-Version-Smartphone-Brand-New/16899107729,"Motorola Moto E15 6.67"" 90Hz Display | 64GB Storage | 5200 mAh Battery | GSM Unlocked Dual SIM International Version Smartphone (Brand New)",All Samsung Galaxy Unlocked Phones,5.0,great phone,like everything about it dislike nothing,1/16/2026,True,0.0,0.0,Jesse,English,Seller,bazaarvoice
16899107729,"Motorola Moto E15 6.67"" 90Hz Display | 64GB Storage | 5200 mAh Battery | GSM Unlocked Dual SIM International Version Smartphone (Brand New)",Cell Phones,Gotham Cells,4774B63055DE423D8BB399DD0AD29593,93.0,IN_STOCK,3.7,61,/ip/Motorola-Moto-E15-6-67-90Hz-Display-64GB-Storage-5200-mAh-Battery-GSM-Unlocked-Dual-SIM-International-Version-Smartphone-Brand-New/16899107729,"Motorola Moto E15 6.67"" 90Hz Display | 64GB Storage | 5200 mAh Battery | GSM Unlocked Dual SIM International Version Smartphone (Brand New)",All Samsung Galaxy Unlocked Phones,5.0,Value for money,"Comes with cover,good quality phone for the price. value for money",11/13/2025,True,0.0,0.0,Benson,English,Walmart,bazaarvoice
16899107729,"Motorola Moto E15 6.67"" 90Hz Display | 64GB Storage | 5200 mAh Battery | GSM Unlocked Dual SIM International Version Smartphone (Brand New)",Cell Phones,Gotham Cells,4774B63055DE423D8BB399DD0AD29593,93.0,IN_STOCK,3.7,61,/ip/Motorola-Moto-E15-6-67-90Hz-Display-64GB-Storage-5200-mAh-Battery-GSM-Unlocked-Dual-SIM-International-Version-Smartphone-Brand-New/16899107729,"Motorola Moto E15 6.67"" 90Hz Display | 64GB Storage | 5200 mAh Battery | GSM Unlocked Dual SIM International Version Smartphone (Brand New)",All Samsung Galaxy Unlocked Phones,5.0,No title,"Looking at the price, it's a good buy, I'm definitely buying again",02-03-2026,No recommendation,0.0,0.0,Lydia,English,Seller,bazaarvoice
16899107729,"Motorola Moto E15 6.67"" 90Hz Display | 64GB Storage | 5200 mAh Battery | GSM Unlocked Dual SIM International Version Smartphone (Brand New)",Cell Phones,Gotham Cells,4774B63055DE423D8BB399DD0AD29593,93.0,IN_STOCK,3.7,61,/ip/Motorola-Moto-E15-6-67-90Hz-Display-64GB-Storage-5200-mAh-Battery-GSM-Unlocked-Dual-SIM-International-Version-Smartphone-Brand-New/16899107729,"Motorola Moto E15 6.67"" 90Hz Display | 64GB Storage | 5200 mAh Battery | GSM Unlocked Dual SIM International Version Smartphone (Brand New)",All Samsung Galaxy Unlocked Phones,5.0,No title,Nice phone for it's price,11/26/2025,True,0.0,0.0,Sahra,English,Seller,bazaarvoice
16899107729,"Motorola Moto E15 6.67"" 90Hz Display | 64GB Storage | 5200 mAh Battery | GSM Unlocked Dual SIM International Version Smartphone (Brand New)",Cell Phones,Gotham Cells,4774B63055DE423D8BB399DD0AD29593,93.0,IN_STOCK,3.7,61,/ip/Motorola-Moto-E15-6-67-90Hz-Display-64GB-Storage-5200-mAh-Battery-GSM-Unlocked-Dual-SIM-International-Version-Smartphone-Brand-New/16899107729,"Motorola Moto E15 6.67"" 90Hz Display | 64GB Storage | 5200 mAh Battery | GSM Unlocked Dual SIM International Version Smartphone (Brand New)",All Samsung Galaxy Unlocked Phones,1.0,No title,Do not buy from this seller. i bought what was supposed to be a new phone for a christmas gift. It turns out the is already activated and they don't respond to calls or emails. I will be blasting negative review s about this company everywhere. I am also filling a complaint with the BBB.,05-09-2026,False,0.0,0.0,nichole,English,Seller,bazaarvoice
16899107729,"Motorola Moto E15 6.67"" 90Hz Display | 64GB Storage | 5200 mAh Battery | GSM Unlocked Dual SIM International Version Smartphone (Brand New)",Cell Phones,Gotham Cells,4774B63055DE423D8BB399DD0AD29593,93.0,IN_STOCK,3.7,61,/ip/Motorola-Moto-E15-6-67-90Hz-Display-64GB-Storage-5200-mAh-Battery-GSM-Unlocked-Dual-SIM-International-Version-Smartphone-Brand-New/16899107729,"Motorola Moto E15 6.67"" 90Hz Display | 64GB Storage | 5200 mAh Battery | GSM Unlocked Dual SIM International Version Smartphone (Brand New)",All Samsung Galaxy Unlocked Phones,1.0,Disappointed!,"The phone itself is great! It was suppose to be unlocked, but when I took it to be activated I was told it was locked. This was a gift from Santa, so try to explain that to your child!!!",02-04-2026,False,0.0,0.0,Julie,English,Seller,bazaarvoice
16899107729,"Motorola Moto E15 6.67"" 90Hz Display | 64GB Storage | 5200 mAh Battery | GSM Unlocked Dual SIM International Version Smartphone (Brand New)",Cell Phones,Gotham Cells,4774B63055DE423D8BB399DD0AD29593,93.0,IN_STOCK,3.7,61,/ip/Motorola-Moto-E15-6-67-90Hz-Display-64GB-Storage-5200-mAh-Battery-GSM-Unlocked-Dual-SIM-International-Version-Smartphone-Brand-New/16899107729,"Motorola Moto E15 6.67"" 90Hz Display | 64GB Storage | 5200 mAh Battery | GSM Unlocked Dual SIM International Version Smartphone (Brand New)",All Samsung Galaxy Unlocked Phones,1.0,No title,This phone is supposed to be gsm unlocked brand new. But the power botton doesn't work and it wont connect  to my sim,11/18/2025,False,0.0,0.0,Desiree,English,Seller,bazaarvoice
16899107729,"Motorola Moto E15 6.67"" 90Hz Display | 64GB Storage | 5200 mAh Battery | GSM Unlocked Dual SIM International Version Smartphone (Brand New)",Cell Phones,Gotham Cells,4774B63055DE423D8BB399DD0AD29593,93.0,IN_STOCK,3.7,61,/ip/Motorola-Moto-E15-6-67-90Hz-Display-64GB-Storage-5200-mAh-Battery-GSM-Unlocked-Dual-SIM-International-Version-Smartphone-Brand-New/16899107729,"Motorola Moto E15 6.67"" 90Hz Display | 64GB Storage | 5200 mAh Battery | GSM Unlocked Dual SIM International Version Smartphone (Brand New)",All Samsung Galaxy Unlocked Phones,1.0,You get what you pay for..,"Even after following the setup prompts, my old phone number didn't/wouldn't transfer. Thank goodness for wifi, if not, I couldn't contact anyone.",01-11-2026,False,0.0,0.0,Elaine,English,Seller,bazaarvoice
16899107729,"Motorola Moto E15 6.67"" 90Hz Display | 64GB Storage | 5200 mAh Battery | GSM Unlocked Dual SIM International Version Smartphone (Brand New)",Cell Phones,Gotham Cells,4774B63055DE423D8BB399DD0AD29593,93.0,IN_STOCK,3.7,61,/ip/Motorola-Moto-E15-6-67-90Hz-Display-64GB-Storage-5200-mAh-Battery-GSM-Unlocked-Dual-SIM-International-Version-Smartphone-Brand-New/16899107729,"Motorola Moto E15 6.67"" 90Hz Display | 64GB Storage | 5200 mAh Battery | GSM Unlocked Dual SIM International Version Smartphone (Brand New)",All Samsung Galaxy Unlocked Phones,1.0,No cell phone company will accept this phone,No cell company will add this phone to be on their plans! Waste of money!,02-06-2026,No recommendation,0.0,0.0,TwinningMom,English,Seller,bazaarvoice
16899107729,"Motorola Moto E15 6.67"" 90Hz Display | 64GB Storage | 5200 mAh Battery | GSM Unlocked Dual SIM International Version Smartphone (Brand New)",Cell Phones,Gotham Cells,4774B63055DE423D8BB399DD0AD29593,93.0,IN_STOCK,3.7,61,/ip/Motorola-Moto-E15-6-67-90Hz-Display-64GB-Storage-5200-mAh-Battery-GSM-Unlocked-Dual-SIM-International-Version-Smartphone-Brand-New/16899107729,"Motorola Moto E15 6.67"" 90Hz Display | 64GB Storage | 5200 mAh Battery | GSM Unlocked Dual SIM International Version Smartphone (Brand New)",All Samsung Galaxy Unlocked Phones,5.0,Great value!,Great value for the price paid!,1/29/2026,True,0.0,0.0,David,English,Seller,bazaarvoice
16899107729,"Motorola Moto E15 6.67"" 90Hz Display | 64GB Storage | 5200 mAh Battery | GSM Unlocked Dual SIM International Version Smartphone (Brand New)",Cell Phones,Gotham Cells,4774B63055DE423D8BB399DD0AD29593,93.0,IN_STOCK,3.7,61,/ip/Motorola-Moto-E15-6-67-90Hz-Display-64GB-Storage-5200-mAh-Battery-GSM-Unlocked-Dual-SIM-International-Version-Smartphone-Brand-New/16899107729,"Motorola Moto E15 6.67"" 90Hz Display | 64GB Storage | 5200 mAh Battery | GSM Unlocked Dual SIM International Version Smartphone (Brand New)",All Samsung Galaxy Unlocked Phones,5.0,No title,"Easy to use, just as described",9/18/2025,True,0.0,0.0,Michelle,English,Walmart,bazaarvoice
16899107729,"Motorola Moto E15 6.67"" 90Hz Display | 64GB Storage | 5200 mAh Battery | GSM Unlocked Dual SIM International Version Smartphone (Brand New)",Cell Phones,Gotham Cells,4774B63055DE423D8BB399DD0AD29593,93.0,IN_STOCK,3.7,61,/ip/Motorola-Moto-E15-6-67-90Hz-Display-64GB-Storage-5200-mAh-Battery-GSM-Unlocked-Dual-SIM-International-Version-Smartphone-Brand-New/16899107729,"Motorola Moto E15 6.67"" 90Hz Display | 64GB Storage | 5200 mAh Battery | GSM Unlocked Dual SIM International Version Smartphone (Brand New)",All Samsung Galaxy Unlocked Phones,5.0,Motorola e 15,works well I like it.,1/24/2026,True,0.0,0.0,Nate,English,Seller,bazaarvoice
16899107729,"Motorola Moto E15 6.67"" 90Hz Display | 64GB Storage | 5200 mAh Battery | GSM Unlocked Dual SIM International Version Smartphone (Brand New)",Cell Phones,Gotham Cells,4774B63055DE423D8BB399DD0AD29593,93.0,IN_STOCK,3.7,61,/ip/Motorola-Moto-E15-6-67-90Hz-Display-64GB-Storage-5200-mAh-Battery-GSM-Unlocked-Dual-SIM-International-Version-Smartphone-Brand-New/16899107729,"Motorola Moto E15 6.67"" 90Hz Display | 64GB Storage | 5200 mAh Battery | GSM Unlocked Dual SIM International Version Smartphone (Brand New)",All Samsung Galaxy Unlocked Phones,3.0,No title,a real deal.,03-10-2026,True,0.0,0.0,Greg,English,Seller,bazaarvoice
16899107729,"Motorola Moto E15 6.67"" 90Hz Display | 64GB Storage | 5200 mAh Battery | GSM Unlocked Dual SIM International Version Smartphone (Brand New)",Cell Phones,Gotham Cells,4774B63055DE423D8BB399DD0AD29593,93.0,IN_STOCK,3.7,61,/ip/Motorola-Moto-E15-6-67-90Hz-Display-64GB-Storage-5200-mAh-Battery-GSM-Unlocked-Dual-SIM-International-Version-Smartphone-Brand-New/16899107729,"Motorola Moto E15 6.67"" 90Hz Display | 64GB Storage | 5200 mAh Battery | GSM Unlocked Dual SIM International Version Smartphone (Brand New)",All Samsung Galaxy Unlocked Phones,3.0,No title,liked the price,3/13/2026,No recommendation,0.0,0.0,vicki,English,Seller,bazaarvoice
16899107729,"Motorola Moto E15 6.67"" 90Hz Display | 64GB Storage | 5200 mAh Battery | GSM Unlocked Dual SIM International Version Smartphone (Brand New)",Cell Phones,Gotham Cells,4774B63055DE423D8BB399DD0AD29593,93.0,IN_STOCK,3.7,61,/ip/Motorola-Moto-E15-6-67-90Hz-Display-64GB-Storage-5200-mAh-Battery-GSM-Unlocked-Dual-SIM-International-Version-Smartphone-Brand-New/16899107729,"Motorola Moto E15 6.67"" 90Hz Display | 64GB Storage | 5200 mAh Battery | GSM Unlocked Dual SIM International Version Smartphone (Brand New)",All Samsung Galaxy Unlocked Phones,5.0,No title,Overall good value,12/28/2025,No recommendation,0.0,0.0,Josh,English,Seller,bazaarvoice
16624205172,"Straight Talk Motorola Moto Edge 2025, 5G, 256GB, Green - Prepaid Smartphone [Locked to Straight Talk]",Cell Phones,Walmart.com,F55CDC31AB754BB68FE0B39041159D63,199.0,IN_STOCK,4.5,273,/ip/ST-MOTOROLA-XT2519V-CDMA-LTE-GREEN-HANDSET-WALMART-POSA/16624205172,"Straight Talk Motorola Moto Edge 2025, 5G, 256GB, Green - Prepaid Smartphone [Locked to Straight Talk]",5G Prepaid Phones,4.0,No title,I like the phone it's really good but I don't like the curved screen because it's hard to get anything on the edges,3/16/2026,True,0.0,0.0,Linda,English,Walmart,bazaarvoice
16624205172,"Straight Talk Motorola Moto Edge 2025, 5G, 256GB, Green - Prepaid Smartphone [Locked to Straight Talk]",Cell Phones,Walmart.com,F55CDC31AB754BB68FE0B39041159D63,199.0,IN_STOCK,4.5,273,/ip/ST-MOTOROLA-XT2519V-CDMA-LTE-GREEN-HANDSET-WALMART-POSA/16624205172,"Straight Talk Motorola Moto Edge 2025, 5G, 256GB, Green - Prepaid Smartphone [Locked to Straight Talk]",5G Prepaid Phones,5.0,Love my Motorola,Everything I need for a price I couldn't pass up. Easy switch from my old phone to this one. Performs perfect!,09-08-2025,True,0.0,0.0,Antonio c,English,unknown,bazaarvoice
16624205172,"Straight Talk Motorola Moto Edge 2025, 5G, 256GB, Green - Prepaid Smartphone [Locked to Straight Talk]",Cell Phones,Walmart.com,F55CDC31AB754BB68FE0B39041159D63,199.0,IN_STOCK,4.5,273,/ip/ST-MOTOROLA-XT2519V-CDMA-LTE-GREEN-HANDSET-WALMART-POSA/16624205172,"Straight Talk Motorola Moto Edge 2025, 5G, 256GB, Green - Prepaid Smartphone [Locked to Straight Talk]",5G Prepaid Phones,1.0,No title,We received the phone but it was not activated before it left the store.  We cannot activate the phone.,12-08-2025,True,0.0,0.0,Joseph,English,Walmart,bazaarvoice
16624205172,"Straight Talk Motorola Moto Edge 2025, 5G, 256GB, Green - Prepaid Smartphone [Locked to Straight Talk]",Cell Phones,Walmart.com,F55CDC31AB754BB68FE0B39041159D63,199.0,IN_STOCK,4.5,273,/ip/ST-MOTOROLA-XT2519V-CDMA-LTE-GREEN-HANDSET-WALMART-POSA/16624205172,"Straight Talk Motorola Moto Edge 2025, 5G, 256GB, Green - Prepaid Smartphone [Locked to Straight Talk]",5G Prepaid Phones,5.0,No title,Amazing phone so far for the price! Would 100% buy with straight talk and Walmart again beautiful phone 📱,11/18/2025,True,0.0,0.0,Mason,English,Walmart,bazaarvoice
16624205172,"Straight Talk Motorola Moto Edge 2025, 5G, 256GB, Green - Prepaid Smartphone [Locked to Straight Talk]",Cell Phones,Walmart.com,F55CDC31AB754BB68FE0B39041159D63,199.0,IN_STOCK,4.5,273,/ip/ST-MOTOROLA-XT2519V-CDMA-LTE-GREEN-HANDSET-WALMART-POSA/16624205172,"Straight Talk Motorola Moto Edge 2025, 5G, 256GB, Green - Prepaid Smartphone [Locked to Straight Talk]",5G Prepaid Phones,4.0,So far so good!,I am impressed with my Motorola edge! I am finding it very easy to use.,11/30/2025,True,0.0,0.0,AngelMarie,English,unknown,bazaarvoice
16624205172,"Straight Talk Motorola Moto Edge 2025, 5G, 256GB, Green - Prepaid Smartphone [Locked to Straight Talk]",Cell Phones,Walmart.com,F55CDC31AB754BB68FE0B39041159D63,199.0,IN_STOCK,4.5,273,/ip/ST-MOTOROLA-XT2519V-CDMA-LTE-GREEN-HANDSET-WALMART-POSA/16624205172,"Straight Talk Motorola Moto Edge 2025, 5G, 256GB, Green - Prepaid Smartphone [Locked to Straight Talk]",5G Prepaid Phones,5.0,Awesome,Phone works great. Battery last quite a bit and charges super fast. No complaints,02-01-2026,True,0.0,0.0,Effren,English,unknown,bazaarvoice
16624205172,"Straight Talk Motorola Moto Edge 2025, 5G, 256GB, Green - Prepaid Smartphone [Locked to Straight Talk]",Cell Phones,Walmart.com,F55CDC31AB754BB68FE0B39041159D63,199.0,IN_STOCK,4.5,273,/ip/ST-MOTOROLA-XT2519V-CDMA-LTE-GREEN-HANDSET-WALMART-POSA/16624205172,"Straight Talk Motorola Moto Edge 2025, 5G, 256GB, Green - Prepaid Smartphone [Locked to Straight Talk]",5G Prepaid Phones,5.0,Great phone,Overall it's a great phone for a great price. Love it!,11-03-2025,True,0.0,0.0,Marty B,English,unknown,bazaarvoice
16624205172,"Straight Talk Motorola Moto Edge 2025, 5G, 256GB, Green - Prepaid Smartphone [Locked to Straight Talk]",Cell Phones,Walmart.com,F55CDC31AB754BB68FE0B39041159D63,199.0,IN_STOCK,4.5,273,/ip/ST-MOTOROLA-XT2519V-CDMA-LTE-GREEN-HANDSET-WALMART-POSA/16624205172,"Straight Talk Motorola Moto Edge 2025, 5G, 256GB, Green - Prepaid Smartphone [Locked to Straight Talk]",5G Prepaid Phones,5.0,Great phone,"Great phone for price . Great battery, excellent screen",10/30/2025,True,0.0,0.0,Dani7625,English,unknown,bazaarvoice
16624205172,"Straight Talk Motorola Moto Edge 2025, 5G, 256GB, Green - Prepaid Smartphone [Locked to Straight Talk]",Cell Phones,Walmart.com,F55CDC31AB754BB68FE0B39041159D63,199.0,IN_STOCK,4.5,273,/ip/ST-MOTOROLA-XT2519V-CDMA-LTE-GREEN-HANDSET-WALMART-POSA/16624205172,"Straight Talk Motorola Moto Edge 2025, 5G, 256GB, Green - Prepaid Smartphone [Locked to Straight Talk]",5G Prepaid Phones,5.0,Great phone,"It's a great phone, works wonderfully and I would recommend it",10-03-2025,True,0.0,0.0,Unknown,English,unknown,bazaarvoice
16624205172,"Straight Talk Motorola Moto Edge 2025, 5G, 256GB, Green - Prepaid Smartphone [Locked to Straight Talk]",Cell Phones,Walmart.com,F55CDC31AB754BB68FE0B39041159D63,199.0,IN_STOCK,4.5,273,/ip/ST-MOTOROLA-XT2519V-CDMA-LTE-GREEN-HANDSET-WALMART-POSA/16624205172,"Straight Talk Motorola Moto Edge 2025, 5G, 256GB, Green - Prepaid Smartphone [Locked to Straight Talk]",5G Prepaid Phones,5.0,Great phone,Great phone. Definitely would recommend to everyone I know.,10-04-2025,True,0.0,0.0,Dman,English,unknown,bazaarvoice
14544200150,"Total Wireless Samsung Galaxy A26, 5G, 128GB, Black - Prepaid Smartphone [Locked to Total Wireless]",Cell Phones,Walmart.com,F55CDC31AB754BB68FE0B39041159D63,199.0,IN_STOCK,4.4,92,/ip/Total-Wireless-Samsung-A26-5G-128GB-Black-Prepaid-Smartphone-Locked-to-Total-Wireless/14544200150,"Total Wireless Samsung Galaxy A26, 5G, 128GB, Black - Prepaid Smartphone [Locked to Total Wireless]",All Samsung Galaxy Prepaid Phones,5.0,Galaxy A26,"The new Samsung A26 works great! A nice upgrade. Ordered through Walmart and received quickly. I did have to set up the new phone that took a bit of time, but everything went well. I did have to transfer the Sim card from the old Samsung to the new phone to get it to work.",8/16/2025,True,0.0,0.0,Ken,English,Walmart,bazaarvoice
14544200150,"Total Wireless Samsung Galaxy A26, 5G, 128GB, Black - Prepaid Smartphone [Locked to Total Wireless]",Cell Phones,Walmart.com,F55CDC31AB754BB68FE0B39041159D63,199.0,IN_STOCK,4.4,92,/ip/Total-Wireless-Samsung-A26-5G-128GB-Black-Prepaid-Smartphone-Locked-to-Total-Wireless/14544200150,"Total Wireless Samsung Galaxy A26, 5G, 128GB, Black - Prepaid Smartphone [Locked to Total Wireless]",All Samsung Galaxy Prepaid Phones,5.0,Powerful and spacious A series 5G Smartphone,"One of the better A series Samsung smartphones. Good memory, good storage, reasonably fast processor, decent camera, are all first rate for the price. And the side button fingerprint sensor (instead of the optical one on the screen) not only works great, but also lets us use a screen protector without trouble.",10/16/2025,True,0.0,0.0,Unknown,English,unknown,bazaarvoice
14544200150,"Total Wireless Samsung Galaxy A26, 5G, 128GB, Black - Prepaid Smartphone [Locked to Total Wireless]",Cell Phones,Walmart.com,F55CDC31AB754BB68FE0B39041159D63,199.0,IN_STOCK,4.4,92,/ip/Total-Wireless-Samsung-A26-5G-128GB-Black-Prepaid-Smartphone-Locked-to-Total-Wireless/14544200150,"Total Wireless Samsung Galaxy A26, 5G, 128GB, Black - Prepaid Smartphone [Locked to Total Wireless]",All Samsung Galaxy Prepaid Phones,5.0,No title,"I'm glad I bought from Walmart instead of Amazon or Total Wireless directly. Easy order and fast delivery. Moving from an A10 to A26 is a blessing. A26 is a little thicker, taller, and heavier but everything about it is better.",06-03-2025,True,0.0,0.0,Twila,English,Walmart,bazaarvoice
14544200150,"Total Wireless Samsung Galaxy A26, 5G, 128GB, Black - Prepaid Smartphone [Locked to Total Wireless]",Cell Phones,Walmart.com,F55CDC31AB754BB68FE0B39041159D63,199.0,IN_STOCK,4.4,92,/ip/Total-Wireless-Samsung-A26-5G-128GB-Black-Prepaid-Smartphone-Locked-to-Total-Wireless/14544200150,"Total Wireless Samsung Galaxy A26, 5G, 128GB, Black - Prepaid Smartphone [Locked to Total Wireless]",All Samsung Galaxy Prepaid Phones,5.0,No title,Overall it's a great little phone. I'm still learning new things about it. I would recommend it to my friends.,02-02-2026,True,0.0,0.0,Denise,English,Walmart,bazaarvoice
14544200150,"Total Wireless Samsung Galaxy A26, 5G, 128GB, Black - Prepaid Smartphone [Locked to Total Wireless]",Cell Phones,Walmart.com,F55CDC31AB754BB68FE0B39041159D63,199.0,IN_STOCK,4.4,92,/ip/Total-Wireless-Samsung-A26-5G-128GB-Black-Prepaid-Smartphone-Locked-to-Total-Wireless/14544200150,"Total Wireless Samsung Galaxy A26, 5G, 128GB, Black - Prepaid Smartphone [Locked to Total Wireless]",All Samsung Galaxy Prepaid Phones,5.0,overall great phone for your budget,"fast operating system,great battery life and the camera has good features and takes beautiful pictures",09-04-2025,True,0.0,0.0,Jerry,English,Walmart,bazaarvoice
14544200150,"Total Wireless Samsung Galaxy A26, 5G, 128GB, Black - Prepaid Smartphone [Locked to Total Wireless]",Cell Phones,Walmart.com,F55CDC31AB754BB68FE0B39041159D63,199.0,IN_STOCK,4.4,92,/ip/Total-Wireless-Samsung-A26-5G-128GB-Black-Prepaid-Smartphone-Locked-to-Total-Wireless/14544200150,"Total Wireless Samsung Galaxy A26, 5G, 128GB, Black - Prepaid Smartphone [Locked to Total Wireless]",All Samsung Galaxy Prepaid Phones,3.0,Samsung You let me down with this one.,"i purchased the Samsung galaxy A26 because mj Galaxy J7 Crown even with a memory card was not enough . I actually liked the phone and the way it worked  beautifully for me. i am going to give this phone a few more days and then if I decide I still don't like it. I will be reactivating my old Samsung galaxy J7 Crown. Returning The A26 and buy a larger memory card . Which is what I wished I had done first. This Galax A26 comes with apps I don't want many of which insist on installing other apps . Ridiculous , so you wind up with no better memory, plus all the time spent unistalling them and denying permission tothe apps doing it. Once you have fgured out the ones they are. I want to add I am totally happy with Strait Talk as my service provider and wheever asked about service they shoud get. I tell them Straight Talk hands down.",02-06-2026,False,0.0,0.0,jim,English,Walmart,bazaarvoice
14544200150,"Total Wireless Samsung Galaxy A26, 5G, 128GB, Black - Prepaid Smartphone [Locked to Total Wireless]",Cell Phones,Walmart.com,F55CDC31AB754BB68FE0B39041159D63,199.0,IN_STOCK,4.4,92,/ip/Total-Wireless-Samsung-A26-5G-128GB-Black-Prepaid-Smartphone-Locked-to-Total-Wireless/14544200150,"Total Wireless Samsung Galaxy A26, 5G, 128GB, Black - Prepaid Smartphone [Locked to Total Wireless]",All Samsung Galaxy Prepaid Phones,3.0,Too much Google,"You have to navigate around the google screens.  Some of them can't be skipped.  Cannot delete just one text.  Have to delete whole thread,  bad,bad,bad.  No separate setting for text tone/alert, same tone/alert as some crappy piece of news that google thinks is important.",03-03-2026,False,0.0,0.0,S.V.B.,English,unknown,bazaarvoice
14544200150,"Total Wireless Samsung Galaxy A26, 5G, 128GB, Black - Prepaid Smartphone [Locked to Total Wireless]",Cell Phones,Walmart.com,F55CDC31AB754BB68FE0B39041159D63,199.0,IN_STOCK,4.4,92,/ip/Total-Wireless-Samsung-A26-5G-128GB-Black-Prepaid-Smartphone-Locked-to-Total-Wireless/14544200150,"Total Wireless Samsung Galaxy A26, 5G, 128GB, Black - Prepaid Smartphone [Locked to Total Wireless]",All Samsung Galaxy Prepaid Phones,1.0,Charger not included!,"It does not come with a charger!  Nowhere on the packaging does it state that the required charger is not included.  Apple was sued for this very thing and was fined $19 million in 2022, with courts ruling it an ""abusive practice""

At a minimum, they should mark the packages like they do kids toys, ""Requires 4 AA Batteries - Sold Separately"" - ""Requires a 25W charger - Sold Separately""",2/13/2026,False,0.0,0.0,Greg,English,Walmart,bazaarvoice
14544200150,"Total Wireless Samsung Galaxy A26, 5G, 128GB, Black - Prepaid Smartphone [Locked to Total Wireless]",Cell Phones,Walmart.com,F55CDC31AB754BB68FE0B39041159D63,199.0,IN_STOCK,4.4,92,/ip/Total-Wireless-Samsung-A26-5G-128GB-Black-Prepaid-Smartphone-Locked-to-Total-Wireless/14544200150,"Total Wireless Samsung Galaxy A26, 5G, 128GB, Black - Prepaid Smartphone [Locked to Total Wireless]",All Samsung Galaxy Prepaid Phones,1.0,No title,"I wanted Straight Talk now I have to return this phone tomorrow and get a Straight Talk phone. 
I thought I was buying a Straight Talk phone 📱 and  it's not . It was confusing when I ordered it.  I didn't want Total . I have my account with Straight Talk",01-10-2026,No recommendation,0.0,0.0,Martin,English,Walmart,bazaarvoice
14544200150,"Total Wireless Samsung Galaxy A26, 5G, 128GB, Black - Prepaid Smartphone [Locked to Total Wireless]",Cell Phones,Walmart.com,F55CDC31AB754BB68FE0B39041159D63,199.0,IN_STOCK,4.4,92,/ip/Total-Wireless-Samsung-A26-5G-128GB-Black-Prepaid-Smartphone-Locked-to-Total-Wireless/14544200150,"Total Wireless Samsung Galaxy A26, 5G, 128GB, Black - Prepaid Smartphone [Locked to Total Wireless]",All Samsung Galaxy Prepaid Phones,1.0,bad screens on A26's,"bought this phone and within first week the screen started glitching, bought another one and same result within a few days! don't buy this phone. the screens are faulty",10/23/2025,False,0.0,0.0,anthony,English,Walmart,bazaarvoice
12043760468,"Walmart Family Mobile Samsung Galaxy A16, 128GB, 5G, Black - Prepaid Smartphone [Locked to Walmart Family Mobile]",Cell Phones,VIPOUTLET,66656029CC6541CBADDFA17547A98DE0,99.0,IN_STOCK,4.2,150,/ip/Walmart-Family-Mobile-Samsung-Galaxy-A16-128GB-5G-Black-Prepaid-Smartphone-Locked-to-Walmart-Family-Mobile/12043760468,"Walmart Family Mobile Samsung Galaxy A16, 128GB, 5G, Black - Prepaid Smartphone [Locked to Walmart Family Mobile]",Prepaid Android phones,5.0,No title,I really wish these phones were cheaper!,2/19/2025,No recommendation,0.0,0.0,WalmartCustomer,English,unknown,bazaarvoice
12043760468,"Walmart Family Mobile Samsung Galaxy A16, 128GB, 5G, Black - Prepaid Smartphone [Locked to Walmart Family Mobile]",Cell Phones,VIPOUTLET,66656029CC6541CBADDFA17547A98DE0,99.0,IN_STOCK,4.2,150,/ip/Walmart-Family-Mobile-Samsung-Galaxy-A16-128GB-5G-Black-Prepaid-Smartphone-Locked-to-Walmart-Family-Mobile/12043760468,"Walmart Family Mobile Samsung Galaxy A16, 128GB, 5G, Black - Prepaid Smartphone [Locked to Walmart Family Mobile]",Prepaid Android phones,5.0,No title,I was able to set up product and also customer service was absolutely amazing.,4/28/2025,No recommendation,0.0,0.0,WalmartCustomer,English,unknown,bazaarvoice
12043760468,"Walmart Family Mobile Samsung Galaxy A16, 128GB, 5G, Black - Prepaid Smartphone [Locked to Walmart Family Mobile]",Cell Phones,VIPOUTLET,66656029CC6541CBADDFA17547A98DE0,99.0,IN_STOCK,4.2,150,/ip/Walmart-Family-Mobile-Samsung-Galaxy-A16-128GB-5G-Black-Prepaid-Smartphone-Locked-to-Walmart-Family-Mobile/12043760468,"Walmart Family Mobile Samsung Galaxy A16, 128GB, 5G, Black - Prepaid Smartphone [Locked to Walmart Family Mobile]",Prepaid Android phones,5.0,No title,The phone and the price are a really good value,2/28/2025,No recommendation,0.0,0.0,Autumn,English,unknown,bazaarvoice
12043760468,"Walmart Family Mobile Samsung Galaxy A16, 128GB, 5G, Black - Prepaid Smartphone [Locked to Walmart Family Mobile]",Cell Phones,VIPOUTLET,66656029CC6541CBADDFA17547A98DE0,99.0,IN_STOCK,4.2,150,/ip/Walmart-Family-Mobile-Samsung-Galaxy-A16-128GB-5G-Black-Prepaid-Smartphone-Locked-to-Walmart-Family-Mobile/12043760468,"Walmart Family Mobile Samsung Galaxy A16, 128GB, 5G, Black - Prepaid Smartphone [Locked to Walmart Family Mobile]",Prepaid Android phones,5.0,No title,phone works,04-12-2025,True,0.0,0.0,Carolyn,English,Walmart,bazaarvoice
12043760468,"Walmart Family Mobile Samsung Galaxy A16, 128GB, 5G, Black - Prepaid Smartphone [Locked to Walmart Family Mobile]",Cell Phones,VIPOUTLET,66656029CC6541CBADDFA17547A98DE0,99.0,IN_STOCK,4.2,150,/ip/Walmart-Family-Mobile-Samsung-Galaxy-A16-128GB-5G-Black-Prepaid-Smartphone-Locked-to-Walmart-Family-Mobile/12043760468,"Walmart Family Mobile Samsung Galaxy A16, 128GB, 5G, Black - Prepaid Smartphone [Locked to Walmart Family Mobile]",Prepaid Android phones,5.0,No title,It's okay for what it is,04-08-2025,True,0.0,0.0,me,English,Walmart,bazaarvoice
12043760468,"Walmart Family Mobile Samsung Galaxy A16, 128GB, 5G, Black - Prepaid Smartphone [Locked to Walmart Family Mobile]",Cell Phones,VIPOUTLET,66656029CC6541CBADDFA17547A98DE0,99.0,IN_STOCK,4.2,150,/ip/Walmart-Family-Mobile-Samsung-Galaxy-A16-128GB-5G-Black-Prepaid-Smartphone-Locked-to-Walmart-Family-Mobile/12043760468,"Walmart Family Mobile Samsung Galaxy A16, 128GB, 5G, Black - Prepaid Smartphone [Locked to Walmart Family Mobile]",Prepaid Android phones,5.0,5 stars,Very satisfied.,7/13/2025,No recommendation,0.0,0.0,Leslie,English,Walmart,bazaarvoice
12043760468,"Walmart Family Mobile Samsung Galaxy A16, 128GB, 5G, Black - Prepaid Smartphone [Locked to Walmart Family Mobile]",Cell Phones,VIPOUTLET,66656029CC6541CBADDFA17547A98DE0,99.0,IN_STOCK,4.2,150,/ip/Walmart-Family-Mobile-Samsung-Galaxy-A16-128GB-5G-Black-Prepaid-Smartphone-Locked-to-Walmart-Family-Mobile/12043760468,"Walmart Family Mobile Samsung Galaxy A16, 128GB, 5G, Black - Prepaid Smartphone [Locked to Walmart Family Mobile]",Prepaid Android phones,4.0,No title,Works good,2/25/2026,No recommendation,0.0,0.0,Unknown,English,Walmart,bazaarvoice
12043760468,"Walmart Family Mobile Samsung Galaxy A16, 128GB, 5G, Black - Prepaid Smartphone [Locked to Walmart Family Mobile]",Cell Phones,VIPOUTLET,66656029CC6541CBADDFA17547A98DE0,99.0,IN_STOCK,4.2,150,/ip/Walmart-Family-Mobile-Samsung-Galaxy-A16-128GB-5G-Black-Prepaid-Smartphone-Locked-to-Walmart-Family-Mobile/12043760468,"Walmart Family Mobile Samsung Galaxy A16, 128GB, 5G, Black - Prepaid Smartphone [Locked to Walmart Family Mobile]",Prepaid Android phones,1.0,Bad quality,think of a snail 🐌,6/18/2025,No recommendation,0.0,0.0,BISOY,English,Walmart,bazaarvoice
12043760468,"Walmart Family Mobile Samsung Galaxy A16, 128GB, 5G, Black - Prepaid Smartphone [Locked to Walmart Family Mobile]",Cell Phones,VIPOUTLET,66656029CC6541CBADDFA17547A98DE0,99.0,IN_STOCK,4.2,150,/ip/Walmart-Family-Mobile-Samsung-Galaxy-A16-128GB-5G-Black-Prepaid-Smartphone-Locked-to-Walmart-Family-Mobile/12043760468,"Walmart Family Mobile Samsung Galaxy A16, 128GB, 5G, Black - Prepaid Smartphone [Locked to Walmart Family Mobile]",Prepaid Android phones,1.0,No title,never recieved order,03-11-2025,False,0.0,0.0,Theodore,English,Walmart,bazaarvoice
12043760468,"Walmart Family Mobile Samsung Galaxy A16, 128GB, 5G, Black - Prepaid Smartphone [Locked to Walmart Family Mobile]",Cell Phones,VIPOUTLET,66656029CC6541CBADDFA17547A98DE0,99.0,IN_STOCK,4.2,150,/ip/Walmart-Family-Mobile-Samsung-Galaxy-A16-128GB-5G-Black-Prepaid-Smartphone-Locked-to-Walmart-Family-Mobile/12043760468,"Walmart Family Mobile Samsung Galaxy A16, 128GB, 5G, Black - Prepaid Smartphone [Locked to Walmart Family Mobile]",Prepaid Android phones,5.0,No title,Exceeded expectations,10/20/2025,True,0.0,0.0,Pamela,English,Seller,bazaarvoice
14822456361,"Straight Talk Apple iPhone 16e, 5G, 128GB, Black - Prepaid Smartphone [Locked to Straight Talk]",Cell Phones,Walmart.com,F55CDC31AB754BB68FE0B39041159D63,349.0,IN_STOCK,4.3,1711,/ip/Straight-Talk-Apple-iPhone-16e-5G-128GB-Black-Prepaid-Smartphone-Locked-to-Straight-Talk/14822456361,"Straight Talk Apple iPhone 16e, 5G, 128GB, Black - Prepaid Smartphone [Locked to Straight Talk]",Straight Talk iPhone,5.0,No title,No Reviews..,4/18/2026,No recommendation,0.0,0.0,MiAsia,English,Walmart,bazaarvoice
14822456361,"Straight Talk Apple iPhone 16e, 5G, 128GB, Black - Prepaid Smartphone [Locked to Straight Talk]",Cell Phones,Walmart.com,F55CDC31AB754BB68FE0B39041159D63,349.0,IN_STOCK,4.3,1711,/ip/Straight-Talk-Apple-iPhone-16e-5G-128GB-Black-Prepaid-Smartphone-Locked-to-Straight-Talk/14822456361,"Straight Talk Apple iPhone 16e, 5G, 128GB, Black - Prepaid Smartphone [Locked to Straight Talk]",Straight Talk iPhone,1.0,No title,Phone won’t activate,02-12-2026,No recommendation,1.0,0.0,Rebecca,English,Walmart,bazaarvoice
14822456361,"Straight Talk Apple iPhone 16e, 5G, 128GB, Black - Prepaid Smartphone [Locked to Straight Talk]",Cell Phones,Walmart.com,F55CDC31AB754BB68FE0B39041159D63,349.0,IN_STOCK,4.3,1711,/ip/Straight-Talk-Apple-iPhone-16e-5G-128GB-Black-Prepaid-Smartphone-Locked-to-Straight-Talk/14822456361,"Straight Talk Apple iPhone 16e, 5G, 128GB, Black - Prepaid Smartphone [Locked to Straight Talk]",Straight Talk iPhone,1.0,Garbage phone,Garbage phone,05-10-2026,No recommendation,0.0,0.0,Who,English,Walmart,bazaarvoice
14822456361,"Straight Talk Apple iPhone 16e, 5G, 128GB, Black - Prepaid Smartphone [Locked to Straight Talk]",Cell Phones,Walmart.com,F55CDC31AB754BB68FE0B39041159D63,349.0,IN_STOCK,4.3,1711,/ip/Straight-Talk-Apple-iPhone-16e-5G-128GB-Black-Prepaid-Smartphone-Locked-to-Straight-Talk/14822456361,"Straight Talk Apple iPhone 16e, 5G, 128GB, Black - Prepaid Smartphone [Locked to Straight Talk]",Straight Talk iPhone,5.0,No title,Satisfied customer,5/16/2026,No recommendation,0.0,0.0,Cassie,English,Walmart,bazaarvoice
14822456361,"Straight Talk Apple iPhone 16e, 5G, 128GB, Black - Prepaid Smartphone [Locked to Straight Talk]",Cell Phones,Walmart.com,F55CDC31AB754BB68FE0B39041159D63,349.0,IN_STOCK,4.3,1711,/ip/Straight-Talk-Apple-iPhone-16e-5G-128GB-Black-Prepaid-Smartphone-Locked-to-Straight-Talk/14822456361,"Straight Talk Apple iPhone 16e, 5G, 128GB, Black - Prepaid Smartphone [Locked to Straight Talk]",Straight Talk iPhone,3.0,Upgraded price for downgraded phone,I don’t see many improvements or better technology from the the XR. Same size and display quality as well… but seems to downgrade with only a single camera. The battery life does seem to be a good deal better though than the previous models.. I’m addicted to my phone and am on it almost every second of the day and it lasts a solid 18 hrs with a full charge! So that is probably the highlight to my review for this one! The price is pretty extortionate considering the minor upgrades and numerous downgrades!,08-12-2025,No recommendation,3.0,4.0,Caitlin,English,Walmart,bazaarvoice
14822456361,"Straight Talk Apple iPhone 16e, 5G, 128GB, Black - Prepaid Smartphone [Locked to Straight Talk]",Cell Phones,Walmart.com,F55CDC31AB754BB68FE0B39041159D63,349.0,IN_STOCK,4.3,1711,/ip/Straight-Talk-Apple-iPhone-16e-5G-128GB-Black-Prepaid-Smartphone-Locked-to-Straight-Talk/14822456361,"Straight Talk Apple iPhone 16e, 5G, 128GB, Black - Prepaid Smartphone [Locked to Straight Talk]",Straight Talk iPhone,5.0,iphone 16e,great phone.   easy to setup.  highly recommended.,12/22/2025,True,0.0,0.0,A1b2,English,unknown,bazaarvoice
14822456361,"Straight Talk Apple iPhone 16e, 5G, 128GB, Black - Prepaid Smartphone [Locked to Straight Talk]",Cell Phones,Walmart.com,F55CDC31AB754BB68FE0B39041159D63,349.0,IN_STOCK,4.3,1711,/ip/Straight-Talk-Apple-iPhone-16e-5G-128GB-Black-Prepaid-Smartphone-Locked-to-Straight-Talk/14822456361,"Straight Talk Apple iPhone 16e, 5G, 128GB, Black - Prepaid Smartphone [Locked to Straight Talk]",Straight Talk iPhone,5.0,No title,It’s the same size as my 12 was but the picture quality is tremendously better!,01-03-2026,No recommendation,0.0,0.0,Audrey,English,Walmart,bazaarvoice
14822456361,"Straight Talk Apple iPhone 16e, 5G, 128GB, Black - Prepaid Smartphone [Locked to Straight Talk]",Cell Phones,Walmart.com,F55CDC31AB754BB68FE0B39041159D63,349.0,IN_STOCK,4.3,1711,/ip/Straight-Talk-Apple-iPhone-16e-5G-128GB-Black-Prepaid-Smartphone-Locked-to-Straight-Talk/14822456361,"Straight Talk Apple iPhone 16e, 5G, 128GB, Black - Prepaid Smartphone [Locked to Straight Talk]",Straight Talk iPhone,5.0,No title,Great price and great service,11/17/2025,No recommendation,0.0,0.0,WalmartCustomer,English,unknown,bazaarvoice
14822456361,"Straight Talk Apple iPhone 16e, 5G, 128GB, Black - Prepaid Smartphone [Locked to Straight Talk]",Cell Phones,Walmart.com,F55CDC31AB754BB68FE0B39041159D63,349.0,IN_STOCK,4.3,1711,/ip/Straight-Talk-Apple-iPhone-16e-5G-128GB-Black-Prepaid-Smartphone-Locked-to-Straight-Talk/14822456361,"Straight Talk Apple iPhone 16e, 5G, 128GB, Black - Prepaid Smartphone [Locked to Straight Talk]",Straight Talk iPhone,5.0,I would recommend,Good phone to have does what it’s supposed to,8/17/2025,No recommendation,1.0,0.0,Harley,English,Walmart,bazaarvoice
14822456361,"Straight Talk Apple iPhone 16e, 5G, 128GB, Black - Prepaid Smartphone [Locked to Straight Talk]",Cell Phones,Walmart.com,F55CDC31AB754BB68FE0B39041159D63,349.0,IN_STOCK,4.3,1711,/ip/Straight-Talk-Apple-iPhone-16e-5G-128GB-Black-Prepaid-Smartphone-Locked-to-Straight-Talk/14822456361,"Straight Talk Apple iPhone 16e, 5G, 128GB, Black - Prepaid Smartphone [Locked to Straight Talk]",Straight Talk iPhone,5.0,Love it,Great phone to have i love it to death and made a great decision getting it,11/23/2025,True,0.0,0.0,Dashawn,English,unknown,bazaarvoice
14822456361,"Straight Talk Apple iPhone 16e, 5G, 128GB, Black - Prepaid Smartphone [Locked to Straight Talk]",Cell Phones,Walmart.com,F55CDC31AB754BB68FE0B39041159D63,349.0,IN_STOCK,4.3,1711,/ip/Straight-Talk-Apple-iPhone-16e-5G-128GB-Black-Prepaid-Smartphone-Locked-to-Straight-Talk/14822456361,"Straight Talk Apple iPhone 16e, 5G, 128GB, Black - Prepaid Smartphone [Locked to Straight Talk]",Straight Talk iPhone,5.0,Much better iPhone,I upgraded from the iPhone 13 to the iPhone 16e. So much better in every way,3/14/2026,No recommendation,0.0,0.0,Carolee,English,Walmart,bazaarvoice
14822456361,"Straight Talk Apple iPhone 16e, 5G, 128GB, Black - Prepaid Smartphone [Locked to Straight Talk]",Cell Phones,Walmart.com,F55CDC31AB754BB68FE0B39041159D63,349.0,IN_STOCK,4.3,1711,/ip/Straight-Talk-Apple-iPhone-16e-5G-128GB-Black-Prepaid-Smartphone-Locked-to-Straight-Talk/14822456361,"Straight Talk Apple iPhone 16e, 5G, 128GB, Black - Prepaid Smartphone [Locked to Straight Talk]",Straight Talk iPhone,5.0,16e,"It’s a great phone, good size for ladies to fit inside your pocket and it’s lightweight",04-04-2026,No recommendation,0.0,0.0,Psja,English,unknown,bazaarvoice
14822456361,"Straight Talk Apple iPhone 16e, 5G, 128GB, Black - Prepaid Smartphone [Locked to Straight Talk]",Cell Phones,Walmart.com,F55CDC31AB754BB68FE0B39041159D63,349.0,IN_STOCK,4.3,1711,/ip/Straight-Talk-Apple-iPhone-16e-5G-128GB-Black-Prepaid-Smartphone-Locked-to-Straight-Talk/14822456361,"Straight Talk Apple iPhone 16e, 5G, 128GB, Black - Prepaid Smartphone [Locked to Straight Talk]",Straight Talk iPhone,5.0,I would Recommend 16e to others.,Phone arrived quickly. Easy setup with Straight Talks support. Everything is working excellent.,3/14/2026,True,0.0,0.0,John R,English,unknown,bazaarvoice
14822456361,"Straight Talk Apple iPhone 16e, 5G, 128GB, Black - Prepaid Smartphone [Locked to Straight Talk]",Cell Phones,Walmart.com,F55CDC31AB754BB68FE0B39041159D63,349.0,IN_STOCK,4.3,1711,/ip/Straight-Talk-Apple-iPhone-16e-5G-128GB-Black-Prepaid-Smartphone-Locked-to-Straight-Talk/14822456361,"Straight Talk Apple iPhone 16e, 5G, 128GB, Black - Prepaid Smartphone [Locked to Straight Talk]",Straight Talk iPhone,5.0,Love it,Works great and has excellent battery life. No problems.,3/30/2026,True,0.0,0.0,msdesertrose,English,unknown,bazaarvoice
14822456361,"Straight Talk Apple iPhone 16e, 5G, 128GB, Black - Prepaid Smartphone [Locked to Straight Talk]",Cell Phones,Walmart.com,F55CDC31AB754BB68FE0B39041159D63,349.0,IN_STOCK,4.3,1711,/ip/Straight-Talk-Apple-iPhone-16e-5G-128GB-Black-Prepaid-Smartphone-Locked-to-Straight-Talk/14822456361,"Straight Talk Apple iPhone 16e, 5G, 128GB, Black - Prepaid Smartphone [Locked to Straight Talk]",Straight Talk iPhone,2.0,Wouldn’t buy again,Slow. Constantly closing apps. Freezes. You can tell it’s a cheaper version. Camera sucks,04-04-2026,False,0.0,0.0,Ashley S,English,unknown,bazaarvoice
14822456361,"Straight Talk Apple iPhone 16e, 5G, 128GB, Black - Prepaid Smartphone [Locked to Straight Talk]",Cell Phones,Walmart.com,F55CDC31AB754BB68FE0B39041159D63,349.0,IN_STOCK,4.3,1711,/ip/Straight-Talk-Apple-iPhone-16e-5G-128GB-Black-Prepaid-Smartphone-Locked-to-Straight-Talk/14822456361,"Straight Talk Apple iPhone 16e, 5G, 128GB, Black - Prepaid Smartphone [Locked to Straight Talk]",Straight Talk iPhone,5.0,No title,Was an early Christmas present that was an excellent price and exactly as described,11/27/2025,No recommendation,1.0,0.0,WalmartCustomer,English,unknown,bazaarvoice
14822456361,"Straight Talk Apple iPhone 16e, 5G, 128GB, Black - Prepaid Smartphone [Locked to Straight Talk]",Cell Phones,Walmart.com,F55CDC31AB754BB68FE0B39041159D63,349.0,IN_STOCK,4.3,1711,/ip/Straight-Talk-Apple-iPhone-16e-5G-128GB-Black-Prepaid-Smartphone-Locked-to-Straight-Talk/14822456361,"Straight Talk Apple iPhone 16e, 5G, 128GB, Black - Prepaid Smartphone [Locked to Straight Talk]",Straight Talk iPhone,1.0,Don’t buy,The screen freeze and I have to keep restarting it,3/25/2026,False,0.0,0.0,Shayshay,English,unknown,bazaarvoice
14822456361,"Straight Talk Apple iPhone 16e, 5G, 128GB, Black - Prepaid Smartphone [Locked to Straight Talk]",Cell Phones,Walmart.com,F55CDC31AB754BB68FE0B39041159D63,349.0,IN_STOCK,4.3,1711,/ip/Straight-Talk-Apple-iPhone-16e-5G-128GB-Black-Prepaid-Smartphone-Locked-to-Straight-Talk/14822456361,"Straight Talk Apple iPhone 16e, 5G, 128GB, Black - Prepaid Smartphone [Locked to Straight Talk]",Straight Talk iPhone,5.0,Survey,Love the phone lots of memory great for pictures !!!,3/27/2026,No recommendation,0.0,0.0,4567Blah,English,unknown,bazaarvoice
14822456361,"Straight Talk Apple iPhone 16e, 5G, 128GB, Black - Prepaid Smartphone [Locked to Straight Talk]",Cell Phones,Walmart.com,F55CDC31AB754BB68FE0B39041159D63,349.0,IN_STOCK,4.3,1711,/ip/Straight-Talk-Apple-iPhone-16e-5G-128GB-Black-Prepaid-Smartphone-Locked-to-Straight-Talk/14822456361,"Straight Talk Apple iPhone 16e, 5G, 128GB, Black - Prepaid Smartphone [Locked to Straight Talk]",Straight Talk iPhone,2.0,Decent,"It's okay, but I had the 16 before this 16e and the 16 was definitely better!",04-08-2026,False,0.0,0.0,Morgan s,English,unknown,bazaarvoice
14822456361,"Straight Talk Apple iPhone 16e, 5G, 128GB, Black - Prepaid Smartphone [Locked to Straight Talk]",Cell Phones,Walmart.com,F55CDC31AB754BB68FE0B39041159D63,349.0,IN_STOCK,4.3,1711,/ip/Straight-Talk-Apple-iPhone-16e-5G-128GB-Black-Prepaid-Smartphone-Locked-to-Straight-Talk/14822456361,"Straight Talk Apple iPhone 16e, 5G, 128GB, Black - Prepaid Smartphone [Locked to Straight Talk]",Straight Talk iPhone,5.0,Love it!,"More storage for my pictures, very sleek , comfortable",3/21/2026,True,0.0,0.0,M7chelk,English,unknown,bazaarvoice
14506123386,"Total Wireless Motorola Moto g 2025, 5G, 64GB, Blue - Prepaid Smartphone [Locked to Total Wireless]",Cell Phones,Walmart.com,F55CDC31AB754BB68FE0B39041159D63,39.88,IN_STOCK,4.2,328,/ip/Total-Wireless-Motorola-Moto-g-2025-5G-64GB-Blue-Prepaid-Smartphone-Locked-to-Total-Wireless/14506123386,"Total Wireless Motorola Moto g 2025, 5G, 64GB, Blue - Prepaid Smartphone [Locked to Total Wireless]",5G Prepaid Phones,5.0,No title,i like the phone it is a grest phone,07-05-2025,No recommendation,0.0,0.0,Troy,English,Walmart,bazaarvoice
14506123386,"Total Wireless Motorola Moto g 2025, 5G, 64GB, Blue - Prepaid Smartphone [Locked to Total Wireless]",Cell Phones,Walmart.com,F55CDC31AB754BB68FE0B39041159D63,39.88,IN_STOCK,4.2,328,/ip/Total-Wireless-Motorola-Moto-g-2025-5G-64GB-Blue-Prepaid-Smartphone-Locked-to-Total-Wireless/14506123386,"Total Wireless Motorola Moto g 2025, 5G, 64GB, Blue - Prepaid Smartphone [Locked to Total Wireless]",5G Prepaid Phones,5.0,No title,the phone Is Great N I Love To Play Games Its Good,5/29/2025,True,0.0,0.0,Kerry,English,Walmart,bazaarvoice
14506123386,"Total Wireless Motorola Moto g 2025, 5G, 64GB, Blue - Prepaid Smartphone [Locked to Total Wireless]",Cell Phones,Walmart.com,F55CDC31AB754BB68FE0B39041159D63,39.88,IN_STOCK,4.2,328,/ip/Total-Wireless-Motorola-Moto-g-2025-5G-64GB-Blue-Prepaid-Smartphone-Locked-to-Total-Wireless/14506123386,"Total Wireless Motorola Moto g 2025, 5G, 64GB, Blue - Prepaid Smartphone [Locked to Total Wireless]",5G Prepaid Phones,4.0,A lot to learn,I would order again. I have a lot to figure out how to use.,10/28/2025,True,0.0,0.0,"JBS,",English,unknown,bazaarvoice
14506123386,"Total Wireless Motorola Moto g 2025, 5G, 64GB, Blue - Prepaid Smartphone [Locked to Total Wireless]",Cell Phones,Walmart.com,F55CDC31AB754BB68FE0B39041159D63,39.88,IN_STOCK,4.2,328,/ip/Total-Wireless-Motorola-Moto-g-2025-5G-64GB-Blue-Prepaid-Smartphone-Locked-to-Total-Wireless/14506123386,"Total Wireless Motorola Moto g 2025, 5G, 64GB, Blue - Prepaid Smartphone [Locked to Total Wireless]",5G Prepaid Phones,4.0,Somewhat satisfied,Good phone the deleting property could be a more easy to use. Can't delete some phone calls without deleting the entire contact.,05-09-2025,True,0.0,0.0,Unknown,English,unknown,bazaarvoice
14506123386,"Total Wireless Motorola Moto g 2025, 5G, 64GB, Blue - Prepaid Smartphone [Locked to Total Wireless]",Cell Phones,Walmart.com,F55CDC31AB754BB68FE0B39041159D63,39.88,IN_STOCK,4.2,328,/ip/Total-Wireless-Motorola-Moto-g-2025-5G-64GB-Blue-Prepaid-Smartphone-Locked-to-Total-Wireless/14506123386,"Total Wireless Motorola Moto g 2025, 5G, 64GB, Blue - Prepaid Smartphone [Locked to Total Wireless]",5G Prepaid Phones,2.0,It's ok outside not inside your home.,Overall it's ok but dosent pickup very well where I live I'm thinking about switching providers already.,06-04-2025,False,0.0,0.0,Davidb,English,unknown,bazaarvoice
14506123386,"Total Wireless Motorola Moto g 2025, 5G, 64GB, Blue - Prepaid Smartphone [Locked to Total Wireless]",Cell Phones,Walmart.com,F55CDC31AB754BB68FE0B39041159D63,39.88,IN_STOCK,4.2,328,/ip/Total-Wireless-Motorola-Moto-g-2025-5G-64GB-Blue-Prepaid-Smartphone-Locked-to-Total-Wireless/14506123386,"Total Wireless Motorola Moto g 2025, 5G, 64GB, Blue - Prepaid Smartphone [Locked to Total Wireless]",5G Prepaid Phones,5.0,No title,husband loves the phone even though it gets a low battery,10/21/2025,True,0.0,0.0,Rachel,English,Walmart,bazaarvoice
14506123386,"Total Wireless Motorola Moto g 2025, 5G, 64GB, Blue - Prepaid Smartphone [Locked to Total Wireless]",Cell Phones,Walmart.com,F55CDC31AB754BB68FE0B39041159D63,39.88,IN_STOCK,4.2,328,/ip/Total-Wireless-Motorola-Moto-g-2025-5G-64GB-Blue-Prepaid-Smartphone-Locked-to-Total-Wireless/14506123386,"Total Wireless Motorola Moto g 2025, 5G, 64GB, Blue - Prepaid Smartphone [Locked to Total Wireless]",5G Prepaid Phones,1.0,No title,"this wallmart employee clearly stole my phone, it was never delivered and this Walmart won't refund",12/24/2025,False,0.0,0.0,keaton,English,Walmart,bazaarvoice
14506123386,"Total Wireless Motorola Moto g 2025, 5G, 64GB, Blue - Prepaid Smartphone [Locked to Total Wireless]",Cell Phones,Walmart.com,F55CDC31AB754BB68FE0B39041159D63,39.88,IN_STOCK,4.2,328,/ip/Total-Wireless-Motorola-Moto-g-2025-5G-64GB-Blue-Prepaid-Smartphone-Locked-to-Total-Wireless/14506123386,"Total Wireless Motorola Moto g 2025, 5G, 64GB, Blue - Prepaid Smartphone [Locked to Total Wireless]",5G Prepaid Phones,5.0,frugal shopper,phone is great gor the price.. activation was a total nightmare,9/22/2025,True,0.0,0.0,Denise,English,Walmart,bazaarvoice
14506123386,"Total Wireless Motorola Moto g 2025, 5G, 64GB, Blue - Prepaid Smartphone [Locked to Total Wireless]",Cell Phones,Walmart.com,F55CDC31AB754BB68FE0B39041159D63,39.88,IN_STOCK,4.2,328,/ip/Total-Wireless-Motorola-Moto-g-2025-5G-64GB-Blue-Prepaid-Smartphone-Locked-to-Total-Wireless/14506123386,"Total Wireless Motorola Moto g 2025, 5G, 64GB, Blue - Prepaid Smartphone [Locked to Total Wireless]",5G Prepaid Phones,4.0,No title,Great quality for a great price and fast shipping,10/30/2025,No recommendation,0.0,0.0,Debbie,English,Walmart,bazaarvoice
14506123386,"Total Wireless Motorola Moto g 2025, 5G, 64GB, Blue - Prepaid Smartphone [Locked to Total Wireless]",Cell Phones,Walmart.com,F55CDC31AB754BB68FE0B39041159D63,39.88,IN_STOCK,4.2,328,/ip/Total-Wireless-Motorola-Moto-g-2025-5G-64GB-Blue-Prepaid-Smartphone-Locked-to-Total-Wireless/14506123386,"Total Wireless Motorola Moto g 2025, 5G, 64GB, Blue - Prepaid Smartphone [Locked to Total Wireless]",5G Prepaid Phones,5.0,No title,"easy to use, screen is bright and the right size",11-02-2025,True,0.0,0.0,amanda,English,Walmart,bazaarvoice
5420668122,"Samsung Galaxy A35 5G A Series 128GB Unlocked Android Cell Phone, US Version, 2024, Awesome Navy",Cell Phones,Superstar Telecom,7B1EDAA32C894F029FC47507CFE5511E,221.0,IN_STOCK,4.5,1810,/ip/Samsung-Galaxy-A35-5G-A-Series-128GB-Unlocked-Android-Cell-Phone-US-Version-2024-Awesome-Navy/5420668122,"Samsung Galaxy A35 5G A Series 128GB Unlocked Android Cell Phone, US Version, 2024, Awesome Navy",5G Unlocked Phones,5.0,Galaxy AI super phone Galaxy A35,[This review was collected as part of a promotion.] Galaxy AI works so good beautiful phone loved it. Great support and quick charge . Good camera and great phone. Great phone.,7/30/2024,No recommendation,4.0,0.0,Unknown,English,unknown,bazaarvoice
5420668122,"Samsung Galaxy A35 5G A Series 128GB Unlocked Android Cell Phone, US Version, 2024, Awesome Navy",Cell Phones,Superstar Telecom,7B1EDAA32C894F029FC47507CFE5511E,221.0,IN_STOCK,4.5,1810,/ip/Samsung-Galaxy-A35-5G-A-Series-128GB-Unlocked-Android-Cell-Phone-US-Version-2024-Awesome-Navy/5420668122,"Samsung Galaxy A35 5G A Series 128GB Unlocked Android Cell Phone, US Version, 2024, Awesome Navy",5G Unlocked Phones,4.0,Great Device for the Price,"[This review was collected as part of a promotion.] Compared to the S series, this is one of the better phones in the A series. It isn't as good as most of the S phones I have had, but for the price point, this phone is great. I've also had A phones in the lower digits (i.e. A14) and this device surpasses all of those in speed and responsiveness. It doesn't bog down when doing multiple tasks at one time. I would recommend putting a large microSD card to free up space on the phone itself to be able to do more tasks at the same time. I'm not sure if that makes a difference, but it is what I did. I put a 256gb card in the slot and can't speak to the experience without using the card. I think it makes a difference somehow!
I wish the S series phones had microSD card slots! So this feature is one thing the A35 has up on my S22 Ultra. Again, for an A series, the A35 is definitely worth buying. I was surprised at how well it worked compared to my usual S series phones I usually have. Saying Galaxy AI in this will give me another entry for the sweepstakes. I'm not sure that I have used Galaxy AI so not sure how to use it in my comment, so this is how I did!",7/28/2025,No recommendation,0.0,0.0,steeleesee,English,unknown,bazaarvoice
5420668122,"Samsung Galaxy A35 5G A Series 128GB Unlocked Android Cell Phone, US Version, 2024, Awesome Navy",Cell Phones,Superstar Telecom,7B1EDAA32C894F029FC47507CFE5511E,221.0,IN_STOCK,4.5,1810,/ip/Samsung-Galaxy-A35-5G-A-Series-128GB-Unlocked-Android-Cell-Phone-US-Version-2024-Awesome-Navy/5420668122,"Samsung Galaxy A35 5G A Series 128GB Unlocked Android Cell Phone, US Version, 2024, Awesome Navy",5G Unlocked Phones,5.0,Love the features and components that make Galaxy.,[This review was collected as part of a promotion.] I love the uses and benefits of Galaxy AI. I am always working on or experime ting with a recipe. Using the AI I can search a single thing in an image by circling it. I can have Bixby transcribe what is going on in an image or helping me identify certain things by helping educate me through descriptions. I also use Galaxy features as a part of homeschooling and it has helped us all tremendously!,6/30/2025,No recommendation,0.0,0.0,Calllmeemommy,English,unknown,bazaarvoice
5420668122,"Samsung Galaxy A35 5G A Series 128GB Unlocked Android Cell Phone, US Version, 2024, Awesome Navy",Cell Phones,Superstar Telecom,7B1EDAA32C894F029FC47507CFE5511E,221.0,IN_STOCK,4.5,1810,/ip/Samsung-Galaxy-A35-5G-A-Series-128GB-Unlocked-Android-Cell-Phone-US-Version-2024-Awesome-Navy/5420668122,"Samsung Galaxy A35 5G A Series 128GB Unlocked Android Cell Phone, US Version, 2024, Awesome Navy",5G Unlocked Phones,4.0,Cheap but not useless,"[This review was collected as part of a promotion.] It is a great cheap version, but just because it's cheaper and more simple it does not mean that it is lacking quality, I still have the AI gemini and the pictures, I still can translate sentences, and pics still come out great. It is a good first time phone or as a back up phone. You get all the good qualities at a lower cost",7/28/2025,No recommendation,0.0,0.0,Samsungalltheway,English,unknown,bazaarvoice
5420668122,"Samsung Galaxy A35 5G A Series 128GB Unlocked Android Cell Phone, US Version, 2024, Awesome Navy",Cell Phones,Superstar Telecom,7B1EDAA32C894F029FC47507CFE5511E,221.0,IN_STOCK,4.5,1810,/ip/Samsung-Galaxy-A35-5G-A-Series-128GB-Unlocked-Android-Cell-Phone-US-Version-2024-Awesome-Navy/5420668122,"Samsung Galaxy A35 5G A Series 128GB Unlocked Android Cell Phone, US Version, 2024, Awesome Navy",5G Unlocked Phones,4.0,Overall 4 Stars!,"[This review was collected as part of a promotion.] Well thinking and reasoning behind, the universal phone turned multifunctional.  When there is no way to replace, the random things that might of appeared ! When on the way home from the grocery store, or one late night walk with pooches. 

        Where you swear you have seen something. A part from the need to call for help. You brace your telephone and reconsider, ever needing to out to reach out to anyone. Instead you might use the flash light, or text someone for a ride. It's just rare and purpose, its great for the thought in time being!! Just not 911 because who really knows over that. In addition to location and what a coincidence to have seen a crime of some kind or ran into the neighbors during a car accident.   Ugh, just not the best utilization of usage. 

Especially when we don't always need, to appreciate that kind of help. Simply a side of what it's worth, for whay they know at that time. Like it's for everyone to know by security-related features? Besides we already know what comes from this type of issues. Kind of like, ""a know it all figure of speech"", knowingly you probably just should just not speak to them. ..",08-03-2025,No recommendation,0.0,0.0,Unknown,English,unknown,bazaarvoice
5420668122,"Samsung Galaxy A35 5G A Series 128GB Unlocked Android Cell Phone, US Version, 2024, Awesome Navy",Cell Phones,Superstar Telecom,7B1EDAA32C894F029FC47507CFE5511E,221.0,IN_STOCK,4.5,1810,/ip/Samsung-Galaxy-A35-5G-A-Series-128GB-Unlocked-Android-Cell-Phone-US-Version-2024-Awesome-Navy/5420668122,"Samsung Galaxy A35 5G A Series 128GB Unlocked Android Cell Phone, US Version, 2024, Awesome Navy",5G Unlocked Phones,4.0,Let's Talk About Recording Using Music Apps,"[This review was collected as part of a promotion.] I recently started using my phone to make beats and testing it out for recording songs. To my amasement it actually ran stable with Bandlab and with or without using mobile data it still work. Bare in mind I am usually using a computer. The sound quality using headphones are best, however, it was cool not using headphones either. The vocal quality was clear, could be louder but still clear. If you are tired of games and other apps and want to do something practical, try making music.",6/30/2025,No recommendation,0.0,0.0,Coloso573,English,unknown,bazaarvoice
5420668122,"Samsung Galaxy A35 5G A Series 128GB Unlocked Android Cell Phone, US Version, 2024, Awesome Navy",Cell Phones,Superstar Telecom,7B1EDAA32C894F029FC47507CFE5511E,221.0,IN_STOCK,4.5,1810,/ip/Samsung-Galaxy-A35-5G-A-Series-128GB-Unlocked-Android-Cell-Phone-US-Version-2024-Awesome-Navy/5420668122,"Samsung Galaxy A35 5G A Series 128GB Unlocked Android Cell Phone, US Version, 2024, Awesome Navy",5G Unlocked Phones,5.0,Great features good for gaming on,"[This review was collected as part of a promotion.] I use my galaxy a35 for streaming on twitch and it is very smooth never thought I would love it 

though I am still having a hard time navigating where certain things are at I am getting used to it

Overall if you're want a mid range phone  you should get c this one

Almost forgot the ""Galaxy AI”  is the best but wish for better ai features",6/30/2025,No recommendation,0.0,0.0,Reggie124,English,unknown,bazaarvoice
5420668122,"Samsung Galaxy A35 5G A Series 128GB Unlocked Android Cell Phone, US Version, 2024, Awesome Navy",Cell Phones,Superstar Telecom,7B1EDAA32C894F029FC47507CFE5511E,221.0,IN_STOCK,4.5,1810,/ip/Samsung-Galaxy-A35-5G-A-Series-128GB-Unlocked-Android-Cell-Phone-US-Version-2024-Awesome-Navy/5420668122,"Samsung Galaxy A35 5G A Series 128GB Unlocked Android Cell Phone, US Version, 2024, Awesome Navy",5G Unlocked Phones,5.0,Amazing Everyday Phone,"[This review was collected as part of a promotion.] The Samsung Galaxy A35 is an incredible phone that I use every day for school, gaming, streaming, and more. The 120Hz Super AMOLED display is super smooth and vibrant, making movies, YouTube, and games look amazing. I use it to stay on top of school assignments, join video calls, and take notes with ease. Gaming is smooth with great performance in titles like Fortnite and Minecraft, and the phone stays cool and responsive. The battery life easily lasts me all day, even with heavy use, and fast charging helps when I'm in a rush. The camera takes sharp, colorful photos, even in low light, and the Night Mode actually works really well. One of my favorite features is Galaxy AI—especially Circle to Search. It's super useful for quickly looking up stuff without leaving the app. I just long-press the home bar, circle anything on the screen, and it finds info instantly. It feels like magic and actually helps with schoolwork too. Samsung's One UI is clean, smooth, and full of smart features that keep everything organized. For the price, the Galaxy A35 offers amazing value and premium features that I didn't expect in a mid-range phone. It fits perfectly into my daily routine and honestly does everything I need.",06-03-2025,No recommendation,0.0,0.0,ParsaS,English,unknown,bazaarvoice
5420668122,"Samsung Galaxy A35 5G A Series 128GB Unlocked Android Cell Phone, US Version, 2024, Awesome Navy",Cell Phones,Superstar Telecom,7B1EDAA32C894F029FC47507CFE5511E,221.0,IN_STOCK,4.5,1810,/ip/Samsung-Galaxy-A35-5G-A-Series-128GB-Unlocked-Android-Cell-Phone-US-Version-2024-Awesome-Navy/5420668122,"Samsung Galaxy A35 5G A Series 128GB Unlocked Android Cell Phone, US Version, 2024, Awesome Navy",5G Unlocked Phones,5.0,Excellent phone and price is decent too...,[This review was collected as part of a promotion.] I got this phone on release date 4/18/24 and I loved it since day one. Battery life is decent on it and everything transfered over with no problems. I highly recommend the A35 for it's superb value. I came from a moto g stylus 2022 to this A35 and the difference is night and day.,7/28/2025,No recommendation,0.0,0.0,Darmstrongjr,English,unknown,bazaarvoice
5420668122,"Samsung Galaxy A35 5G A Series 128GB Unlocked Android Cell Phone, US Version, 2024, Awesome Navy",Cell Phones,Superstar Telecom,7B1EDAA32C894F029FC47507CFE5511E,221.0,IN_STOCK,4.5,1810,/ip/Samsung-Galaxy-A35-5G-A-Series-128GB-Unlocked-Android-Cell-Phone-US-Version-2024-Awesome-Navy/5420668122,"Samsung Galaxy A35 5G A Series 128GB Unlocked Android Cell Phone, US Version, 2024, Awesome Navy",5G Unlocked Phones,5.0,Its ease of use is phenominal! Super fluid nav!,[This review was collected as part of a promotion.] Phone is top notch when it comes down to ease of navigation....videos and games are super fluid and plenty of memory never has me worried about slowing down ....the new Gemini Galaxy AI is light years ahead of hey google.  Not to mention the quality of pictures you can take is absolutely stunning! Saving for the A36 .....cant wait to get my hands on that one! Keep it up Samsung!,6/24/2025,No recommendation,0.0,0.0,LordwigJ25,English,unknown,bazaarvoice
5420668122,"Samsung Galaxy A35 5G A Series 128GB Unlocked Android Cell Phone, US Version, 2024, Awesome Navy",Cell Phones,Superstar Telecom,7B1EDAA32C894F029FC47507CFE5511E,221.0,IN_STOCK,4.5,1810,/ip/Samsung-Galaxy-A35-5G-A-Series-128GB-Unlocked-Android-Cell-Phone-US-Version-2024-Awesome-Navy/5420668122,"Samsung Galaxy A35 5G A Series 128GB Unlocked Android Cell Phone, US Version, 2024, Awesome Navy",5G Unlocked Phones,5.0,Excellent phone,"The phone is very light and easy to hold. I love samsung phones and that was my easy choice,  I then started researching and came across this phone and liked what I found. Purchased it and when I received it I instantly fell in love. I have had it now for two weeks and I'm still really happy with my choice.  It very easy to maneuver. If I had to do over I would definitely buy this phone again.",11/25/2024,True,0.0,0.0,House,English,unknown,bazaarvoice
5420668122,"Samsung Galaxy A35 5G A Series 128GB Unlocked Android Cell Phone, US Version, 2024, Awesome Navy",Cell Phones,Superstar Telecom,7B1EDAA32C894F029FC47507CFE5511E,221.0,IN_STOCK,4.5,1810,/ip/Samsung-Galaxy-A35-5G-A-Series-128GB-Unlocked-Android-Cell-Phone-US-Version-2024-Awesome-Navy/5420668122,"Samsung Galaxy A35 5G A Series 128GB Unlocked Android Cell Phone, US Version, 2024, Awesome Navy",5G Unlocked Phones,5.0,"Fast, cool, affordable & Samsung - winner winner!","Great screen, great battery life and a fast processor.

I chose this phone primarily because I like Samsung phones and I like having the option to use a micro SD card. I have almost 600GB of FLAC music on my phone and this device works with 1 TB SD cards.",8/13/2024,True,0.0,0.0,Wayne B,English,unknown,bazaarvoice
5420668122,"Samsung Galaxy A35 5G A Series 128GB Unlocked Android Cell Phone, US Version, 2024, Awesome Navy",Cell Phones,Superstar Telecom,7B1EDAA32C894F029FC47507CFE5511E,221.0,IN_STOCK,4.5,1810,/ip/Samsung-Galaxy-A35-5G-A-Series-128GB-Unlocked-Android-Cell-Phone-US-Version-2024-Awesome-Navy/5420668122,"Samsung Galaxy A35 5G A Series 128GB Unlocked Android Cell Phone, US Version, 2024, Awesome Navy",5G Unlocked Phones,1.0,not unlocked very deceptive on Walmart's behalf,this phone is not unlocked I spent two hours on the phone with my current carrier trying to add it to my service only to lose the only service I have I am a shut-in if it not for another service I would be totally cut off from the outside world thanks Walmart,01-08-2025,No recommendation,0.0,0.0,Mary,English,Walmart,bazaarvoice
5420668122,"Samsung Galaxy A35 5G A Series 128GB Unlocked Android Cell Phone, US Version, 2024, Awesome Navy",Cell Phones,Superstar Telecom,7B1EDAA32C894F029FC47507CFE5511E,221.0,IN_STOCK,4.5,1810,/ip/Samsung-Galaxy-A35-5G-A-Series-128GB-Unlocked-Android-Cell-Phone-US-Version-2024-Awesome-Navy/5420668122,"Samsung Galaxy A35 5G A Series 128GB Unlocked Android Cell Phone, US Version, 2024, Awesome Navy",5G Unlocked Phones,4.0,I like it,"I replaced my A42-5g with the A35 after 3 years of reliable service. The A35 is a quality replacement. The only complaint I have is that the battery doesn't have near the lifespan from full charge as the A42 did. It charges much faster, but drains much more rapidly. I'm never that far from a charging method, so its not that big of a deal, but I have to imagine it might be of concern to someone without ready access to an electrical source for too long of a period. All else is comparable or improved. (One aspect that I just thought of that's definitely an upgrade - the A42's power button is far too sensitive. I don't know how many times I accidentally shut the display off on my 42 when all I was trying to do was pick it up to carry with me or whatnot in the middle of a song or video. That hasn't happened once with the A35.) All in all, I'm glad I upgraded.",10/16/2024,No recommendation,0.0,0.0,EnglishOvals,English,unknown,bazaarvoice
5420668122,"Samsung Galaxy A35 5G A Series 128GB Unlocked Android Cell Phone, US Version, 2024, Awesome Navy",Cell Phones,Superstar Telecom,7B1EDAA32C894F029FC47507CFE5511E,221.0,IN_STOCK,4.5,1810,/ip/Samsung-Galaxy-A35-5G-A-Series-128GB-Unlocked-Android-Cell-Phone-US-Version-2024-Awesome-Navy/5420668122,"Samsung Galaxy A35 5G A Series 128GB Unlocked Android Cell Phone, US Version, 2024, Awesome Navy",5G Unlocked Phones,5.0,This phone makes an outstanding music player!,"It's fantastic but that opinion needs to be qualified. I am not using the A35 as my primary phone but as a music player for my vehicle via Android auto. The expandable storage slot was the feature that allowed this to work. Now, all my music is on a 1TB micro SD & this phone resides in my vehicle full time, except when I add new files or need to charge it. This was possible because of how reasonably priced this phone is. I would never consider a top of the line phone for this job nor do they have expandable storage but the price, performance & expandable storage make this a killer phone for my purposes.",01-09-2025,True,0.0,0.0,LouSlugger,English,unknown,bazaarvoice
5420668122,"Samsung Galaxy A35 5G A Series 128GB Unlocked Android Cell Phone, US Version, 2024, Awesome Navy",Cell Phones,Superstar Telecom,7B1EDAA32C894F029FC47507CFE5511E,221.0,IN_STOCK,4.5,1810,/ip/Samsung-Galaxy-A35-5G-A-Series-128GB-Unlocked-Android-Cell-Phone-US-Version-2024-Awesome-Navy/5420668122,"Samsung Galaxy A35 5G A Series 128GB Unlocked Android Cell Phone, US Version, 2024, Awesome Navy",5G Unlocked Phones,4.0,Screen is perfect size and color is beautiful,"Phone is beautiful. Only had it a d few hours but seems to work great. I am however upset that the price on this phone and there was charging cord with it...The price of this phone is not so drastically low that it would constitute not at least having a charging cord in the box...I mean the Samsung $59 phones come with a charger. I have always thought very highly of Samsung until right this very minute,",10/24/2024,No recommendation,0.0,0.0,Tammy,English,Walmart,bazaarvoice
5420668122,"Samsung Galaxy A35 5G A Series 128GB Unlocked Android Cell Phone, US Version, 2024, Awesome Navy",Cell Phones,Superstar Telecom,7B1EDAA32C894F029FC47507CFE5511E,221.0,IN_STOCK,4.5,1810,/ip/Samsung-Galaxy-A35-5G-A-Series-128GB-Unlocked-Android-Cell-Phone-US-Version-2024-Awesome-Navy/5420668122,"Samsung Galaxy A35 5G A Series 128GB Unlocked Android Cell Phone, US Version, 2024, Awesome Navy",5G Unlocked Phones,5.0,Excellent Midrange Phone,"Pros:
-attractive design
-sturdy build
-excellent value
-four years of major updates
-bright Super AMOLED 120Hz screen
-6.6"" screen
-good camera
-excellent general use phone
-great battery life
-micro SD slot
-IP67 dust/water resistant 
-lacks superfluous features of more expensive phones

Cons:
-derivative design
-no mmWave 5G
-occasional OS sluggishness
-not great for games
-no wireless charging
-no Dex",08-02-2024,True,0.0,0.0,RBurnham,English,unknown,bazaarvoice
5420668122,"Samsung Galaxy A35 5G A Series 128GB Unlocked Android Cell Phone, US Version, 2024, Awesome Navy",Cell Phones,Superstar Telecom,7B1EDAA32C894F029FC47507CFE5511E,221.0,IN_STOCK,4.5,1810,/ip/Samsung-Galaxy-A35-5G-A-Series-128GB-Unlocked-Android-Cell-Phone-US-Version-2024-Awesome-Navy/5420668122,"Samsung Galaxy A35 5G A Series 128GB Unlocked Android Cell Phone, US Version, 2024, Awesome Navy",5G Unlocked Phones,4.0,A35 Good Functional Phone,Good functional phone with less cost than S series. Easily transferred all data from old phone with Smart Switch. Takes a little longer to charge than S phones. Only thing I'm concerned with is the camera's 3 lens protrude from the phone and might be subject to damage.,6/27/2024,True,0.0,0.0,TexasTech,English,unknown,bazaarvoice
5420668122,"Samsung Galaxy A35 5G A Series 128GB Unlocked Android Cell Phone, US Version, 2024, Awesome Navy",Cell Phones,Superstar Telecom,7B1EDAA32C894F029FC47507CFE5511E,221.0,IN_STOCK,4.5,1810,/ip/Samsung-Galaxy-A35-5G-A-Series-128GB-Unlocked-Android-Cell-Phone-US-Version-2024-Awesome-Navy/5420668122,"Samsung Galaxy A35 5G A Series 128GB Unlocked Android Cell Phone, US Version, 2024, Awesome Navy",5G Unlocked Phones,5.0,Love my new Galaxy A35 5G!,"Great phone! Sound quality is excellent, processes data fast, intuitive to use. The transfer of data from my old phone was seamless using QuickShare. I'm 100% satisfied with my purchase and feel confident that I made the best choice for my needs. One tiny little detail I would change if I were in charge is I would make it a little bit smaller--it's pretty large. Thanks, Samsung, for an excellent product!",6/18/2024,True,0.0,0.0,Lori,English,unknown,bazaarvoice
5420668122,"Samsung Galaxy A35 5G A Series 128GB Unlocked Android Cell Phone, US Version, 2024, Awesome Navy",Cell Phones,Superstar Telecom,7B1EDAA32C894F029FC47507CFE5511E,221.0,IN_STOCK,4.5,1810,/ip/Samsung-Galaxy-A35-5G-A-Series-128GB-Unlocked-Android-Cell-Phone-US-Version-2024-Awesome-Navy/5420668122,"Samsung Galaxy A35 5G A Series 128GB Unlocked Android Cell Phone, US Version, 2024, Awesome Navy",5G Unlocked Phones,5.0,Celular conveniente,Buena compra para el precio son buenas prestaciones,4/28/2025,No recommendation,0.0,0.0,Elizabeth,English,unknown,bazaarvoice
14538861837,"Straight Talk Motorola Moto g 2025, 5G, 128GB, Gray - Prepaid Smartphone [Locked to Straight Talk]",Cell Phones,Walmart.com,F55CDC31AB754BB68FE0B39041159D63,79.88,IN_STOCK,4.3,1898,/ip/Straight-Talk-Motorola-Moto-g-2025-5G-128GB-Gray-Prepaid-Smartphone-Locked-to-Straight-Talk/14538861837,"Straight Talk Motorola Moto g 2025, 5G, 128GB, Gray - Prepaid Smartphone [Locked to Straight Talk]",5G Prepaid Phones,5.0,No title,"My first phone in the modern age was a Motorola. I've owned a few others since then, but I never liked them as much as that early Moto. This one is of course more advanced, but still has that quality. If you enjoy streaming music, them is one has great features and clear sound. It still has the FM radio feature. For the money, it's worth it.",8/30/2025,True,3.0,0.0,Randall,English,Walmart,bazaarvoice
14538861837,"Straight Talk Motorola Moto g 2025, 5G, 128GB, Gray - Prepaid Smartphone [Locked to Straight Talk]",Cell Phones,Walmart.com,F55CDC31AB754BB68FE0B39041159D63,79.88,IN_STOCK,4.3,1898,/ip/Straight-Talk-Motorola-Moto-g-2025-5G-128GB-Gray-Prepaid-Smartphone-Locked-to-Straight-Talk/14538861837,"Straight Talk Motorola Moto g 2025, 5G, 128GB, Gray - Prepaid Smartphone [Locked to Straight Talk]",5G Prepaid Phones,5.0,No title,"I love this phone it works great and loads fast. the pictures are great as well. I just love the Motorola phones. the screen is large , perfect for me being as I can't see that well . lol. But overall I would give this phone a 10 out of 10 rating.",11-04-2025,True,7.0,0.0,Stacey,English,Walmart,bazaarvoice
14538861837,"Straight Talk Motorola Moto g 2025, 5G, 128GB, Gray - Prepaid Smartphone [Locked to Straight Talk]",Cell Phones,Walmart.com,F55CDC31AB754BB68FE0B39041159D63,79.88,IN_STOCK,4.3,1898,/ip/Straight-Talk-Motorola-Moto-g-2025-5G-128GB-Gray-Prepaid-Smartphone-Locked-to-Straight-Talk/14538861837,"Straight Talk Motorola Moto g 2025, 5G, 128GB, Gray - Prepaid Smartphone [Locked to Straight Talk]",5G Prepaid Phones,5.0,Good budget phone,As far as budget phones go this is a great upgrade from my Motorola Moto G Pure which was now four years old and severely out of space and outdated. Motorola Moto G 2025 5G brings to the table a larger storage capacity and overall better specs when comparing to my old phone plus it just looks cooler with the vegan leather back. If you are looking for a phone on a budget just to get basic tasks done that do not require too much power this is a good device for a low price especially if you are upgrading from a very old budget phone.,01-01-2026,True,1.0,0.0,Ryan,English,Walmart,bazaarvoice
14538861837,"Straight Talk Motorola Moto g 2025, 5G, 128GB, Gray - Prepaid Smartphone [Locked to Straight Talk]",Cell Phones,Walmart.com,F55CDC31AB754BB68FE0B39041159D63,79.88,IN_STOCK,4.3,1898,/ip/Straight-Talk-Motorola-Moto-g-2025-5G-128GB-Gray-Prepaid-Smartphone-Locked-to-Straight-Talk/14538861837,"Straight Talk Motorola Moto g 2025, 5G, 128GB, Gray - Prepaid Smartphone [Locked to Straight Talk]",5G Prepaid Phones,5.0,Great phone,I have always preferred the Motorola brand but this is the first phone I have had that fits all of the apps I use and still room for more. Battery life is great and I love it has overcharge protection. I liked this phone so much that I bought one for my Granddaughter and recommended to two friends.,12/31/2025,True,1.0,0.0,Jennifer,English,Walmart,bazaarvoice
14538861837,"Straight Talk Motorola Moto g 2025, 5G, 128GB, Gray - Prepaid Smartphone [Locked to Straight Talk]",Cell Phones,Walmart.com,F55CDC31AB754BB68FE0B39041159D63,79.88,IN_STOCK,4.3,1898,/ip/Straight-Talk-Motorola-Moto-g-2025-5G-128GB-Gray-Prepaid-Smartphone-Locked-to-Straight-Talk/14538861837,"Straight Talk Motorola Moto g 2025, 5G, 128GB, Gray - Prepaid Smartphone [Locked to Straight Talk]",5G Prepaid Phones,5.0,"Great for delivery, recording, movies, games","I bought this phone for the larger screen for delivery ( DD, wal ,amaz, Ub).  I also play games on my phone with a lot of graphics and watch movies.   I was nervous about this phone because of the reviews.  People said it slowed down when multiple apps were open.  I didn't have that problem.  I transferred from Boost for the affordable unlimited plans for text, talk, data., which helps during delivery.  Battery is great I can deliver for 5 hours before I use half the battery.  I had a delivery app open, played a game while I was waiting, received calls, while speaking on speaker phone and sending messages without any interruption, lag or major battery drain. That's important because the delivery apps drain battery. The  charge is quick I went from 20% to 100% in 25 mins more or less.
The graphics are great. The camera takes great pics which is great for delivery. Nice and clear.  Very detailed pics.  The selfies are good also.
Need a new phone and to use it for other things besides pics great phone and affordable.
If you want to record video the recorded video is clear.  I posted some videos on apps which are great looking.  Great phone with an affordable price.",01-01-2026,True,1.0,0.0,Tea,English,Walmart,bazaarvoice
14538861837,"Straight Talk Motorola Moto g 2025, 5G, 128GB, Gray - Prepaid Smartphone [Locked to Straight Talk]",Cell Phones,Walmart.com,F55CDC31AB754BB68FE0B39041159D63,79.88,IN_STOCK,4.3,1898,/ip/Straight-Talk-Motorola-Moto-g-2025-5G-128GB-Gray-Prepaid-Smartphone-Locked-to-Straight-Talk/14538861837,"Straight Talk Motorola Moto g 2025, 5G, 128GB, Gray - Prepaid Smartphone [Locked to Straight Talk]",5G Prepaid Phones,5.0,Love my new phone!,"I seriously needed to upgrade my phone so I got this Motorola Moto 5G 128GB phone from Straight Talk. Whom has been my cellular provider for years now. I'm very satisfied with my purchase! This phone is super fast, has lots of storage, a great high res camera, & updated to the latest Android 16 version. Shipping was quick too. Thanks again Straight Talk Team!",5/13/2026,True,0.0,0.0,RBJR,English,unknown,bazaarvoice
14538861837,"Straight Talk Motorola Moto g 2025, 5G, 128GB, Gray - Prepaid Smartphone [Locked to Straight Talk]",Cell Phones,Walmart.com,F55CDC31AB754BB68FE0B39041159D63,79.88,IN_STOCK,4.3,1898,/ip/Straight-Talk-Motorola-Moto-g-2025-5G-128GB-Gray-Prepaid-Smartphone-Locked-to-Straight-Talk/14538861837,"Straight Talk Motorola Moto g 2025, 5G, 128GB, Gray - Prepaid Smartphone [Locked to Straight Talk]",5G Prepaid Phones,3.0,No title,there is a lot of bloatware on this phone which I expected. however I did not expect an app that randomly opens sometimes when you unlock the phone. it's very obnoxious and I'm looking for a way to turn it off. I've already tried two solutions that didn't work. fingers crossed I figure it out.,04-09-2026,True,1.0,0.0,Chelsea,English,Walmart,bazaarvoice
14538861837,"Straight Talk Motorola Moto g 2025, 5G, 128GB, Gray - Prepaid Smartphone [Locked to Straight Talk]",Cell Phones,Walmart.com,F55CDC31AB754BB68FE0B39041159D63,79.88,IN_STOCK,4.3,1898,/ip/Straight-Talk-Motorola-Moto-g-2025-5G-128GB-Gray-Prepaid-Smartphone-Locked-to-Straight-Talk/14538861837,"Straight Talk Motorola Moto g 2025, 5G, 128GB, Gray - Prepaid Smartphone [Locked to Straight Talk]",5G Prepaid Phones,2.0,"Never worked, or activated, still charged","I opened the box, turned on the phone, and the screen said No Command and had a little green guy. This was purchased as a Christmas gift, so by the time I opened and attempted to use it I was past the 30 day return time. I also purchased as 45$ prepaid card, which was also not allowed a refund, despite the fact I never activated the card or used the phone was obviously information easy to attain, had they cared. Purchase with caution",01-07-2026,False,1.0,0.0,Serena,English,Walmart,bazaarvoice
14538861837,"Straight Talk Motorola Moto g 2025, 5G, 128GB, Gray - Prepaid Smartphone [Locked to Straight Talk]",Cell Phones,Walmart.com,F55CDC31AB754BB68FE0B39041159D63,79.88,IN_STOCK,4.3,1898,/ip/Straight-Talk-Motorola-Moto-g-2025-5G-128GB-Gray-Prepaid-Smartphone-Locked-to-Straight-Talk/14538861837,"Straight Talk Motorola Moto g 2025, 5G, 128GB, Gray - Prepaid Smartphone [Locked to Straight Talk]",5G Prepaid Phones,2.0,Moto G 128,Expect it to act quirky if it's like mine.  Example - won't unlock without multiple attempts - appears to be locked up and finally unlocks.  Had to do a complete factory reboot also as the phone was stuck in an endless reboot cycle.  Not at all satisfied.,1/21/2026,False,0.0,0.0,rhud12345,English,unknown,bazaarvoice
14538861837,"Straight Talk Motorola Moto g 2025, 5G, 128GB, Gray - Prepaid Smartphone [Locked to Straight Talk]",Cell Phones,Walmart.com,F55CDC31AB754BB68FE0B39041159D63,79.88,IN_STOCK,4.3,1898,/ip/Straight-Talk-Motorola-Moto-g-2025-5G-128GB-Gray-Prepaid-Smartphone-Locked-to-Straight-Talk/14538861837,"Straight Talk Motorola Moto g 2025, 5G, 128GB, Gray - Prepaid Smartphone [Locked to Straight Talk]",5G Prepaid Phones,1.0,"""No"" Block. Money down the toilet.","Comes with a charging cord, ""No"" block. The phone as far as tech goes. Overrated.
Would not charge, and good luck trying to find a charging block. I tried to charge 
the phone with the power cord provided connected to the PC. And that was hopeless. 
I ended up calling ""Straight Talk"" Customer Service. To have my other phone re-activated,
and ordered a different phone, before I ended the call. I can only assume that the company sent me a refurbished phone, even though it is not mentioned anywhere in the ad. And by the way. 
That customer service representative who handled my complaint was stellar 
and great! Also, I can't do a return, cause the phone will not charge. As in, it will
not hold a charge. it lights up zero. So I cannot return it back to factory settings. 
My info is still on the phone. I know now that my seven years of bad luck
begins with this company(Motorola). Money down the toilet.
Bring Back ""LG and Huawei"". At least we always knew what we were getting,
and where we stood with them.",09-12-2025,False,1.0,0.0,Terry,English,Walmart,bazaarvoice
14538861837,"Straight Talk Motorola Moto g 2025, 5G, 128GB, Gray - Prepaid Smartphone [Locked to Straight Talk]",Cell Phones,Walmart.com,F55CDC31AB754BB68FE0B39041159D63,79.88,IN_STOCK,4.3,1898,/ip/Straight-Talk-Motorola-Moto-g-2025-5G-128GB-Gray-Prepaid-Smartphone-Locked-to-Straight-Talk/14538861837,"Straight Talk Motorola Moto g 2025, 5G, 128GB, Gray - Prepaid Smartphone [Locked to Straight Talk]",5G Prepaid Phones,1.0,Unable to enjoy the phone the proper way due too,The service company didn't follow the instructions when I was purchasing this phone it's all a huge mess & I don't think I will ever get the full opportunity to enjoy the full advantages of this cellphone. Lesson learned on my end especially after being a legit loyal never late customer over 2 1/2 yrs. My business isn't welcome here obviously...,9/14/2025,False,0.0,0.0,Smokeahontas,English,unknown,bazaarvoice
14538861837,"Straight Talk Motorola Moto g 2025, 5G, 128GB, Gray - Prepaid Smartphone [Locked to Straight Talk]",Cell Phones,Walmart.com,F55CDC31AB754BB68FE0B39041159D63,79.88,IN_STOCK,4.3,1898,/ip/Straight-Talk-Motorola-Moto-g-2025-5G-128GB-Gray-Prepaid-Smartphone-Locked-to-Straight-Talk/14538861837,"Straight Talk Motorola Moto g 2025, 5G, 128GB, Gray - Prepaid Smartphone [Locked to Straight Talk]",5G Prepaid Phones,3.0,Same as I said above.,"It takes bout 2 days for it to totally charge. I have a hard time getting a connection cause it wants to connect to the 5g network all the time & I'm my area it's not installed. I'm not a really big fan of Motorola & I've used theirs before, was very unpleased with their products. LG I've used for years & have never had any issues or complaints with their products. Got this cuz my old phone was out dated & needed an upgrade.",9/14/2025,False,0.0,0.0,Alf Reed,English,unknown,bazaarvoice
14538861837,"Straight Talk Motorola Moto g 2025, 5G, 128GB, Gray - Prepaid Smartphone [Locked to Straight Talk]",Cell Phones,Walmart.com,F55CDC31AB754BB68FE0B39041159D63,79.88,IN_STOCK,4.3,1898,/ip/Straight-Talk-Motorola-Moto-g-2025-5G-128GB-Gray-Prepaid-Smartphone-Locked-to-Straight-Talk/14538861837,"Straight Talk Motorola Moto g 2025, 5G, 128GB, Gray - Prepaid Smartphone [Locked to Straight Talk]",5G Prepaid Phones,1.0,I can't get text messages. I need a replacement.,I am having trouble with this phone and I haven't even had it a month. I can't get messages from my mother one time she couldn't call me and then one of my other friends aren't getting messages through. I've tried all the stance. This phone is a piece of junk.,09-04-2025,False,0.0,0.0,Keenan,English,unknown,bazaarvoice
14538861837,"Straight Talk Motorola Moto g 2025, 5G, 128GB, Gray - Prepaid Smartphone [Locked to Straight Talk]",Cell Phones,Walmart.com,F55CDC31AB754BB68FE0B39041159D63,79.88,IN_STOCK,4.3,1898,/ip/Straight-Talk-Motorola-Moto-g-2025-5G-128GB-Gray-Prepaid-Smartphone-Locked-to-Straight-Talk/14538861837,"Straight Talk Motorola Moto g 2025, 5G, 128GB, Gray - Prepaid Smartphone [Locked to Straight Talk]",5G Prepaid Phones,2.0,do not buy this phone,"do not waste your money on this phone.  the speaker is terrible. half the time people can't hear what you are saying. you can be in an app typing and it will kick you out of the app. half the time you don't have service to make calls. if you are in a group text message, most of the time the messages won't send. it's honestly the worse phone I've ever had. only good thing about it is that the battery is good.",8/21/2025,False,0.0,0.0,Samantha,English,Walmart,bazaarvoice
14538861837,"Straight Talk Motorola Moto g 2025, 5G, 128GB, Gray - Prepaid Smartphone [Locked to Straight Talk]",Cell Phones,Walmart.com,F55CDC31AB754BB68FE0B39041159D63,79.88,IN_STOCK,4.3,1898,/ip/Straight-Talk-Motorola-Moto-g-2025-5G-128GB-Gray-Prepaid-Smartphone-Locked-to-Straight-Talk/14538861837,"Straight Talk Motorola Moto g 2025, 5G, 128GB, Gray - Prepaid Smartphone [Locked to Straight Talk]",5G Prepaid Phones,1.0,Awful. Do not buy this phone.,"Phone is awful. Doesnt want to work in town and will not recieve calls. Sometimes it crashes when trying to make a call and not having wifi. Crashes while I'm doordashing orders whoch is super frustrating. Lags extremely bad when playing fortnite and when playing music from apps. Group texts wont allow you to send messages with an error code saying ""to many senders""",08-04-2025,False,0.0,0.0,Tayye,English,unknown,bazaarvoice
14538861837,"Straight Talk Motorola Moto g 2025, 5G, 128GB, Gray - Prepaid Smartphone [Locked to Straight Talk]",Cell Phones,Walmart.com,F55CDC31AB754BB68FE0B39041159D63,79.88,IN_STOCK,4.3,1898,/ip/Straight-Talk-Motorola-Moto-g-2025-5G-128GB-Gray-Prepaid-Smartphone-Locked-to-Straight-Talk/14538861837,"Straight Talk Motorola Moto g 2025, 5G, 128GB, Gray - Prepaid Smartphone [Locked to Straight Talk]",5G Prepaid Phones,3.0,Just Got Phone And It's Already Acting Up.,I've been having some issues with the phone since it got here. It keeps telling me I can't make a call without using WiFi and I have to take it off of WiFi to use the phone. If it let's me use it at all...I would have to restart the phone to try and clear that up very often.,08-10-2025,False,0.0,0.0,Kristan,English,unknown,bazaarvoice
14538861837,"Straight Talk Motorola Moto g 2025, 5G, 128GB, Gray - Prepaid Smartphone [Locked to Straight Talk]",Cell Phones,Walmart.com,F55CDC31AB754BB68FE0B39041159D63,79.88,IN_STOCK,4.3,1898,/ip/Straight-Talk-Motorola-Moto-g-2025-5G-128GB-Gray-Prepaid-Smartphone-Locked-to-Straight-Talk/14538861837,"Straight Talk Motorola Moto g 2025, 5G, 128GB, Gray - Prepaid Smartphone [Locked to Straight Talk]",5G Prepaid Phones,2.0,Moto 2025,"I have had nothing but trouble with this phone. The battery does not hold a charge, sometimes I cannot make phone calls without shutting it off and restarting it. I'll be listening to music and it stops or jumps to a different song. I would highly recommend not getting this phone!!",9/13/2025,False,0.0,0.0,Zimdars,English,unknown,bazaarvoice
14538861837,"Straight Talk Motorola Moto g 2025, 5G, 128GB, Gray - Prepaid Smartphone [Locked to Straight Talk]",Cell Phones,Walmart.com,F55CDC31AB754BB68FE0B39041159D63,79.88,IN_STOCK,4.3,1898,/ip/Straight-Talk-Motorola-Moto-g-2025-5G-128GB-Gray-Prepaid-Smartphone-Locked-to-Straight-Talk/14538861837,"Straight Talk Motorola Moto g 2025, 5G, 128GB, Gray - Prepaid Smartphone [Locked to Straight Talk]",5G Prepaid Phones,1.0,the worst Motorola product I have ever owned,"I have used Motorola phones since 2016. this is by far the worst phone they have ever made. I bought the first one, got it out set it up immediately it froze constantly, when I could use the phone the speaker was messed up, finally it froze and I attempted to reboot it and it got stuck in a reboot loop that literally continued until the battery died. set up a return immediately because I had just bought the phone. I got a replacement because I thought it was just a defective device that happens. got the same phone and it worked so much better right up until I exited the return window. this phone freezes constantly, can't unlock it, shuts my apps off in the middle of working. speaker works when it wants to. mostly it doesn't. it will ring when I have a call coming in, but won't show the phone call. now the Bluetooth keeps disconnecting and reconnecting repetitively draining my Garmin. can't listen to Spotify because either the speaker won't work, or it freezes and exits the app. I take pictures or try to, it shows it took the picture but then when I go to view it it never took the picture. half the time it won't send messages, just delete them. not pending, not failed, type the message, hit send and then it's gone. the battery life for the first month was true Motorola battery, and then one day it stopped charging, finally got it to charge and it drains the battery with all apps off, even in airplane mode it drains the battery in record time. this was the biggest waste of money I have ever sent. and I have wasted money on some pretty stupid stuff. do not buy this phone what ever you do. the only GOOD thing about this phone is the camera quality when it actually takes pictures is pretty good.",04-08-2026,False,0.0,0.0,tonya,English,Walmart,bazaarvoice
14538861837,"Straight Talk Motorola Moto g 2025, 5G, 128GB, Gray - Prepaid Smartphone [Locked to Straight Talk]",Cell Phones,Walmart.com,F55CDC31AB754BB68FE0B39041159D63,79.88,IN_STOCK,4.3,1898,/ip/Straight-Talk-Motorola-Moto-g-2025-5G-128GB-Gray-Prepaid-Smartphone-Locked-to-Straight-Talk/14538861837,"Straight Talk Motorola Moto g 2025, 5G, 128GB, Gray - Prepaid Smartphone [Locked to Straight Talk]",5G Prepaid Phones,1.0,No title,I don't know why it want me to leave a review because it was never delivered to me and when my delivery driver got here to my house she was nice and respectful say the didn't have it in stock so I request a refund for it and now I hasn't got my refund or my phone,04-12-2026,No recommendation,0.0,0.0,Jason,English,Walmart,bazaarvoice
14538861837,"Straight Talk Motorola Moto g 2025, 5G, 128GB, Gray - Prepaid Smartphone [Locked to Straight Talk]",Cell Phones,Walmart.com,F55CDC31AB754BB68FE0B39041159D63,79.88,IN_STOCK,4.3,1898,/ip/Straight-Talk-Motorola-Moto-g-2025-5G-128GB-Gray-Prepaid-Smartphone-Locked-to-Straight-Talk/14538861837,"Straight Talk Motorola Moto g 2025, 5G, 128GB, Gray - Prepaid Smartphone [Locked to Straight Talk]",5G Prepaid Phones,1.0,Do Not Buy,"Worst experience with a phone ever., made calls. sent messages but could not receive a text message,  even worse is Straight Talk is Verizon .
After a couple hours on the phone with Straight Talk and a 35 mile drive to a Verizon store no one could fix my issues finally ened up switching to Cricket Wireless going with a Samsung phone.
While in line at the Eastland TX Walmart store another lady had the same Motorola phone with the same problems. 
This Motorola phone has some serious software issues",5/26/2025,No recommendation,0.0,0.0,Brian,English,Walmart,bazaarvoice
986398921,Moto G Pure | 2021 | 3-Day battery | Unlocked | Made for US by Motorola | Deep Indigo,Cell Phones,VIPOUTLET,66656029CC6541CBADDFA17547A98DE0,54.0,IN_STOCK,3.5,117,/ip/Moto-G-Pure-2021-3-Day-battery-Unlocked-Made-for-US-by-Motorola-Deep-Indigo/986398921,Moto G Pure | 2021 | 3-Day battery | Unlocked | Made for US by Motorola | Deep Indigo,All Unlocked Phones,5.0,"Motorola phones, I highly recommend!",This is my fifth Motorola phone in a row and I've never gotten anything but exceptional service from all five!,3/23/2023,False,0.0,0.0,Chuck,English,unknown,bazaarvoice
986398921,Moto G Pure | 2021 | 3-Day battery | Unlocked | Made for US by Motorola | Deep Indigo,Cell Phones,VIPOUTLET,66656029CC6541CBADDFA17547A98DE0,54.0,IN_STOCK,3.5,117,/ip/Moto-G-Pure-2021-3-Day-battery-Unlocked-Made-for-US-by-Motorola-Deep-Indigo/986398921,Moto G Pure | 2021 | 3-Day battery | Unlocked | Made for US by Motorola | Deep Indigo,All Unlocked Phones,5.0,perfect gift,the phone was perfect for my 9yr old he loved it and all the features and we used it for a government phone.,01-03-2024,No recommendation,0.0,0.0,Shermika,English,unknown,bazaarvoice
986398921,Moto G Pure | 2021 | 3-Day battery | Unlocked | Made for US by Motorola | Deep Indigo,Cell Phones,VIPOUTLET,66656029CC6541CBADDFA17547A98DE0,54.0,IN_STOCK,3.5,117,/ip/Moto-G-Pure-2021-3-Day-battery-Unlocked-Made-for-US-by-Motorola-Deep-Indigo/986398921,Moto G Pure | 2021 | 3-Day battery | Unlocked | Made for US by Motorola | Deep Indigo,All Unlocked Phones,5.0,Good value for 4g phone,Big screen.  Battery lasts longer than expected but not three days if you use it of course.  and charges faster than old phone.,2/14/2023,False,0.0,0.0,Peter,English,unknown,bazaarvoice
986398921,Moto G Pure | 2021 | 3-Day battery | Unlocked | Made for US by Motorola | Deep Indigo,Cell Phones,VIPOUTLET,66656029CC6541CBADDFA17547A98DE0,54.0,IN_STOCK,3.5,117,/ip/Moto-G-Pure-2021-3-Day-battery-Unlocked-Made-for-US-by-Motorola-Deep-Indigo/986398921,Moto G Pure | 2021 | 3-Day battery | Unlocked | Made for US by Motorola | Deep Indigo,All Unlocked Phones,1.0,No title,Never received it. Walmart cancelled my order,10/17/2023,No recommendation,0.0,0.0,WalmartCustomer,English,unknown,bazaarvoice
986398921,Moto G Pure | 2021 | 3-Day battery | Unlocked | Made for US by Motorola | Deep Indigo,Cell Phones,VIPOUTLET,66656029CC6541CBADDFA17547A98DE0,54.0,IN_STOCK,3.5,117,/ip/Moto-G-Pure-2021-3-Day-battery-Unlocked-Made-for-US-by-Motorola-Deep-Indigo/986398921,Moto G Pure | 2021 | 3-Day battery | Unlocked | Made for US by Motorola | Deep Indigo,All Unlocked Phones,1.0,Frequent automatic shutdowns,"Automatic shutdown frequently,after use only two months.",10-01-2022,False,0.0,0.0,Jasmine,English,unknown,bazaarvoice
986398921,Moto G Pure | 2021 | 3-Day battery | Unlocked | Made for US by Motorola | Deep Indigo,Cell Phones,VIPOUTLET,66656029CC6541CBADDFA17547A98DE0,54.0,IN_STOCK,3.5,117,/ip/Moto-G-Pure-2021-3-Day-battery-Unlocked-Made-for-US-by-Motorola-Deep-Indigo/986398921,Moto G Pure | 2021 | 3-Day battery | Unlocked | Made for US by Motorola | Deep Indigo,All Unlocked Phones,2.0,YUCK,"This phone freezes up, I have to re-boot all the time.",11/21/2023,No recommendation,0.0,0.0,Hilda,English,unknown,bazaarvoice
986398921,Moto G Pure | 2021 | 3-Day battery | Unlocked | Made for US by Motorola | Deep Indigo,Cell Phones,VIPOUTLET,66656029CC6541CBADDFA17547A98DE0,54.0,IN_STOCK,3.5,117,/ip/Moto-G-Pure-2021-3-Day-battery-Unlocked-Made-for-US-by-Motorola-Deep-Indigo/986398921,Moto G Pure | 2021 | 3-Day battery | Unlocked | Made for US by Motorola | Deep Indigo,All Unlocked Phones,5.0,great phone,there is nothing to dislike the phone is great but the provider sux 😞,10/28/2023,No recommendation,0.0,0.0,Saz,English,unknown,bazaarvoice
986398921,Moto G Pure | 2021 | 3-Day battery | Unlocked | Made for US by Motorola | Deep Indigo,Cell Phones,VIPOUTLET,66656029CC6541CBADDFA17547A98DE0,54.0,IN_STOCK,3.5,117,/ip/Moto-G-Pure-2021-3-Day-battery-Unlocked-Made-for-US-by-Motorola-Deep-Indigo/986398921,Moto G Pure | 2021 | 3-Day battery | Unlocked | Made for US by Motorola | Deep Indigo,All Unlocked Phones,5.0,No title,no problem so work arrived in good condition and working properly,5/29/2022,False,0.0,0.0,Onizz,English,unknown,bazaarvoice
986398921,Moto G Pure | 2021 | 3-Day battery | Unlocked | Made for US by Motorola | Deep Indigo,Cell Phones,VIPOUTLET,66656029CC6541CBADDFA17547A98DE0,54.0,IN_STOCK,3.5,117,/ip/Moto-G-Pure-2021-3-Day-battery-Unlocked-Made-for-US-by-Motorola-Deep-Indigo/986398921,Moto G Pure | 2021 | 3-Day battery | Unlocked | Made for US by Motorola | Deep Indigo,All Unlocked Phones,1.0,not was a phone i would have any one buy,was alright till wi-fi calling was deleted by a up date,3/14/2023,False,0.0,0.0,Ricky,English,unknown,bazaarvoice
986398921,Moto G Pure | 2021 | 3-Day battery | Unlocked | Made for US by Motorola | Deep Indigo,Cell Phones,VIPOUTLET,66656029CC6541CBADDFA17547A98DE0,54.0,IN_STOCK,3.5,117,/ip/Moto-G-Pure-2021-3-Day-battery-Unlocked-Made-for-US-by-Motorola-Deep-Indigo/986398921,Moto G Pure | 2021 | 3-Day battery | Unlocked | Made for US by Motorola | Deep Indigo,All Unlocked Phones,1.0,No title,The phone was defective and it was impossible to set it up to operate.,06-05-2023,False,0.0,0.0,Bruce,English,unknown,bazaarvoice
17935752826,Samsung Galaxy A17 LTE (2025) 128GB + 6GB RAM AI Smartphone – Brand New | 6.7” Super AMOLED 90Hz Display | 50MP OIS Camera | GSM Unlocked International Version Dual SIM Android Cellphone,Cell Phones,AWH Wireless LLC,AA96AACD1FD34030B374A92C9757DA24,179.99,IN_STOCK,3.5,111,/ip/Samsung-Galaxy-A17-LTE-2025-128GB-6GB-RAM-AI-Smartphone-Brand-New-6-7-Super-AMOLED-90Hz-Display-50MP-OIS-Camera-GSM-Unlocked-International-Version-Du/17935752826,Samsung Galaxy A17 LTE (2025) 128GB + 6GB RAM AI Smartphone – Brand New | 6.7” Super AMOLED 90Hz Display | 50MP OIS Camera | GSM Unlocked International Version Dual SIM Android Cellphone,All Samsung Galaxy Unlocked Phones,1.0,No title,This phone does NOT support 5g …,1/18/2026,No recommendation,0.0,0.0,Monica,English,Walmart,bazaarvoice
17935752826,Samsung Galaxy A17 LTE (2025) 128GB + 6GB RAM AI Smartphone – Brand New | 6.7” Super AMOLED 90Hz Display | 50MP OIS Camera | GSM Unlocked International Version Dual SIM Android Cellphone,Cell Phones,AWH Wireless LLC,AA96AACD1FD34030B374A92C9757DA24,179.99,IN_STOCK,3.5,111,/ip/Samsung-Galaxy-A17-LTE-2025-128GB-6GB-RAM-AI-Smartphone-Brand-New-6-7-Super-AMOLED-90Hz-Display-50MP-OIS-Camera-GSM-Unlocked-International-Version-Du/17935752826,Samsung Galaxy A17 LTE (2025) 128GB + 6GB RAM AI Smartphone – Brand New | 6.7” Super AMOLED 90Hz Display | 50MP OIS Camera | GSM Unlocked International Version Dual SIM Android Cellphone,All Samsung Galaxy Unlocked Phones,5.0,A,looks great thinner bigger screen better cameras,1/21/2026,True,0.0,0.0,leon,English,Walmart,bazaarvoice
17935752826,Samsung Galaxy A17 LTE (2025) 128GB + 6GB RAM AI Smartphone – Brand New | 6.7” Super AMOLED 90Hz Display | 50MP OIS Camera | GSM Unlocked International Version Dual SIM Android Cellphone,Cell Phones,AWH Wireless LLC,AA96AACD1FD34030B374A92C9757DA24,179.99,IN_STOCK,3.5,111,/ip/Samsung-Galaxy-A17-LTE-2025-128GB-6GB-RAM-AI-Smartphone-Brand-New-6-7-Super-AMOLED-90Hz-Display-50MP-OIS-Camera-GSM-Unlocked-International-Version-Du/17935752826,Samsung Galaxy A17 LTE (2025) 128GB + 6GB RAM AI Smartphone – Brand New | 6.7” Super AMOLED 90Hz Display | 50MP OIS Camera | GSM Unlocked International Version Dual SIM Android Cellphone,All Samsung Galaxy Unlocked Phones,5.0,Recommend for standard use,Excellent and works fine for family members,1/19/2026,True,0.0,0.0,JC diaz,English,unknown,bazaarvoice
17935752826,Samsung Galaxy A17 LTE (2025) 128GB + 6GB RAM AI Smartphone – Brand New | 6.7” Super AMOLED 90Hz Display | 50MP OIS Camera | GSM Unlocked International Version Dual SIM Android Cellphone,Cell Phones,AWH Wireless LLC,AA96AACD1FD34030B374A92C9757DA24,179.99,IN_STOCK,3.5,111,/ip/Samsung-Galaxy-A17-LTE-2025-128GB-6GB-RAM-AI-Smartphone-Brand-New-6-7-Super-AMOLED-90Hz-Display-50MP-OIS-Camera-GSM-Unlocked-International-Version-Du/17935752826,Samsung Galaxy A17 LTE (2025) 128GB + 6GB RAM AI Smartphone – Brand New | 6.7” Super AMOLED 90Hz Display | 50MP OIS Camera | GSM Unlocked International Version Dual SIM Android Cellphone,All Samsung Galaxy Unlocked Phones,5.0,Amazing,love the seller and the cellphone will definatly be back!,01-10-2026,No recommendation,0.0,0.0,MJ,English,unknown,bazaarvoice
17935752826,Samsung Galaxy A17 LTE (2025) 128GB + 6GB RAM AI Smartphone – Brand New | 6.7” Super AMOLED 90Hz Display | 50MP OIS Camera | GSM Unlocked International Version Dual SIM Android Cellphone,Cell Phones,AWH Wireless LLC,AA96AACD1FD34030B374A92C9757DA24,179.99,IN_STOCK,3.5,111,/ip/Samsung-Galaxy-A17-LTE-2025-128GB-6GB-RAM-AI-Smartphone-Brand-New-6-7-Super-AMOLED-90Hz-Display-50MP-OIS-Camera-GSM-Unlocked-International-Version-Du/17935752826,Samsung Galaxy A17 LTE (2025) 128GB + 6GB RAM AI Smartphone – Brand New | 6.7” Super AMOLED 90Hz Display | 50MP OIS Camera | GSM Unlocked International Version Dual SIM Android Cellphone,All Samsung Galaxy Unlocked Phones,5.0,No title,Quality phone,1/21/2026,No recommendation,0.0,0.0,Elizabeth,English,Walmart,bazaarvoice
17935752826,Samsung Galaxy A17 LTE (2025) 128GB + 6GB RAM AI Smartphone – Brand New | 6.7” Super AMOLED 90Hz Display | 50MP OIS Camera | GSM Unlocked International Version Dual SIM Android Cellphone,Cell Phones,AWH Wireless LLC,AA96AACD1FD34030B374A92C9757DA24,179.99,IN_STOCK,3.5,111,/ip/Samsung-Galaxy-A17-LTE-2025-128GB-6GB-RAM-AI-Smartphone-Brand-New-6-7-Super-AMOLED-90Hz-Display-50MP-OIS-Camera-GSM-Unlocked-International-Version-Du/17935752826,Samsung Galaxy A17 LTE (2025) 128GB + 6GB RAM AI Smartphone – Brand New | 6.7” Super AMOLED 90Hz Display | 50MP OIS Camera | GSM Unlocked International Version Dual SIM Android Cellphone,All Samsung Galaxy Unlocked Phones,3.0,No title,not what i wanted,5/21/2026,No recommendation,0.0,0.0,Wilbert,English,Walmart,bazaarvoice
17935752826,Samsung Galaxy A17 LTE (2025) 128GB + 6GB RAM AI Smartphone – Brand New | 6.7” Super AMOLED 90Hz Display | 50MP OIS Camera | GSM Unlocked International Version Dual SIM Android Cellphone,Cell Phones,AWH Wireless LLC,AA96AACD1FD34030B374A92C9757DA24,179.99,IN_STOCK,3.5,111,/ip/Samsung-Galaxy-A17-LTE-2025-128GB-6GB-RAM-AI-Smartphone-Brand-New-6-7-Super-AMOLED-90Hz-Display-50MP-OIS-Camera-GSM-Unlocked-International-Version-Du/17935752826,Samsung Galaxy A17 LTE (2025) 128GB + 6GB RAM AI Smartphone – Brand New | 6.7” Super AMOLED 90Hz Display | 50MP OIS Camera | GSM Unlocked International Version Dual SIM Android Cellphone,All Samsung Galaxy Unlocked Phones,5.0,No title,good device.,01-03-2026,True,0.0,0.0,Kayla,English,Walmart,bazaarvoice
1847884976,"Samsung Galaxy A23 5G A Series Cell Phone, Factory Unlocked Android Smartphone, 64GB, Wide Lens Camera, 6.6” Infinite Display Screen, Long Battery Life, US Version, 2022, Black",Cell Phones,Digital World Shop,53B8F40EBB79420FAA4DEE93D7096844,134.0,IN_STOCK,4.4,777,/ip/Samsung-Galaxy-A23-5G-Series-Cell-Phone-Factory-Unlocked-Android-Smartphone-64GB-Wide-Lens-Camera-6-6-Infinite-Display-Screen-Long-Battery-Life-US-Ve/1847884976,"Samsung Galaxy A23 5G A Series Cell Phone, Factory Unlocked Android Smartphone, 64GB, Wide Lens Camera, 6.6” Infinite Display Screen, Long Battery Life, US Version, 2022, Black",All Samsung Galaxy Unlocked Phones,4.0,Great budget phone,"[This review was collected as part of a promotion.] I use it for my daily personal device. Social media, streaming movies & TV shows, email, phone calls and texting are majority of tasks performed. It has performed without any problems so far. About what I expected from Samsung. I mean of course it's not the top tier flagship model so it can't do everything.  But it's still above average compared to other devices in the same tier.",11/13/2023,No recommendation,0.0,0.0,DementedDude69,English,unknown,bazaarvoice
1847884976,"Samsung Galaxy A23 5G A Series Cell Phone, Factory Unlocked Android Smartphone, 64GB, Wide Lens Camera, 6.6” Infinite Display Screen, Long Battery Life, US Version, 2022, Black",Cell Phones,Digital World Shop,53B8F40EBB79420FAA4DEE93D7096844,134.0,IN_STOCK,4.4,777,/ip/Samsung-Galaxy-A23-5G-Series-Cell-Phone-Factory-Unlocked-Android-Smartphone-64GB-Wide-Lens-Camera-6-6-Infinite-Display-Screen-Long-Battery-Life-US-Ve/1847884976,"Samsung Galaxy A23 5G A Series Cell Phone, Factory Unlocked Android Smartphone, 64GB, Wide Lens Camera, 6.6” Infinite Display Screen, Long Battery Life, US Version, 2022, Black",All Samsung Galaxy Unlocked Phones,5.0,Great phone with great features,"[This review was collected as part of a promotion.] The Samsung Galaxy S23 is a flagship smartphone that continues the legacy of the Galaxy S series, bringing forth a myriad of features and improvements. In this comprehensive review, we'll delve into various aspects, from design and display to performance, camera capabilities, and software.

**Design and Build:**
The Galaxy S23 boasts a sleek and modern design that seamlessly merges aesthetics with functionality. The device features a premium build with a glass front and back, sandwiched by a sturdy metal frame. The slim profile and well-rounded edges contribute to a comfortable grip. Samsung has continued its commitment to durability with Corning Gorilla Glass protection, providing resilience against scratches and accidental drops.

The placement of physical buttons is intuitive, with the power button and volume rocker easily accessible. Additionally, the inclusion of an IP68 water and dust resistance rating ensures the device can withstand exposure to various environmental elements, adding a layer of robustness to its design.

**Display:**
The Galaxy S23 sports a stunning display that captivates users with its vivid colors and sharp resolution. The AMOLED panel delivers deep blacks and vibrant hues, making multimedia consumption a delightful experience. The high refresh rate further enhances the fluidity of the display, providing smooth scrolling and responsiveness.

The device features a generous screen size that caters to both productivity and entertainment needs.",11/13/2023,No recommendation,0.0,0.0,Moshicoh,English,unknown,bazaarvoice
1847884976,"Samsung Galaxy A23 5G A Series Cell Phone, Factory Unlocked Android Smartphone, 64GB, Wide Lens Camera, 6.6” Infinite Display Screen, Long Battery Life, US Version, 2022, Black",Cell Phones,Digital World Shop,53B8F40EBB79420FAA4DEE93D7096844,134.0,IN_STOCK,4.4,777,/ip/Samsung-Galaxy-A23-5G-Series-Cell-Phone-Factory-Unlocked-Android-Smartphone-64GB-Wide-Lens-Camera-6-6-Infinite-Display-Screen-Long-Battery-Life-US-Ve/1847884976,"Samsung Galaxy A23 5G A Series Cell Phone, Factory Unlocked Android Smartphone, 64GB, Wide Lens Camera, 6.6” Infinite Display Screen, Long Battery Life, US Version, 2022, Black",All Samsung Galaxy Unlocked Phones,4.0,The feature I like the most is I'm able to Blue wh,[This review was collected as part of a promotion.] One of the best phones that I've had has great graphics for gaming great for streaming and also has an Android side and a Samsung side so I can't wait to upgrade to the next level Samsung 853 5G I would recommend it for anyone that's beginning with the Android side and the Samsung phone because it has a lot of Bluetooth features cuz the lights on and off on your phone has a lot of storage you know you could be somewhere else and turn your lights on in your living room it's a great phone thank you,12/18/2023,No recommendation,0.0,0.0,P25GaGhost,English,unknown,bazaarvoice
1847884976,"Samsung Galaxy A23 5G A Series Cell Phone, Factory Unlocked Android Smartphone, 64GB, Wide Lens Camera, 6.6” Infinite Display Screen, Long Battery Life, US Version, 2022, Black",Cell Phones,Digital World Shop,53B8F40EBB79420FAA4DEE93D7096844,134.0,IN_STOCK,4.4,777,/ip/Samsung-Galaxy-A23-5G-Series-Cell-Phone-Factory-Unlocked-Android-Smartphone-64GB-Wide-Lens-Camera-6-6-Infinite-Display-Screen-Long-Battery-Life-US-Ve/1847884976,"Samsung Galaxy A23 5G A Series Cell Phone, Factory Unlocked Android Smartphone, 64GB, Wide Lens Camera, 6.6” Infinite Display Screen, Long Battery Life, US Version, 2022, Black",All Samsung Galaxy Unlocked Phones,4.0,"Reliable, sturdy, great camera","[This review was collected as part of a promotion.] So i am the worst when it comes to luck and phones. I have accidentally broken every phone ive ever owned in all the ways, however with this phone were going strong. I have put this galaxy a23 through it all and its STILL intact and fully functional.  I even dropped it into about 5+ inches of water in the creek this summer, used another phone to call it and found it submerged in the water and creek moss and still didnt have any issues at all. 
2. The warnings for if anything is in your charging port/ moisture found to prevent damage is awesome. 
3. The camera takes amazing quality photos",12-12-2023,No recommendation,0.0,0.0,Crashley,English,unknown,bazaarvoice
1847884976,"Samsung Galaxy A23 5G A Series Cell Phone, Factory Unlocked Android Smartphone, 64GB, Wide Lens Camera, 6.6” Infinite Display Screen, Long Battery Life, US Version, 2022, Black",Cell Phones,Digital World Shop,53B8F40EBB79420FAA4DEE93D7096844,134.0,IN_STOCK,4.4,777,/ip/Samsung-Galaxy-A23-5G-Series-Cell-Phone-Factory-Unlocked-Android-Smartphone-64GB-Wide-Lens-Camera-6-6-Infinite-Display-Screen-Long-Battery-Life-US-Ve/1847884976,"Samsung Galaxy A23 5G A Series Cell Phone, Factory Unlocked Android Smartphone, 64GB, Wide Lens Camera, 6.6” Infinite Display Screen, Long Battery Life, US Version, 2022, Black",All Samsung Galaxy Unlocked Phones,5.0,This product far exceeds my expectations,"[This review was collected as part of a promotion.] I use my Samsung device at work for school and also to contact my loved ones. I always have clear audible conversations I haven't yet missed a call it doesn't malfunction whatsoever. 
Out of all of the Samsung Galaxy A series this is my favorite the most that I got for what I paid. It's durable it's able to pro-form all the tasks that I start and finish. Very satisfied.",11/13/2023,No recommendation,0.0,0.0,Unknown,English,unknown,bazaarvoice
1847884976,"Samsung Galaxy A23 5G A Series Cell Phone, Factory Unlocked Android Smartphone, 64GB, Wide Lens Camera, 6.6” Infinite Display Screen, Long Battery Life, US Version, 2022, Black",Cell Phones,Digital World Shop,53B8F40EBB79420FAA4DEE93D7096844,134.0,IN_STOCK,4.4,777,/ip/Samsung-Galaxy-A23-5G-Series-Cell-Phone-Factory-Unlocked-Android-Smartphone-64GB-Wide-Lens-Camera-6-6-Infinite-Display-Screen-Long-Battery-Life-US-Ve/1847884976,"Samsung Galaxy A23 5G A Series Cell Phone, Factory Unlocked Android Smartphone, 64GB, Wide Lens Camera, 6.6” Infinite Display Screen, Long Battery Life, US Version, 2022, Black",All Samsung Galaxy Unlocked Phones,4.0,I love my Samsung,"[This review was collected as part of a promotion.] I use it to text my friends and family. Enjoy good shows and movies. Clock in and out for work. I do miss the light that glowed around the edges when I got a text message though! I loved that feature in my old samsung. I felt like it made it different and unique from other phone brands. Other than that, I love it! I might even upgrade",12-12-2023,No recommendation,0.0,0.0,Citizen,English,unknown,bazaarvoice
1847884976,"Samsung Galaxy A23 5G A Series Cell Phone, Factory Unlocked Android Smartphone, 64GB, Wide Lens Camera, 6.6” Infinite Display Screen, Long Battery Life, US Version, 2022, Black",Cell Phones,Digital World Shop,53B8F40EBB79420FAA4DEE93D7096844,134.0,IN_STOCK,4.4,777,/ip/Samsung-Galaxy-A23-5G-Series-Cell-Phone-Factory-Unlocked-Android-Smartphone-64GB-Wide-Lens-Camera-6-6-Infinite-Display-Screen-Long-Battery-Life-US-Ve/1847884976,"Samsung Galaxy A23 5G A Series Cell Phone, Factory Unlocked Android Smartphone, 64GB, Wide Lens Camera, 6.6” Infinite Display Screen, Long Battery Life, US Version, 2022, Black",All Samsung Galaxy Unlocked Phones,5.0,This product is an excellent purchase.,"[This review was collected as part of a promotion.] I use my Samsung for work, games, and social life. The camera has very good quality which is perfect for gaming and streaming live videos. It also keeps up with my work pace, which is extremely fast paced. Overall, I give this product a 10 out of 10.",11/13/2023,No recommendation,0.0,0.0,Jaybaybay,English,unknown,bazaarvoice
1847884976,"Samsung Galaxy A23 5G A Series Cell Phone, Factory Unlocked Android Smartphone, 64GB, Wide Lens Camera, 6.6” Infinite Display Screen, Long Battery Life, US Version, 2022, Black",Cell Phones,Digital World Shop,53B8F40EBB79420FAA4DEE93D7096844,134.0,IN_STOCK,4.4,777,/ip/Samsung-Galaxy-A23-5G-Series-Cell-Phone-Factory-Unlocked-Android-Smartphone-64GB-Wide-Lens-Camera-6-6-Infinite-Display-Screen-Long-Battery-Life-US-Ve/1847884976,"Samsung Galaxy A23 5G A Series Cell Phone, Factory Unlocked Android Smartphone, 64GB, Wide Lens Camera, 6.6” Infinite Display Screen, Long Battery Life, US Version, 2022, Black",All Samsung Galaxy Unlocked Phones,5.0,FanTABULOUS!!!,"[This review was collected as part of a promotion.] Since the day I got this phone it has been amazing! It's sonic fast, the screen size is perfect and the phone itself is just the right size of not being a little to big for my hand or pocket! The features and gadgets and other awesome settings it has, has still got me stuck like ""wow"". My games I play look AWESOME on the screen and the sound makes it feel like whoever or whatever is bumping front row seats!! It's storage life is immortal before having to insert a memory card!  And above all the cherries on the top the price for the phone put no kind of dent in my pocket and had me sold on it the moment I picked my jaw off the floor. My kids cracked my screen and even with its battle scars it keeps its chin high and continues to do and work the way i love it to be! I am more then pleased with my phone and have talked about it over and over to everyone I come across! I would buy it again for myself or another without hesitation!!",11/13/2023,No recommendation,0.0,0.0,Bjgo88,English,unknown,bazaarvoice
1847884976,"Samsung Galaxy A23 5G A Series Cell Phone, Factory Unlocked Android Smartphone, 64GB, Wide Lens Camera, 6.6” Infinite Display Screen, Long Battery Life, US Version, 2022, Black",Cell Phones,Digital World Shop,53B8F40EBB79420FAA4DEE93D7096844,134.0,IN_STOCK,4.4,777,/ip/Samsung-Galaxy-A23-5G-Series-Cell-Phone-Factory-Unlocked-Android-Smartphone-64GB-Wide-Lens-Camera-6-6-Infinite-Display-Screen-Long-Battery-Life-US-Ve/1847884976,"Samsung Galaxy A23 5G A Series Cell Phone, Factory Unlocked Android Smartphone, 64GB, Wide Lens Camera, 6.6” Infinite Display Screen, Long Battery Life, US Version, 2022, Black",All Samsung Galaxy Unlocked Phones,5.0,Durable and does what I need to,"[This review was collected as part of a promotion.] I use it for basic stuff. I love Samsung for durability as well as unique costumization.  Down to font, even font color. You have a lot wall paper and key board options. I typically always use my phones until I cant. So far my phones good had it for year or two.  Most Samsung phones I recommend. They also have really cool smart TVs.",11/13/2023,No recommendation,0.0,0.0,SamsungA53,English,unknown,bazaarvoice
1847884976,"Samsung Galaxy A23 5G A Series Cell Phone, Factory Unlocked Android Smartphone, 64GB, Wide Lens Camera, 6.6” Infinite Display Screen, Long Battery Life, US Version, 2022, Black",Cell Phones,Digital World Shop,53B8F40EBB79420FAA4DEE93D7096844,134.0,IN_STOCK,4.4,777,/ip/Samsung-Galaxy-A23-5G-Series-Cell-Phone-Factory-Unlocked-Android-Smartphone-64GB-Wide-Lens-Camera-6-6-Infinite-Display-Screen-Long-Battery-Life-US-Ve/1847884976,"Samsung Galaxy A23 5G A Series Cell Phone, Factory Unlocked Android Smartphone, 64GB, Wide Lens Camera, 6.6” Infinite Display Screen, Long Battery Life, US Version, 2022, Black",All Samsung Galaxy Unlocked Phones,5.0,Last 3 were Samsung. A23 is fabulous  phone. 🥰,[This review was collected as part of a promotion.] My A 23 is used for work and play. It is my only way to call family and friends. I am also using it to help my church. It has lots of storage and it has to be well built for my butter fingers. I passed my last Samsung to my grandson. It was 3 years old. I have had my A 23 since it first came out. I have no complaints about Samsung. What a great well built phone. Thank You Samsung 😊 💓,12/19/2023,No recommendation,0.0,0.0,Indianmoon98,English,unknown,bazaarvoice
1847884976,"Samsung Galaxy A23 5G A Series Cell Phone, Factory Unlocked Android Smartphone, 64GB, Wide Lens Camera, 6.6” Infinite Display Screen, Long Battery Life, US Version, 2022, Black",Cell Phones,Digital World Shop,53B8F40EBB79420FAA4DEE93D7096844,134.0,IN_STOCK,4.4,777,/ip/Samsung-Galaxy-A23-5G-Series-Cell-Phone-Factory-Unlocked-Android-Smartphone-64GB-Wide-Lens-Camera-6-6-Infinite-Display-Screen-Long-Battery-Life-US-Ve/1847884976,"Samsung Galaxy A23 5G A Series Cell Phone, Factory Unlocked Android Smartphone, 64GB, Wide Lens Camera, 6.6” Infinite Display Screen, Long Battery Life, US Version, 2022, Black",All Samsung Galaxy Unlocked Phones,4.0,This device is extraordinarily capable,"[This review was collected as part of a promotion.] It's fabulous overall. Great camera, great sound, it's even got a good flashlight. It's also durable enough that I didn't have any cracks until my dog decided it was hungry and tore a chunk off the corner. The only thing about it is that it can be a little slow sometimes, though that could very well be my fault. Other than that, it's much better than other phones I've had and it exceeded my expectations. That's all.",11/14/2023,No recommendation,0.0,0.0,ThaDguyMason,English,unknown,bazaarvoice
1847884976,"Samsung Galaxy A23 5G A Series Cell Phone, Factory Unlocked Android Smartphone, 64GB, Wide Lens Camera, 6.6” Infinite Display Screen, Long Battery Life, US Version, 2022, Black",Cell Phones,Digital World Shop,53B8F40EBB79420FAA4DEE93D7096844,134.0,IN_STOCK,4.4,777,/ip/Samsung-Galaxy-A23-5G-Series-Cell-Phone-Factory-Unlocked-Android-Smartphone-64GB-Wide-Lens-Camera-6-6-Infinite-Display-Screen-Long-Battery-Life-US-Ve/1847884976,"Samsung Galaxy A23 5G A Series Cell Phone, Factory Unlocked Android Smartphone, 64GB, Wide Lens Camera, 6.6” Infinite Display Screen, Long Battery Life, US Version, 2022, Black",All Samsung Galaxy Unlocked Phones,5.0,This phone has great features!,"[This review was collected as part of a promotion.] My Samsung Galaxy A23 5G has a great camera that takes amazing photos. I use portrait mode to take photos of my friends and family to create lasting memories. Streaming is made easy for work, and entertainment. Overall I would recommend this phone to all my friends,and family.",11/13/2023,No recommendation,0.0,0.0,LoveTheOcean,English,unknown,bazaarvoice
1847884976,"Samsung Galaxy A23 5G A Series Cell Phone, Factory Unlocked Android Smartphone, 64GB, Wide Lens Camera, 6.6” Infinite Display Screen, Long Battery Life, US Version, 2022, Black",Cell Phones,Digital World Shop,53B8F40EBB79420FAA4DEE93D7096844,134.0,IN_STOCK,4.4,777,/ip/Samsung-Galaxy-A23-5G-Series-Cell-Phone-Factory-Unlocked-Android-Smartphone-64GB-Wide-Lens-Camera-6-6-Infinite-Display-Screen-Long-Battery-Life-US-Ve/1847884976,"Samsung Galaxy A23 5G A Series Cell Phone, Factory Unlocked Android Smartphone, 64GB, Wide Lens Camera, 6.6” Infinite Display Screen, Long Battery Life, US Version, 2022, Black",All Samsung Galaxy Unlocked Phones,3.0,Good phone. Coulbuse a better one.....,"[This review was collected as part of a promotion.] It gets the job done. Late night movies when I am chilling alone. 

Streaming music has good sound from the phone. Especially when I use my buds.

Streaming podcasts has good audio, especially when I use my buds.",12-12-2023,No recommendation,0.0,0.0,Abooboo,English,unknown,bazaarvoice
1847884976,"Samsung Galaxy A23 5G A Series Cell Phone, Factory Unlocked Android Smartphone, 64GB, Wide Lens Camera, 6.6” Infinite Display Screen, Long Battery Life, US Version, 2022, Black",Cell Phones,Digital World Shop,53B8F40EBB79420FAA4DEE93D7096844,134.0,IN_STOCK,4.4,777,/ip/Samsung-Galaxy-A23-5G-Series-Cell-Phone-Factory-Unlocked-Android-Smartphone-64GB-Wide-Lens-Camera-6-6-Infinite-Display-Screen-Long-Battery-Life-US-Ve/1847884976,"Samsung Galaxy A23 5G A Series Cell Phone, Factory Unlocked Android Smartphone, 64GB, Wide Lens Camera, 6.6” Infinite Display Screen, Long Battery Life, US Version, 2022, Black",All Samsung Galaxy Unlocked Phones,5.0,Many great features,"[This review was collected as part of a promotion.] This phone fits all of my need. It has a large memory, great speakers for music, perfect for watching videos. Super easy to transfer my information and sync it with my old phone. All in all, I would definitely buy this phone again.",12-12-2023,No recommendation,0.0,0.0,Raymond,English,unknown,bazaarvoice
1847884976,"Samsung Galaxy A23 5G A Series Cell Phone, Factory Unlocked Android Smartphone, 64GB, Wide Lens Camera, 6.6” Infinite Display Screen, Long Battery Life, US Version, 2022, Black",Cell Phones,Digital World Shop,53B8F40EBB79420FAA4DEE93D7096844,134.0,IN_STOCK,4.4,777,/ip/Samsung-Galaxy-A23-5G-Series-Cell-Phone-Factory-Unlocked-Android-Smartphone-64GB-Wide-Lens-Camera-6-6-Infinite-Display-Screen-Long-Battery-Life-US-Ve/1847884976,"Samsung Galaxy A23 5G A Series Cell Phone, Factory Unlocked Android Smartphone, 64GB, Wide Lens Camera, 6.6” Infinite Display Screen, Long Battery Life, US Version, 2022, Black",All Samsung Galaxy Unlocked Phones,4.0,This phone is pretty good,[This review was collected as part of a promotion.] I use my phone for normal things. Calls& messages. Streaming movies & downloading music. And taking pictures. This phone does all of these things exceptionally well. Only thing that could be better is storage & battery life,11/13/2023,No recommendation,0.0,0.0,sstagner84,English,unknown,bazaarvoice
1847884976,"Samsung Galaxy A23 5G A Series Cell Phone, Factory Unlocked Android Smartphone, 64GB, Wide Lens Camera, 6.6” Infinite Display Screen, Long Battery Life, US Version, 2022, Black",Cell Phones,Digital World Shop,53B8F40EBB79420FAA4DEE93D7096844,134.0,IN_STOCK,4.4,777,/ip/Samsung-Galaxy-A23-5G-Series-Cell-Phone-Factory-Unlocked-Android-Smartphone-64GB-Wide-Lens-Camera-6-6-Infinite-Display-Screen-Long-Battery-Life-US-Ve/1847884976,"Samsung Galaxy A23 5G A Series Cell Phone, Factory Unlocked Android Smartphone, 64GB, Wide Lens Camera, 6.6” Infinite Display Screen, Long Battery Life, US Version, 2022, Black",All Samsung Galaxy Unlocked Phones,3.0,Not so bad that Samsung isn't still my favorite!,"[This review was collected as part of a promotion.] I use it for work, school,  family all over the country, scrolling, writing, habit building, paying bills, mobile wallet, banking, lists, notes, taking pics and videos,  editing them too, reading my textbook, studying, calling friends and family, shopping, maps, planning and booking trips, telemetry appointments,  and more. I use my phone for everything. 

My favorite is camera fun. I love my camera and editing pics and videos and all the great memories. This phone absolutely sucks for that. It takes pics that are mediocre, it has none of the cool extras in the software department. It's so slow. Even the screenshot sucks. 

The phone is slow but it always bounces back and that could be my location. The memory is almost non-existant but it's great you can add more too it. It has fallen a hundred and not broke so it seems to be durable.  The size is perfect, not too big like the S23 and light weight but it's not too small to hold comfortably. It gets slow and wants to quit on you but cleaning it out or resetting usually does the trick. The speakers are loud. I love them. Very impressive for the price. 

Will never be as loved by me as the note though.  Nothing can be. I miss my office in my hand. Please bring it back.",12/13/2023,No recommendation,0.0,0.0,Keelia,English,unknown,bazaarvoice
1847884976,"Samsung Galaxy A23 5G A Series Cell Phone, Factory Unlocked Android Smartphone, 64GB, Wide Lens Camera, 6.6” Infinite Display Screen, Long Battery Life, US Version, 2022, Black",Cell Phones,Digital World Shop,53B8F40EBB79420FAA4DEE93D7096844,134.0,IN_STOCK,4.4,777,/ip/Samsung-Galaxy-A23-5G-Series-Cell-Phone-Factory-Unlocked-Android-Smartphone-64GB-Wide-Lens-Camera-6-6-Infinite-Display-Screen-Long-Battery-Life-US-Ve/1847884976,"Samsung Galaxy A23 5G A Series Cell Phone, Factory Unlocked Android Smartphone, 64GB, Wide Lens Camera, 6.6” Infinite Display Screen, Long Battery Life, US Version, 2022, Black",All Samsung Galaxy Unlocked Phones,4.0,Love this phone!,"[This review was collected as part of a promotion.] Although there are soo many features on this phone that I don't know about, the more I learn about this phone, the better it gets. From music to android auto, this phone allows me to do everything and then more. Don't know how I'd survive without it. And still learning....",11/13/2023,No recommendation,0.0,0.0,Mander,English,unknown,bazaarvoice
1847884976,"Samsung Galaxy A23 5G A Series Cell Phone, Factory Unlocked Android Smartphone, 64GB, Wide Lens Camera, 6.6” Infinite Display Screen, Long Battery Life, US Version, 2022, Black",Cell Phones,Digital World Shop,53B8F40EBB79420FAA4DEE93D7096844,134.0,IN_STOCK,4.4,777,/ip/Samsung-Galaxy-A23-5G-Series-Cell-Phone-Factory-Unlocked-Android-Smartphone-64GB-Wide-Lens-Camera-6-6-Infinite-Display-Screen-Long-Battery-Life-US-Ve/1847884976,"Samsung Galaxy A23 5G A Series Cell Phone, Factory Unlocked Android Smartphone, 64GB, Wide Lens Camera, 6.6” Infinite Display Screen, Long Battery Life, US Version, 2022, Black",All Samsung Galaxy Unlocked Phones,4.0,The Samsung A23 5G,"[This review was collected as part of a promotion.] I use my phone all the time. I would be so lost without it. Of course I use it for talking, texting, sending/receiving emails, and taking awesome photos and videos, but I also use it for a ton of my work stuff. It works great for all of the things I need it for. One of the things I love the most about this phone is that it takes the best photos and it gives you so many options of things you can do with your photos. I would highly recommend getting this phone for anyone because there's an endless amount of things you can do on it. My husband even got me into playing games on it and I have so much fun while I'm playing games. I also listen to my Playlist that I made on my phone with my ear buds when I'm cleaning my house, or winding down, and sometimes while I'm at work. It has so many options to choose from where you can really personalize this phone the way you want it to be. It's such a great phone. If you haven't checked it out yet then you definitely should!!",12/18/2023,No recommendation,0.0,0.0,Love2Socialize,English,unknown,bazaarvoice
1847884976,"Samsung Galaxy A23 5G A Series Cell Phone, Factory Unlocked Android Smartphone, 64GB, Wide Lens Camera, 6.6” Infinite Display Screen, Long Battery Life, US Version, 2022, Black",Cell Phones,Digital World Shop,53B8F40EBB79420FAA4DEE93D7096844,134.0,IN_STOCK,4.4,777,/ip/Samsung-Galaxy-A23-5G-Series-Cell-Phone-Factory-Unlocked-Android-Smartphone-64GB-Wide-Lens-Camera-6-6-Infinite-Display-Screen-Long-Battery-Life-US-Ve/1847884976,"Samsung Galaxy A23 5G A Series Cell Phone, Factory Unlocked Android Smartphone, 64GB, Wide Lens Camera, 6.6” Infinite Display Screen, Long Battery Life, US Version, 2022, Black",All Samsung Galaxy Unlocked Phones,5.0,A great smart phone for the budget minded,"[This review was collected as part of a promotion.] This has been with me from sea to shining sea, and has never let me down. Clear calls, and fast web access, help me with everything I need.
Spotify rings clear and video quality is excellent. It connects via Android Auto quick and painlessly in all cars (I rent a lot) Maps are a breeze to transfer.
Social Media and games are fun on this machine.
For the price it does it all very well.",11/13/2023,No recommendation,0.0,0.0,sithboricua,English,unknown,bazaarvoice
1847884976,"Samsung Galaxy A23 5G A Series Cell Phone, Factory Unlocked Android Smartphone, 64GB, Wide Lens Camera, 6.6” Infinite Display Screen, Long Battery Life, US Version, 2022, Black",Cell Phones,Digital World Shop,53B8F40EBB79420FAA4DEE93D7096844,134.0,IN_STOCK,4.4,777,/ip/Samsung-Galaxy-A23-5G-Series-Cell-Phone-Factory-Unlocked-Android-Smartphone-64GB-Wide-Lens-Camera-6-6-Infinite-Display-Screen-Long-Battery-Life-US-Ve/1847884976,"Samsung Galaxy A23 5G A Series Cell Phone, Factory Unlocked Android Smartphone, 64GB, Wide Lens Camera, 6.6” Infinite Display Screen, Long Battery Life, US Version, 2022, Black",All Samsung Galaxy Unlocked Phones,5.0,GREAT BUDGET PHONE when it 1st came out,"[This review was collected as part of a promotion.] My Samsung Galaxy A32 5G is my daily driver, I use it every day. As far as the uses, I stream Music, Movies, even use my HotSpot. Great phone for what it is. Also the Features are incredible, the ""SmartView"" feature is the one I use the most. Also the 2nd most useful feature I use has to be the ""Extra Dim"", my eyes are sensitive so this feature is a most for me. I've had this device now for almost 3 years & it's going strong, don't get me wrong it has seen better days as far as Performance & outside conditions but still performs how it's supposed to at its CORE.",12-12-2023,No recommendation,0.0,0.0,OsoSiso,English,unknown,bazaarvoice
19202402404,"Samsung Galaxy S26 256GB Smartphone (Unlocked), Black",Cell Phones,Suresh Enterprises INC,39888DC07F734E0B954FB3F97637F822,794.0,IN_STOCK,4.7,924,/ip/M1-256GB-Black/19202402404,"Samsung Galaxy S26 512GB Smartphone Unlocked, Black",All Samsung Galaxy Unlocked Phones,5.0,Love it!,"[This review was collected as part of a promotion.] I bought this a couple weeks ago and so far it's great. Absolutely love the colour gold pink. Although it does heat up a bit at times, overall a good phone. Always stick to Samsung.  Even better I got a very good deal on my new S26!",3/25/2026,True,0.0,0.0,Miffy SC,English,unknown,bazaarvoice
19202402404,"Samsung Galaxy S26 256GB Smartphone (Unlocked), Black",Cell Phones,Suresh Enterprises INC,39888DC07F734E0B954FB3F97637F822,794.0,IN_STOCK,4.7,924,/ip/M1-256GB-Black/19202402404,"Samsung Galaxy S26 512GB Smartphone Unlocked, Black",All Samsung Galaxy Unlocked Phones,4.0,S26 Review,"[This review was collected as part of a promotion.] Phone overall feels like a slight improvement from my old s21, operating system is alot smoother and faster, AI is a nice introduction but wish for it to more but believe it will expand, camera is a lot smoother and better clarity, love the extra mode on the camera, but feels odd when holding the phone without a cover as the camera pretrudes so far out and does lie flat.",3/16/2026,True,0.0,0.0,KVDK,English,unknown,bazaarvoice
19202402404,"Samsung Galaxy S26 256GB Smartphone (Unlocked), Black",Cell Phones,Suresh Enterprises INC,39888DC07F734E0B954FB3F97637F822,794.0,IN_STOCK,4.7,924,/ip/M1-256GB-Black/19202402404,"Samsung Galaxy S26 512GB Smartphone Unlocked, Black",All Samsung Galaxy Unlocked Phones,5.0,Elite phone,"[This review was collected as part of a promotion.] Upgraded to the S26 from S25 and wasn't expecting much difference, but i was totally blown away. The phone looks and feels like a high end mobile should, the display is incredible, battery life amazing and the upgraded processor is brilliant!",3/16/2026,True,0.0,0.0,Hayes,English,unknown,bazaarvoice
19202402404,"Samsung Galaxy S26 256GB Smartphone (Unlocked), Black",Cell Phones,Suresh Enterprises INC,39888DC07F734E0B954FB3F97637F822,794.0,IN_STOCK,4.7,924,/ip/M1-256GB-Black/19202402404,"Samsung Galaxy S26 512GB Smartphone Unlocked, Black",All Samsung Galaxy Unlocked Phones,5.0,"Great display, fast, strong battery, top camera!++","[This review was collected as part of a promotion.] I recently switched from S21 Ultra to S26. Samsung Galaxy S26 features a vibrant display, smooth refresh rate, powerful performance, excellent cameras, strong battery life, fast charging, premium design, durable build, smooth software, reliable connectivity, and quality speakers.",4/21/2026,True,0.0,0.0,Daryam,English,unknown,bazaarvoice
19202402404,"Samsung Galaxy S26 256GB Smartphone (Unlocked), Black",Cell Phones,Suresh Enterprises INC,39888DC07F734E0B954FB3F97637F822,794.0,IN_STOCK,4.7,924,/ip/M1-256GB-Black/19202402404,"Samsung Galaxy S26 512GB Smartphone Unlocked, Black",All Samsung Galaxy Unlocked Phones,5.0,⭐⭐⭐⭐⭐ Genuinely Impressed — A Well-Rounded Upgrade,"[This review was collected as part of a promotion.] I've had the Samsung Galaxy S26 for a short while now and my first impressions are overwhelmingly positive.
The camera is the standout feature — shots are sharp, detailed, and handle low light better than I expected. It's the kind of camera quality that makes you reach for your phone instead of a dedicated camera.
Performance is seamless across the board. Apps open instantly, multitasking is smooth, and I haven't noticed any lag or stuttering whatsoever. It handles everything I throw at it without breaking a sweat.
The design and build feel premium in hand — the finishing is sleek and refined, and it looks as good as it performs. It's clearly a well-engineered device.
Battery life has also pleasantly surprised me. I'm comfortably getting through a full day without needing to top up mid-afternoon like I did with my previous phone.
If there's one minor note, the size and weight might take a little getting used to depending on what you're upgrading from — it's a solid, substantial device. Not a dealbreaker at all, just worth mentioning.
Overall, I'd recommend the S26 without hesitation. It delivers on all fronts and feels like a genuinely mature, capable flagship.",3/19/2026,True,0.0,0.0,Joe20789,English,unknown,bazaarvoice
19202402404,"Samsung Galaxy S26 256GB Smartphone (Unlocked), Black",Cell Phones,Suresh Enterprises INC,39888DC07F734E0B954FB3F97637F822,794.0,IN_STOCK,4.7,924,/ip/M1-256GB-Black/19202402404,"Samsung Galaxy S26 512GB Smartphone Unlocked, Black",All Samsung Galaxy Unlocked Phones,5.0,Good,"[This review was collected as part of a promotion.] The Samsung Galaxy S26 impresses with its sleek design and the incredibly powerful Snapdragon processor. The upgraded camera system captures stunningly sharp photos even in low light, while the all-day battery life and vibrant display make it a top-tier choice for any smartphone enthusiast this year.",3/18/2026,True,0.0,0.0,Sojuju,English,unknown,bazaarvoice
19202402404,"Samsung Galaxy S26 256GB Smartphone (Unlocked), Black",Cell Phones,Suresh Enterprises INC,39888DC07F734E0B954FB3F97637F822,794.0,IN_STOCK,4.7,924,/ip/M1-256GB-Black/19202402404,"Samsung Galaxy S26 512GB Smartphone Unlocked, Black",All Samsung Galaxy Unlocked Phones,5.0,Happy with this,[This review was collected as part of a promotion.] My new phone is not hugely different from my previous one (S21) but the newer features are amazing and easy to use.,5/18/2026,True,0.0,0.0,Happy C,English,unknown,bazaarvoice
19202402404,"Samsung Galaxy S26 256GB Smartphone (Unlocked), Black",Cell Phones,Suresh Enterprises INC,39888DC07F734E0B954FB3F97637F822,794.0,IN_STOCK,4.7,924,/ip/M1-256GB-Black/19202402404,"Samsung Galaxy S26 512GB Smartphone Unlocked, Black",All Samsung Galaxy Unlocked Phones,5.0,Samsung does it again!,[This review was collected as part of a promotion.] I have owned samsung phones since I could have a phone 2003 and every new model I get exceeds expectations. The S26 is fantastic 👌 👏,05-07-2026,True,0.0,0.0,Caitokitten,English,unknown,bazaarvoice
19202402404,"Samsung Galaxy S26 256GB Smartphone (Unlocked), Black",Cell Phones,Suresh Enterprises INC,39888DC07F734E0B954FB3F97637F822,794.0,IN_STOCK,4.7,924,/ip/M1-256GB-Black/19202402404,"Samsung Galaxy S26 512GB Smartphone Unlocked, Black",All Samsung Galaxy Unlocked Phones,5.0,Fantastic product from Samsung,[This review was collected as part of a promotion.] I ordered a Samsung galaxy S26 and it's the best decision I've ever made. An amazing phone with every feature you could ever want. It's magical,5/14/2026,True,0.0,0.0,Bennyboy84,English,unknown,bazaarvoice
19202402404,"Samsung Galaxy S26 256GB Smartphone (Unlocked), Black",Cell Phones,Suresh Enterprises INC,39888DC07F734E0B954FB3F97637F822,794.0,IN_STOCK,4.7,924,/ip/M1-256GB-Black/19202402404,"Samsung Galaxy S26 512GB Smartphone Unlocked, Black",All Samsung Galaxy Unlocked Phones,5.0,Blown away,[This review was collected as part of a promotion.] Upgraded from the s21 so quick and seamless and a heap more features im blown away and the camera quality is awesome,05-03-2026,True,0.0,0.0,Niggity,English,unknown,bazaarvoice
19202402404,"Samsung Galaxy S26 256GB Smartphone (Unlocked), Black",Cell Phones,Suresh Enterprises INC,39888DC07F734E0B954FB3F97637F822,794.0,IN_STOCK,4.7,924,/ip/M1-256GB-Black/19202402404,"Samsung Galaxy S26 512GB Smartphone Unlocked, Black",All Samsung Galaxy Unlocked Phones,5.0,"Sleek, Fast & Seriously Impressive","[This review was collected as part of a promotion.] I brought the S26 a month ago and I'm so glad I did - it's been an amazing upgrade. The camera quality is outstanding — photos come out sharp, vibrant, and professional-looking with very little effort. The speed and performance are super smooth, whether I'm multitasking, using apps, or just browsing day-to-day.

I also love how it supports productivity — everything feels efficient and easy to manage, which makes a big difference when you're on the go. And the colour? Absolutely beautiful — sleek, modern, and exactly what I was hoping for.

Overall, I'm really impressed. Samsung has definitely delivered a premium experience with this one.",04-08-2026,True,6.0,0.0,Niksta,English,unknown,bazaarvoice
19202402404,"Samsung Galaxy S26 256GB Smartphone (Unlocked), Black",Cell Phones,Suresh Enterprises INC,39888DC07F734E0B954FB3F97637F822,794.0,IN_STOCK,4.7,924,/ip/M1-256GB-Black/19202402404,"Samsung Galaxy S26 512GB Smartphone Unlocked, Black",All Samsung Galaxy Unlocked Phones,5.0,No title,"[This review was collected as part of a promotion.] I've been using the Samsung Galaxy 26 and I'm really impressed with it.
The size is just perfect comfortable to hold and easy to use throughout the day, without feeling too bulky. The performance is smooth and reliable, and everything just works effortlessly.

One of the biggest advantages for me is the battery life it's excellent and easily lasts through a full day of use, even with regular browsing, photos, and apps. It gives real peace of mind not having to worry about charging all the time.

The camera is also very good, delivering clear and vibrant photos in different lighting conditions.

Overall, it's a great all-around phone that balances performance, size, and battery really well. I'm very happy with it 👍",4/15/2026,True,2.0,0.0,Oksana,English,unknown,bazaarvoice
19202402404,"Samsung Galaxy S26 256GB Smartphone (Unlocked), Black",Cell Phones,Suresh Enterprises INC,39888DC07F734E0B954FB3F97637F822,794.0,IN_STOCK,4.7,924,/ip/M1-256GB-Black/19202402404,"Samsung Galaxy S26 512GB Smartphone Unlocked, Black",All Samsung Galaxy Unlocked Phones,5.0,Great all round Galaxy S26,"[This review was collected as part of a promotion.] Very happy with my new Samsung Galaxy S26 so far. Great performance, fast and responsive, and the size feels perfect in hand without being bulky. The battery life and camera quality have also been a noticeable step up. Definitely happy with the upgrade.",5/15/2026,True,0.0,0.0,finallyupgraded,English,unknown,bazaarvoice
19202402404,"Samsung Galaxy S26 256GB Smartphone (Unlocked), Black",Cell Phones,Suresh Enterprises INC,39888DC07F734E0B954FB3F97637F822,794.0,IN_STOCK,4.7,924,/ip/M1-256GB-Black/19202402404,"Samsung Galaxy S26 512GB Smartphone Unlocked, Black",All Samsung Galaxy Unlocked Phones,5.0,Upgrade to latest technology,"[This review was collected as part of a promotion.] Have used a S8 all over the world since 2018, but have now had to upgrade to the S26 to accomodate the new technology throughout the world of travel. So far I have found that the  S26 is easier to use than the S8 in so many ways, more intuitive in most. The new device is a lot faster and downloads required apps very quickly and, usually without set up problems. A little bit heavier than the S8 I percieve, but that will be something to get used to over time.",05-04-2026,True,0.0,0.0,Gads50,English,unknown,bazaarvoice
19202402404,"Samsung Galaxy S26 256GB Smartphone (Unlocked), Black",Cell Phones,Suresh Enterprises INC,39888DC07F734E0B954FB3F97637F822,794.0,IN_STOCK,4.7,924,/ip/M1-256GB-Black/19202402404,"Samsung Galaxy S26 512GB Smartphone Unlocked, Black",All Samsung Galaxy Unlocked Phones,5.0,Best transition ever,"[This review was collected as part of a promotion.] I have had my new phone for a few weeks now and I am more than happy.
The transition from old phone the new, was the easiest yet. Perfect.
The new features are seamlessly integrated. I don't need to go searching and spending too much time relearning. 
Loving my upgrade.",5/18/2026,True,0.0,0.0,Bri76,English,unknown,bazaarvoice
19202402404,"Samsung Galaxy S26 256GB Smartphone (Unlocked), Black",Cell Phones,Suresh Enterprises INC,39888DC07F734E0B954FB3F97637F822,794.0,IN_STOCK,4.7,924,/ip/M1-256GB-Black/19202402404,"Samsung Galaxy S26 512GB Smartphone Unlocked, Black",All Samsung Galaxy Unlocked Phones,5.0,Excellent filming,[This review was collected as part of a promotion.] I desperately needed an upgrade to a new phone as I video artists for my work to put on social media.. Can't believe the clarity and ease with the new camera. Only down side is the lens that stick out from the main body of the camera.,05-06-2026,True,0.0,0.0,JBmandm,English,unknown,bazaarvoice
19202402404,"Samsung Galaxy S26 256GB Smartphone (Unlocked), Black",Cell Phones,Suresh Enterprises INC,39888DC07F734E0B954FB3F97637F822,794.0,IN_STOCK,4.7,924,/ip/M1-256GB-Black/19202402404,"Samsung Galaxy S26 512GB Smartphone Unlocked, Black",All Samsung Galaxy Unlocked Phones,5.0,Top of the range for me!,"[This review was collected as part of a promotion.] I upgraded to the Galaxy S26 series after previously using a Flip device, and honestly this phone has surprised me in the best way. The first thing I noticed was how smooth and responsive everything feels — apps open instantly, multitasking is effortless, and the battery life has been noticeably better than I expected even with heavy daily use.
The camera quality is incredible, especially in lower lighting. Photos look sharp without looking overprocessed, and the zoom is actually usable instead of just becoming blurry. I've also loved how natural the screen colours look while still being bright enough outdoors here in Queensland.
Galaxy AI has been one of the biggest unexpected benefits for me. Features that I thought I wouldn't use have actually become part of my daily routine because they save time and make the phone feel genuinely smart rather than gimmicky.
What I appreciate most though is that the phone feels premium without becoming complicated. Samsung has managed to keep everything intuitive while still packing in heaps of features. It feels reliable, polished, and genuinely enjoyable to use every day.
Overall, this is easily the best Galaxy phone I've owned so far.",05-05-2026,True,0.0,0.0,Smexymumma,English,unknown,bazaarvoice
19202402404,"Samsung Galaxy S26 256GB Smartphone (Unlocked), Black",Cell Phones,Suresh Enterprises INC,39888DC07F734E0B954FB3F97637F822,794.0,IN_STOCK,4.7,924,/ip/M1-256GB-Black/19202402404,"Samsung Galaxy S26 512GB Smartphone Unlocked, Black",All Samsung Galaxy Unlocked Phones,5.0,Great features,"[This review was collected as part of a promotion.] I bought this phone 1 week ago and love it. Its so light, not heavy and bulky. Photos are good, screen is crystal clear and has more security features then i realised  Was in two minds as I did love my S22 but with happiness I made a good choice and upgrades.",05-12-2026,True,0.0,0.0,Rixy,English,unknown,bazaarvoice
19202402404,"Samsung Galaxy S26 256GB Smartphone (Unlocked), Black",Cell Phones,Suresh Enterprises INC,39888DC07F734E0B954FB3F97637F822,794.0,IN_STOCK,4.7,924,/ip/M1-256GB-Black/19202402404,"Samsung Galaxy S26 512GB Smartphone Unlocked, Black",All Samsung Galaxy Unlocked Phones,5.0,"Gala,y s26",[This review was collected as part of a promotion.] I bought this recently after my old phone completely died on me. I find it very easy to use and small enough it can fit easily in my pocket. Im very happy with the sound quality of my phone as well as the features making it easy to use.,5/21/2026,True,0.0,0.0,EQ1993,English,unknown,bazaarvoice
19202402404,"Samsung Galaxy S26 256GB Smartphone (Unlocked), Black",Cell Phones,Suresh Enterprises INC,39888DC07F734E0B954FB3F97637F822,794.0,IN_STOCK,4.7,924,/ip/M1-256GB-Black/19202402404,"Samsung Galaxy S26 512GB Smartphone Unlocked, Black",All Samsung Galaxy Unlocked Phones,4.0,Loving the S26,[This review was collected as part of a promotion.] Got this last week and loving the responsiveness and camera features on this phone. It's quick to open applications and limited glitches in comparison to previous models.  I like the size as it fits in my jeans pockets without tumbling out also,5/15/2026,True,0.0,0.0,Bielbz,English,unknown,bazaarvoice
16282016746,"Total Wireless BLU Speed Ultra, 64GB, 5G, Gray - Prepaid Smartphone [Locked to Total Wireless]",Cell Phones,Walmart.com,F55CDC31AB754BB68FE0B39041159D63,39.88,IN_STOCK,3.9,98,/ip/TO-BLU-B1660V-CDMA-LTE-GRAY-HANDSET-WALMART-POSA/16282016746,"Total Wireless BLU Speed Ultra, 64GB, 5G, Gray - Prepaid Smartphone [Locked to Total Wireless]",Prepaid Android phones,5.0,No title,not a bad little burner phone. i use it for games and for extra storage. works good. cheap price. definitely recommend,3/28/2026,True,0.0,0.0,Camellia,English,Walmart,bazaarvoice
16282016746,"Total Wireless BLU Speed Ultra, 64GB, 5G, Gray - Prepaid Smartphone [Locked to Total Wireless]",Cell Phones,Walmart.com,F55CDC31AB754BB68FE0B39041159D63,39.88,IN_STOCK,3.9,98,/ip/TO-BLU-B1660V-CDMA-LTE-GRAY-HANDSET-WALMART-POSA/16282016746,"Total Wireless BLU Speed Ultra, 64GB, 5G, Gray - Prepaid Smartphone [Locked to Total Wireless]",Prepaid Android phones,5.0,No title,Love the BLU phone.  I have another it runs smoothly  .  Recommend it for anyone.. Easy to use,3/27/2026,True,0.0,0.0,Lorraine,English,Walmart,bazaarvoice
16282016746,"Total Wireless BLU Speed Ultra, 64GB, 5G, Gray - Prepaid Smartphone [Locked to Total Wireless]",Cell Phones,Walmart.com,F55CDC31AB754BB68FE0B39041159D63,39.88,IN_STOCK,3.9,98,/ip/TO-BLU-B1660V-CDMA-LTE-GRAY-HANDSET-WALMART-POSA/16282016746,"Total Wireless BLU Speed Ultra, 64GB, 5G, Gray - Prepaid Smartphone [Locked to Total Wireless]",Prepaid Android phones,5.0,No title,Because it's everything I wanted and needed,2/18/2026,No recommendation,0.0,0.0,WalmartCustomer,English,unknown,bazaarvoice
16282016746,"Total Wireless BLU Speed Ultra, 64GB, 5G, Gray - Prepaid Smartphone [Locked to Total Wireless]",Cell Phones,Walmart.com,F55CDC31AB754BB68FE0B39041159D63,39.88,IN_STOCK,3.9,98,/ip/TO-BLU-B1660V-CDMA-LTE-GRAY-HANDSET-WALMART-POSA/16282016746,"Total Wireless BLU Speed Ultra, 64GB, 5G, Gray - Prepaid Smartphone [Locked to Total Wireless]",Prepaid Android phones,5.0,like it,very good smartphone and the price is right 👍.,2/21/2026,True,0.0,0.0,Randall,English,Walmart,bazaarvoice
16282016746,"Total Wireless BLU Speed Ultra, 64GB, 5G, Gray - Prepaid Smartphone [Locked to Total Wireless]",Cell Phones,Walmart.com,F55CDC31AB754BB68FE0B39041159D63,39.88,IN_STOCK,3.9,98,/ip/TO-BLU-B1660V-CDMA-LTE-GRAY-HANDSET-WALMART-POSA/16282016746,"Total Wireless BLU Speed Ultra, 64GB, 5G, Gray - Prepaid Smartphone [Locked to Total Wireless]",Prepaid Android phones,4.0,Budget phone  still performs like a flag ship minu,It's a good device for what it is. Budget phone gd,6/22/2025,True,0.0,0.0,Tboy,English,unknown,bazaarvoice
16282016746,"Total Wireless BLU Speed Ultra, 64GB, 5G, Gray - Prepaid Smartphone [Locked to Total Wireless]",Cell Phones,Walmart.com,F55CDC31AB754BB68FE0B39041159D63,39.88,IN_STOCK,3.9,98,/ip/TO-BLU-B1660V-CDMA-LTE-GRAY-HANDSET-WALMART-POSA/16282016746,"Total Wireless BLU Speed Ultra, 64GB, 5G, Gray - Prepaid Smartphone [Locked to Total Wireless]",Prepaid Android phones,3.0,No title,Device was to hard to set up.,3/25/2026,False,0.0,0.0,HappyCamper,English,Walmart,bazaarvoice
16282016746,"Total Wireless BLU Speed Ultra, 64GB, 5G, Gray - Prepaid Smartphone [Locked to Total Wireless]",Cell Phones,Walmart.com,F55CDC31AB754BB68FE0B39041159D63,39.88,IN_STOCK,3.9,98,/ip/TO-BLU-B1660V-CDMA-LTE-GRAY-HANDSET-WALMART-POSA/16282016746,"Total Wireless BLU Speed Ultra, 64GB, 5G, Gray - Prepaid Smartphone [Locked to Total Wireless]",Prepaid Android phones,2.0,Rating for Blu View,"The phone isn't what I assumed it would be,I should have gotten a Motorola instead, but I made this choice and I don't think that I can exchange it for a better phone.",1/21/2026,False,0.0,0.0,Leroy Scott,English,unknown,bazaarvoice
16282016746,"Total Wireless BLU Speed Ultra, 64GB, 5G, Gray - Prepaid Smartphone [Locked to Total Wireless]",Cell Phones,Walmart.com,F55CDC31AB754BB68FE0B39041159D63,39.88,IN_STOCK,3.9,98,/ip/TO-BLU-B1660V-CDMA-LTE-GRAY-HANDSET-WALMART-POSA/16282016746,"Total Wireless BLU Speed Ultra, 64GB, 5G, Gray - Prepaid Smartphone [Locked to Total Wireless]",Prepaid Android phones,2.0,Thumbs up,"I love the tear a square. Great price,they do what I need them to do.",11-05-2025,No recommendation,0.0,0.0,Miles,English,Walmart,bazaarvoice
16282016746,"Total Wireless BLU Speed Ultra, 64GB, 5G, Gray - Prepaid Smartphone [Locked to Total Wireless]",Cell Phones,Walmart.com,F55CDC31AB754BB68FE0B39041159D63,39.88,IN_STOCK,3.9,98,/ip/TO-BLU-B1660V-CDMA-LTE-GRAY-HANDSET-WALMART-POSA/16282016746,"Total Wireless BLU Speed Ultra, 64GB, 5G, Gray - Prepaid Smartphone [Locked to Total Wireless]",Prepaid Android phones,1.0,useless phone,slow straight out of the box. useless phone. location services dont work on it.,3/17/2026,No recommendation,0.0,0.0,ECAKE,English,Walmart,bazaarvoice
916649084,Restored Apple iPhone 8 - Carrier Unlocked - 64GB Space Gray (Refurbished),Cell Phones,Accipio technologies Inc,03743A66B9384C869C23D8DC4C6EAB59,79.99,IN_STOCK,3.9,1564,/ip/Restored-Apple-iPhone-8-a1863-64GB-Space-Gray-Factory-Unlocked-Refurbished/916649084?conditionGroupCode=2,Restored Apple iPhone 8 - Carrier Unlocked - 64GB Silver (Refurbished),iPhone,1.0,NOT unlocked!,"This phone was not unlocked.  It would only be applicable for prepaid accounts, and could not be used for regular accounts.  Nowhere was it stipulated that this phone could only be used for prepaid accounts.",07-03-2021,No recommendation,0.0,0.0,Brenda,English,unknown,bazaarvoice
916649084,Restored Apple iPhone 8 - Carrier Unlocked - 64GB Space Gray (Refurbished),Cell Phones,Accipio technologies Inc,03743A66B9384C869C23D8DC4C6EAB59,79.99,IN_STOCK,3.9,1564,/ip/Restored-Apple-iPhone-8-a1863-64GB-Space-Gray-Factory-Unlocked-Refurbished/916649084?conditionGroupCode=2,Restored Apple iPhone 8 - Carrier Unlocked - 64GB Silver (Refurbished),iPhone,1.0,No title,"never used an apple cell came with no instructions and no sim card. i got a full refund for the cell and cc warranty, too. that was great! and easy to return at my local walmart store.",11/13/2024,No recommendation,0.0,0.0,Gloria,English,unknown,bazaarvoice
916649084,Restored Apple iPhone 8 - Carrier Unlocked - 64GB Space Gray (Refurbished),Cell Phones,Accipio technologies Inc,03743A66B9384C869C23D8DC4C6EAB59,79.99,IN_STOCK,3.9,1564,/ip/Restored-Apple-iPhone-8-a1863-64GB-Space-Gray-Factory-Unlocked-Refurbished/916649084?conditionGroupCode=2,Restored Apple iPhone 8 - Carrier Unlocked - 64GB Silver (Refurbished),iPhone,1.0,could not activate,I was under the impression that this phone was unlocked however I could not activate this phone with Metro by T-Mobile and then Walmart gave me the run-around about returning the phone,05-07-2021,False,0.0,0.0,Old,English,unknown,bazaarvoice
916649084,Restored Apple iPhone 8 - Carrier Unlocked - 64GB Space Gray (Refurbished),Cell Phones,Accipio technologies Inc,03743A66B9384C869C23D8DC4C6EAB59,79.99,IN_STOCK,3.9,1564,/ip/Restored-Apple-iPhone-8-a1863-64GB-Space-Gray-Factory-Unlocked-Refurbished/916649084?conditionGroupCode=2,Restored Apple iPhone 8 - Carrier Unlocked - 64GB Silver (Refurbished),iPhone,5.0,Great phone at a great price,"This is a great phone, I am using it as a secondary phone so not heavy use but I am very pleased with it.  The phone was in new condition and I would buy it again if needed.",5/27/2022,False,0.0,0.0,Scooter,English,unknown,bazaarvoice
916649084,Restored Apple iPhone 8 - Carrier Unlocked - 64GB Space Gray (Refurbished),Cell Phones,Accipio technologies Inc,03743A66B9384C869C23D8DC4C6EAB59,79.99,IN_STOCK,3.9,1564,/ip/Restored-Apple-iPhone-8-a1863-64GB-Space-Gray-Factory-Unlocked-Refurbished/916649084?conditionGroupCode=2,Restored Apple iPhone 8 - Carrier Unlocked - 64GB Silver (Refurbished),iPhone,1.0,never received phone,"walmart said item was delivered Monday, nothing. Waited 2 days and still nothing. So disappointed I didnt receive the item I paid for getting a refund.",12/14/2023,No recommendation,0.0,0.0,Jessica,English,unknown,bazaarvoice
916649084,Restored Apple iPhone 8 - Carrier Unlocked - 64GB Space Gray (Refurbished),Cell Phones,Accipio technologies Inc,03743A66B9384C869C23D8DC4C6EAB59,79.99,IN_STOCK,3.9,1564,/ip/Restored-Apple-iPhone-8-a1863-64GB-Space-Gray-Factory-Unlocked-Refurbished/916649084?conditionGroupCode=2,Restored Apple iPhone 8 - Carrier Unlocked - 64GB Silver (Refurbished),iPhone,5.0,Refurbished iPhone 8,So far so good! I got an unlocked refurbished iPhone and it’s been great so far! Small minor scratch on the screen but it was nothing to worry about. This was a great buy!,12/28/2023,No recommendation,0.0,0.0,Stephanie,English,unknown,bazaarvoice
916649084,Restored Apple iPhone 8 - Carrier Unlocked - 64GB Space Gray (Refurbished),Cell Phones,Accipio technologies Inc,03743A66B9384C869C23D8DC4C6EAB59,79.99,IN_STOCK,3.9,1564,/ip/Restored-Apple-iPhone-8-a1863-64GB-Space-Gray-Factory-Unlocked-Refurbished/916649084?conditionGroupCode=2,Restored Apple iPhone 8 - Carrier Unlocked - 64GB Silver (Refurbished),iPhone,5.0,No title,"This phone was ordered to replace my damaged Iphone 8. It was in my hands within 2 days, I had it up and running in :17 minutes. Outstanding service!!",11/20/2020,True,0.0,0.0,TIMOTHY,English,unknown,bazaarvoice
916649084,Restored Apple iPhone 8 - Carrier Unlocked - 64GB Space Gray (Refurbished),Cell Phones,Accipio technologies Inc,03743A66B9384C869C23D8DC4C6EAB59,79.99,IN_STOCK,3.9,1564,/ip/Restored-Apple-iPhone-8-a1863-64GB-Space-Gray-Factory-Unlocked-Refurbished/916649084?conditionGroupCode=2,Restored Apple iPhone 8 - Carrier Unlocked - 64GB Silver (Refurbished),iPhone,2.0,Good and bad,Phone has light scratches overall looks are good.  Phone works fine but after a week the battery looses power 100% within 24 hrs and no use to draw down.,5/13/2024,No recommendation,0.0,0.0,Christopher,English,unknown,bazaarvoice
916649084,Restored Apple iPhone 8 - Carrier Unlocked - 64GB Space Gray (Refurbished),Cell Phones,Accipio technologies Inc,03743A66B9384C869C23D8DC4C6EAB59,79.99,IN_STOCK,3.9,1564,/ip/Restored-Apple-iPhone-8-a1863-64GB-Space-Gray-Factory-Unlocked-Refurbished/916649084?conditionGroupCode=2,Restored Apple iPhone 8 - Carrier Unlocked - 64GB Silver (Refurbished),iPhone,4.0,I am happy with my purchase,The refurbished IPhone 8 I purchased was in great condition. No scratches or scuffs. The only complaint that I have is that the battery is only 76%. It arrived when it was supposed to.,7/13/2021,True,0.0,0.0,Rhonda,English,unknown,bazaarvoice
916649084,Restored Apple iPhone 8 - Carrier Unlocked - 64GB Space Gray (Refurbished),Cell Phones,Accipio technologies Inc,03743A66B9384C869C23D8DC4C6EAB59,79.99,IN_STOCK,3.9,1564,/ip/Restored-Apple-iPhone-8-a1863-64GB-Space-Gray-Factory-Unlocked-Refurbished/916649084?conditionGroupCode=2,Restored Apple iPhone 8 - Carrier Unlocked - 64GB Silver (Refurbished),iPhone,1.0,Bad refurbished phone.,The speaker on The phone was not working properly. No one could hear me due to static noises. Very disappointed. Returned it and ordered one else where.,09-08-2022,False,0.0,0.0,Cheryl,English,unknown,bazaarvoice
916649084,Restored Apple iPhone 8 - Carrier Unlocked - 64GB Space Gray (Refurbished),Cell Phones,Accipio technologies Inc,03743A66B9384C869C23D8DC4C6EAB59,79.99,IN_STOCK,3.9,1564,/ip/Restored-Apple-iPhone-8-a1863-64GB-Space-Gray-Factory-Unlocked-Refurbished/916649084?conditionGroupCode=2,Restored Apple iPhone 8 - Carrier Unlocked - 64GB Silver (Refurbished),iPhone,5.0,LOVE MY PHONE,"I was afraid to buy a used phone, but it is excellent and I love it.",3/20/2021,True,2.0,0.0,Jeanette,English,unknown,bazaarvoice
916649084,Restored Apple iPhone 8 - Carrier Unlocked - 64GB Space Gray (Refurbished),Cell Phones,Accipio technologies Inc,03743A66B9384C869C23D8DC4C6EAB59,79.99,IN_STOCK,3.9,1564,/ip/Restored-Apple-iPhone-8-a1863-64GB-Space-Gray-Factory-Unlocked-Refurbished/916649084?conditionGroupCode=2,Restored Apple iPhone 8 - Carrier Unlocked - 64GB Silver (Refurbished),iPhone,3.0,No title,"In description of this phone it stated it was thru Straight Talk, it actually was thru AT",05-05-2020,No recommendation,4.0,2.0,Kim,English,unknown,bazaarvoice
916649084,Restored Apple iPhone 8 - Carrier Unlocked - 64GB Space Gray (Refurbished),Cell Phones,Accipio technologies Inc,03743A66B9384C869C23D8DC4C6EAB59,79.99,IN_STOCK,3.9,1564,/ip/Restored-Apple-iPhone-8-a1863-64GB-Space-Gray-Factory-Unlocked-Refurbished/916649084?conditionGroupCode=2,Restored Apple iPhone 8 - Carrier Unlocked - 64GB Silver (Refurbished),iPhone,5.0,Good Sale,Came perfect and it looked new and it works with boost,10/22/2020,No recommendation,2.0,0.0,William,English,unknown,bazaarvoice
916649084,Restored Apple iPhone 8 - Carrier Unlocked - 64GB Space Gray (Refurbished),Cell Phones,Accipio technologies Inc,03743A66B9384C869C23D8DC4C6EAB59,79.99,IN_STOCK,3.9,1564,/ip/Restored-Apple-iPhone-8-a1863-64GB-Space-Gray-Factory-Unlocked-Refurbished/916649084?conditionGroupCode=2,Restored Apple iPhone 8 - Carrier Unlocked - 64GB Silver (Refurbished),iPhone,5.0,Very pleased,Bought the phone for my daughter,9/29/2020,True,2.0,0.0,Diesel,English,unknown,bazaarvoice
916649084,Restored Apple iPhone 8 - Carrier Unlocked - 64GB Space Gray (Refurbished),Cell Phones,Accipio technologies Inc,03743A66B9384C869C23D8DC4C6EAB59,79.99,IN_STOCK,3.9,1564,/ip/Restored-Apple-iPhone-8-a1863-64GB-Space-Gray-Factory-Unlocked-Refurbished/916649084?conditionGroupCode=2,Restored Apple iPhone 8 - Carrier Unlocked - 64GB Silver (Refurbished),iPhone,5.0,great device works as listed,"was skeptical at first cause carrier assurance wireless is picky with phones and then phone was accepted by them as factory unlocked worked as stated

works lioe new iphone , may have some dents or blemishes but works fine for 9year old phone .
thank you will buy again from this seller factory unlocked phones",02-10-2026,True,0.0,0.0,emily e,English,unknown,Wholescale
916649084,Restored Apple iPhone 8 - Carrier Unlocked - 64GB Space Gray (Refurbished),Cell Phones,Accipio technologies Inc,03743A66B9384C869C23D8DC4C6EAB59,79.99,IN_STOCK,3.9,1564,/ip/Restored-Apple-iPhone-8-a1863-64GB-Space-Gray-Factory-Unlocked-Refurbished/916649084?conditionGroupCode=2,Restored Apple iPhone 8 - Carrier Unlocked - 64GB Silver (Refurbished),iPhone,3.0,Phone had slight problems,The camera doesn't work it's shakey and I can't take pictures I may need to call about it also the cost to repair that would be almost what I paid and the one bottom speaker doesnt work at all and my speaker period sounds terrible it cuts in and out when I'm on the phone I only have it for almost a week now,2/26/2026,True,0.0,0.0,Natalie G,English,unknown,Wholescale
916649084,Restored Apple iPhone 8 - Carrier Unlocked - 64GB Space Gray (Refurbished),Cell Phones,Accipio technologies Inc,03743A66B9384C869C23D8DC4C6EAB59,79.99,IN_STOCK,3.9,1564,/ip/Restored-Apple-iPhone-8-a1863-64GB-Space-Gray-Factory-Unlocked-Refurbished/916649084?conditionGroupCode=2,Restored Apple iPhone 8 - Carrier Unlocked - 64GB Silver (Refurbished),iPhone,5.0,Great so far,"I have only had the iPhone XR for a week, but so far everything is working as it should.  I got the coral one and it is so pretty.  It does have a couple of small scuffs on the corners, but not really noticeable once you have it in a case, even a clear case, which is what I have.  100% recommend this company, shipping was fast, no problems",02-12-2026,True,0.0,0.0,Sharee B,English,unknown,Wholescale
916649084,Restored Apple iPhone 8 - Carrier Unlocked - 64GB Space Gray (Refurbished),Cell Phones,Accipio technologies Inc,03743A66B9384C869C23D8DC4C6EAB59,79.99,IN_STOCK,3.9,1564,/ip/Restored-Apple-iPhone-8-a1863-64GB-Space-Gray-Factory-Unlocked-Refurbished/916649084?conditionGroupCode=2,Restored Apple iPhone 8 - Carrier Unlocked - 64GB Silver (Refurbished),iPhone,1.0,An expensive defective item,"Ive only had this phone for 3 weeks, and it shut down and wont turn back on, looks like I was sold a defective item for $219.00.",1/15/2022,False,1.0,0.0,Stace,English,unknown,bazaarvoice
916649084,Restored Apple iPhone 8 - Carrier Unlocked - 64GB Space Gray (Refurbished),Cell Phones,Accipio technologies Inc,03743A66B9384C869C23D8DC4C6EAB59,79.99,IN_STOCK,3.9,1564,/ip/Restored-Apple-iPhone-8-a1863-64GB-Space-Gray-Factory-Unlocked-Refurbished/916649084?conditionGroupCode=2,Restored Apple iPhone 8 - Carrier Unlocked - 64GB Silver (Refurbished),iPhone,1.0,Very Dissatisfied,Use a phone for a refurbished phone quality is crap. the screen has a crack in it and there are scratches on it.,7/22/2021,No recommendation,1.0,0.0,mystique,English,unknown,bazaarvoice
916649084,Restored Apple iPhone 8 - Carrier Unlocked - 64GB Space Gray (Refurbished),Cell Phones,Accipio technologies Inc,03743A66B9384C869C23D8DC4C6EAB59,79.99,IN_STOCK,3.9,1564,/ip/Restored-Apple-iPhone-8-a1863-64GB-Space-Gray-Factory-Unlocked-Refurbished/916649084?conditionGroupCode=2,Restored Apple iPhone 8 - Carrier Unlocked - 64GB Silver (Refurbished),iPhone,5.0,Excellent iPhone 8 - 64 GB - unlocked,"The Phone is really good and brand new bit could not get accessories - Chager and Earpods but the phone is really nice.
Love to buy 1 more.",06-01-2019,No recommendation,2.0,1.0,Paladugula,English,unknown,bazaarvoice
1724203176,"Straight Talk SAMSUNG Galaxy S23 Ultra, 256GB, Black- Prepaid Smartphone [Locked to Straight Talk]",Cell Phones,Accipio technologies Inc,03743A66B9384C869C23D8DC4C6EAB59,549.99,IN_STOCK,4.4,152,/ip/Straight-Talk-SAMSUNG-Galaxy-S23-Ultra-256GB-Black-Prepaid-Smartphone-Locked-to-Straight-Talk/1724203176,"Straight Talk SAMSUNG Galaxy S23 Ultra, 256GB, Black- Prepaid Smartphone [Locked to Straight Talk]",Straight Talk Phones & Plans,4.0,No title,I attempted to purchase but it didn't go through so cannot give higher.,5/26/2023,No recommendation,0.0,0.0,WalmartCustomer,English,unknown,bazaarvoice
1724203176,"Straight Talk SAMSUNG Galaxy S23 Ultra, 256GB, Black- Prepaid Smartphone [Locked to Straight Talk]",Cell Phones,Accipio technologies Inc,03743A66B9384C869C23D8DC4C6EAB59,549.99,IN_STOCK,4.4,152,/ip/Straight-Talk-SAMSUNG-Galaxy-S23-Ultra-256GB-Black-Prepaid-Smartphone-Locked-to-Straight-Talk/1724203176,"Straight Talk SAMSUNG Galaxy S23 Ultra, 256GB, Black- Prepaid Smartphone [Locked to Straight Talk]",Straight Talk Phones & Plans,5.0,The S23 Ultra is great!,Great phone. What is there to say? It's the Samsung S23 Ultra. Best phone I've owned.,09-01-2023,No recommendation,0.0,0.0,MediaMaverick,English,unknown,bazaarvoice
1724203176,"Straight Talk SAMSUNG Galaxy S23 Ultra, 256GB, Black- Prepaid Smartphone [Locked to Straight Talk]",Cell Phones,Accipio technologies Inc,03743A66B9384C869C23D8DC4C6EAB59,549.99,IN_STOCK,4.4,152,/ip/Straight-Talk-SAMSUNG-Galaxy-S23-Ultra-256GB-Black-Prepaid-Smartphone-Locked-to-Straight-Talk/1724203176,"Straight Talk SAMSUNG Galaxy S23 Ultra, 256GB, Black- Prepaid Smartphone [Locked to Straight Talk]",Straight Talk Phones & Plans,5.0,great phone,"phone works as expected,no problems with anything.",1/31/2024,No recommendation,0.0,0.0,Jerin,English,unknown,bazaarvoice
1724203176,"Straight Talk SAMSUNG Galaxy S23 Ultra, 256GB, Black- Prepaid Smartphone [Locked to Straight Talk]",Cell Phones,Accipio technologies Inc,03743A66B9384C869C23D8DC4C6EAB59,549.99,IN_STOCK,4.4,152,/ip/Straight-Talk-SAMSUNG-Galaxy-S23-Ultra-256GB-Black-Prepaid-Smartphone-Locked-to-Straight-Talk/1724203176,"Straight Talk SAMSUNG Galaxy S23 Ultra, 256GB, Black- Prepaid Smartphone [Locked to Straight Talk]",Straight Talk Phones & Plans,4.0,Galaxy S23 ultra,Nice phone but mind locked me out of it trying to find help unlocking it to use it one thing,12-06-2023,No recommendation,0.0,0.0,Jyoung,English,unknown,bazaarvoice
1724203176,"Straight Talk SAMSUNG Galaxy S23 Ultra, 256GB, Black- Prepaid Smartphone [Locked to Straight Talk]",Cell Phones,Accipio technologies Inc,03743A66B9384C869C23D8DC4C6EAB59,549.99,IN_STOCK,4.4,152,/ip/Straight-Talk-SAMSUNG-Galaxy-S23-Ultra-256GB-Black-Prepaid-Smartphone-Locked-to-Straight-Talk/1724203176,"Straight Talk SAMSUNG Galaxy S23 Ultra, 256GB, Black- Prepaid Smartphone [Locked to Straight Talk]",Straight Talk Phones & Plans,5.0,great  phone,I love my new phone great pictures  and easy  to use,7/16/2023,No recommendation,0.0,0.0,loull,English,unknown,bazaarvoice
1724203176,"Straight Talk SAMSUNG Galaxy S23 Ultra, 256GB, Black- Prepaid Smartphone [Locked to Straight Talk]",Cell Phones,Accipio technologies Inc,03743A66B9384C869C23D8DC4C6EAB59,549.99,IN_STOCK,4.4,152,/ip/Straight-Talk-SAMSUNG-Galaxy-S23-Ultra-256GB-Black-Prepaid-Smartphone-Locked-to-Straight-Talk/1724203176,"Straight Talk SAMSUNG Galaxy S23 Ultra, 256GB, Black- Prepaid Smartphone [Locked to Straight Talk]",Straight Talk Phones & Plans,2.0,Bad,Too much echo when talking to someone they can't understand me from all the echoes,7/30/2023,No recommendation,0.0,0.0,thomas,English,unknown,bazaarvoice
1724203176,"Straight Talk SAMSUNG Galaxy S23 Ultra, 256GB, Black- Prepaid Smartphone [Locked to Straight Talk]",Cell Phones,Accipio technologies Inc,03743A66B9384C869C23D8DC4C6EAB59,549.99,IN_STOCK,4.4,152,/ip/Straight-Talk-SAMSUNG-Galaxy-S23-Ultra-256GB-Black-Prepaid-Smartphone-Locked-to-Straight-Talk/1724203176,"Straight Talk SAMSUNG Galaxy S23 Ultra, 256GB, Black- Prepaid Smartphone [Locked to Straight Talk]",Straight Talk Phones & Plans,5.0,Great phone!,Great upgrade from my s20 ultra!,03-07-2024,No recommendation,0.0,0.0,Unknown,English,unknown,bazaarvoice
1724203176,"Straight Talk SAMSUNG Galaxy S23 Ultra, 256GB, Black- Prepaid Smartphone [Locked to Straight Talk]",Cell Phones,Accipio technologies Inc,03743A66B9384C869C23D8DC4C6EAB59,549.99,IN_STOCK,4.4,152,/ip/Straight-Talk-SAMSUNG-Galaxy-S23-Ultra-256GB-Black-Prepaid-Smartphone-Locked-to-Straight-Talk/1724203176,"Straight Talk SAMSUNG Galaxy S23 Ultra, 256GB, Black- Prepaid Smartphone [Locked to Straight Talk]",Straight Talk Phones & Plans,5.0,Galaxy s23,I like the bigger screen. It's easier to see.......,09-01-2023,No recommendation,0.0,0.0,Daddd,English,unknown,bazaarvoice
1724203176,"Straight Talk SAMSUNG Galaxy S23 Ultra, 256GB, Black- Prepaid Smartphone [Locked to Straight Talk]",Cell Phones,Accipio technologies Inc,03743A66B9384C869C23D8DC4C6EAB59,549.99,IN_STOCK,4.4,152,/ip/Straight-Talk-SAMSUNG-Galaxy-S23-Ultra-256GB-Black-Prepaid-Smartphone-Locked-to-Straight-Talk/1724203176,"Straight Talk SAMSUNG Galaxy S23 Ultra, 256GB, Black- Prepaid Smartphone [Locked to Straight Talk]",Straight Talk Phones & Plans,5.0,"Love it, fast, beautiful pictures 5G","Love it, fast, beautiful pictures 5G awesomenessss",7/21/2023,No recommendation,0.0,0.0,Katria,English,unknown,bazaarvoice
1724203176,"Straight Talk SAMSUNG Galaxy S23 Ultra, 256GB, Black- Prepaid Smartphone [Locked to Straight Talk]",Cell Phones,Accipio technologies Inc,03743A66B9384C869C23D8DC4C6EAB59,549.99,IN_STOCK,4.4,152,/ip/Straight-Talk-SAMSUNG-Galaxy-S23-Ultra-256GB-Black-Prepaid-Smartphone-Locked-to-Straight-Talk/1724203176,"Straight Talk SAMSUNG Galaxy S23 Ultra, 256GB, Black- Prepaid Smartphone [Locked to Straight Talk]",Straight Talk Phones & Plans,5.0,No title,"Beautiful phone, delivery was excellent came earlier than expected.",2/17/2024,No recommendation,0.0,0.0,WalmartCustomer,English,unknown,bazaarvoice
1724203176,"Straight Talk SAMSUNG Galaxy S23 Ultra, 256GB, Black- Prepaid Smartphone [Locked to Straight Talk]",Cell Phones,Accipio technologies Inc,03743A66B9384C869C23D8DC4C6EAB59,549.99,IN_STOCK,4.4,152,/ip/Straight-Talk-SAMSUNG-Galaxy-S23-Ultra-256GB-Black-Prepaid-Smartphone-Locked-to-Straight-Talk/1724203176,"Straight Talk SAMSUNG Galaxy S23 Ultra, 256GB, Black- Prepaid Smartphone [Locked to Straight Talk]",Straight Talk Phones & Plans,3.0,NO Instructions,"Camera is outstanding !!! I can only give it a three at the moment. It didn't come with instructions, I'm still trying to figure it out",6/13/2023,No recommendation,0.0,0.0,Micstro,English,unknown,bazaarvoice
1724203176,"Straight Talk SAMSUNG Galaxy S23 Ultra, 256GB, Black- Prepaid Smartphone [Locked to Straight Talk]",Cell Phones,Accipio technologies Inc,03743A66B9384C869C23D8DC4C6EAB59,549.99,IN_STOCK,4.4,152,/ip/Straight-Talk-SAMSUNG-Galaxy-S23-Ultra-256GB-Black-Prepaid-Smartphone-Locked-to-Straight-Talk/1724203176,"Straight Talk SAMSUNG Galaxy S23 Ultra, 256GB, Black- Prepaid Smartphone [Locked to Straight Talk]",Straight Talk Phones & Plans,5.0,Purchase,I love my new phone. I also purchased the 35 bronze card and it hasn't been applied to my number yet.,7/28/2023,No recommendation,0.0,0.0,LoveSamsung,English,unknown,bazaarvoice
1724203176,"Straight Talk SAMSUNG Galaxy S23 Ultra, 256GB, Black- Prepaid Smartphone [Locked to Straight Talk]",Cell Phones,Accipio technologies Inc,03743A66B9384C869C23D8DC4C6EAB59,549.99,IN_STOCK,4.4,152,/ip/Straight-Talk-SAMSUNG-Galaxy-S23-Ultra-256GB-Black-Prepaid-Smartphone-Locked-to-Straight-Talk/1724203176,"Straight Talk SAMSUNG Galaxy S23 Ultra, 256GB, Black- Prepaid Smartphone [Locked to Straight Talk]",Straight Talk Phones & Plans,5.0,happy phone,i love the phone  bigger then what i am use to. my granddaughter had it up and running with in 1hour,06-09-2023,False,0.0,0.0,debbie,English,unknown,bazaarvoice
1724203176,"Straight Talk SAMSUNG Galaxy S23 Ultra, 256GB, Black- Prepaid Smartphone [Locked to Straight Talk]",Cell Phones,Accipio technologies Inc,03743A66B9384C869C23D8DC4C6EAB59,549.99,IN_STOCK,4.4,152,/ip/Straight-Talk-SAMSUNG-Galaxy-S23-Ultra-256GB-Black-Prepaid-Smartphone-Locked-to-Straight-Talk/1724203176,"Straight Talk SAMSUNG Galaxy S23 Ultra, 256GB, Black- Prepaid Smartphone [Locked to Straight Talk]",Straight Talk Phones & Plans,5.0,No title,"excellent camera, easy set up and use. The stylus can be used to write notes and texting. A nice upgrade from my galaxy s20 fe",4/30/2023,False,0.0,0.0,Brooke,English,unknown,bazaarvoice
1724203176,"Straight Talk SAMSUNG Galaxy S23 Ultra, 256GB, Black- Prepaid Smartphone [Locked to Straight Talk]",Cell Phones,Accipio technologies Inc,03743A66B9384C869C23D8DC4C6EAB59,549.99,IN_STOCK,4.4,152,/ip/Straight-Talk-SAMSUNG-Galaxy-S23-Ultra-256GB-Black-Prepaid-Smartphone-Locked-to-Straight-Talk/1724203176,"Straight Talk SAMSUNG Galaxy S23 Ultra, 256GB, Black- Prepaid Smartphone [Locked to Straight Talk]",Straight Talk Phones & Plans,4.0,So far so good.,"So far so good, love the quality of the camera. Wish there was a SD card slot. Will probably buy another one soon.",09-01-2023,No recommendation,0.0,0.0,PattyCakess,English,unknown,bazaarvoice
1724203176,"Straight Talk SAMSUNG Galaxy S23 Ultra, 256GB, Black- Prepaid Smartphone [Locked to Straight Talk]",Cell Phones,Accipio technologies Inc,03743A66B9384C869C23D8DC4C6EAB59,549.99,IN_STOCK,4.4,152,/ip/Straight-Talk-SAMSUNG-Galaxy-S23-Ultra-256GB-Black-Prepaid-Smartphone-Locked-to-Straight-Talk/1724203176,"Straight Talk SAMSUNG Galaxy S23 Ultra, 256GB, Black- Prepaid Smartphone [Locked to Straight Talk]",Straight Talk Phones & Plans,4.0,Samsung S23 Ultra,I am getting use to this phone I am sure it is a 5 star phone. I just changed from a samsung galaxy S7 so I am just learning the bells and whistles😊,8/18/2023,No recommendation,0.0,0.0,Oliver2019,English,unknown,bazaarvoice
1724203176,"Straight Talk SAMSUNG Galaxy S23 Ultra, 256GB, Black- Prepaid Smartphone [Locked to Straight Talk]",Cell Phones,Accipio technologies Inc,03743A66B9384C869C23D8DC4C6EAB59,549.99,IN_STOCK,4.4,152,/ip/Straight-Talk-SAMSUNG-Galaxy-S23-Ultra-256GB-Black-Prepaid-Smartphone-Locked-to-Straight-Talk/1724203176,"Straight Talk SAMSUNG Galaxy S23 Ultra, 256GB, Black- Prepaid Smartphone [Locked to Straight Talk]",Straight Talk Phones & Plans,5.0,Better than expected.,Lighting data and processing. LOVED THE PACKAGING!! They didn't these in my area. Decided to order off the app…Thank you Walmart!!,11-01-2023,No recommendation,0.0,0.0,VICTENSIAA,English,unknown,bazaarvoice
1724203176,"Straight Talk SAMSUNG Galaxy S23 Ultra, 256GB, Black- Prepaid Smartphone [Locked to Straight Talk]",Cell Phones,Accipio technologies Inc,03743A66B9384C869C23D8DC4C6EAB59,549.99,IN_STOCK,4.4,152,/ip/Straight-Talk-SAMSUNG-Galaxy-S23-Ultra-256GB-Black-Prepaid-Smartphone-Locked-to-Straight-Talk/1724203176,"Straight Talk SAMSUNG Galaxy S23 Ultra, 256GB, Black- Prepaid Smartphone [Locked to Straight Talk]",Straight Talk Phones & Plans,5.0,Great service from straight talk. They make it eas,Great service from straight talk. They make it easy to update your phone.,7/29/2023,No recommendation,0.0,0.0,Jekaka007,English,unknown,bazaarvoice
1724203176,"Straight Talk SAMSUNG Galaxy S23 Ultra, 256GB, Black- Prepaid Smartphone [Locked to Straight Talk]",Cell Phones,Accipio technologies Inc,03743A66B9384C869C23D8DC4C6EAB59,549.99,IN_STOCK,4.4,152,/ip/Straight-Talk-SAMSUNG-Galaxy-S23-Ultra-256GB-Black-Prepaid-Smartphone-Locked-to-Straight-Talk/1724203176,"Straight Talk SAMSUNG Galaxy S23 Ultra, 256GB, Black- Prepaid Smartphone [Locked to Straight Talk]",Straight Talk Phones & Plans,3.0,not easy to transfer,it was difficult to transfer from an old phone to this phone,01-11-2024,No recommendation,0.0,0.0,Apr-64,English,unknown,bazaarvoice
1724203176,"Straight Talk SAMSUNG Galaxy S23 Ultra, 256GB, Black- Prepaid Smartphone [Locked to Straight Talk]",Cell Phones,Accipio technologies Inc,03743A66B9384C869C23D8DC4C6EAB59,549.99,IN_STOCK,4.4,152,/ip/Straight-Talk-SAMSUNG-Galaxy-S23-Ultra-256GB-Black-Prepaid-Smartphone-Locked-to-Straight-Talk/1724203176,"Straight Talk SAMSUNG Galaxy S23 Ultra, 256GB, Black- Prepaid Smartphone [Locked to Straight Talk]",Straight Talk Phones & Plans,5.0,Happy Customer,I am completely happy with my new phone. It couldn't be better IMHO.,12/16/2023,No recommendation,0.0,0.0,Unknown,English,unknown,bazaarvoice
19340372593,"OUKITEL C62 Cell Phone Unlocked-16GB+128GB/TF 1TB Smartphone, 6.88"" Display &1.81"" Rear Screen, 5150mAh Battery Android 15 Phone, 13MP Camera, 4G Dual SIM Mobile Phone, 5G WiFi/BT5.0/NFC/GPS",Cell Phones,"Hong Kong Yunda Intelligent Technology Co., Limited",3FD4520D071348DFAB4156EC00E70F08,159.99,IN_STOCK,4.0,1,/ip/OUKITEL-C62-PRO-Cell-Phone-Unlocked-24GB-256GB-TF-1TB-Smartphone-6-88-Display-1-81-Rear-Screen-5150mAh-Battery-Android-15-Phone-13MP-Camera-4G-Dual-S/19340372593,"OUKITEL C62 Cell Phone Unlocked-16GB+128GB/TF 1TB Smartphone, 6.88"" Display &1.81"" Rear Screen, 5150mAh Battery Android 15 Phone, 13MP Camera, 4G Dual SIM Mobile Phone, 5G WiFi/BT5.0/NFC/GPS",5G Unlocked Phones,4.0,gut,Gut,10-07-2025,No recommendation,0.0,0.0,Raphael Hauser,English,unknown,aspectiva
14975806858,"Samsung Galaxy S25 Ultra 256GB Unlocked Android Cell Phone with 200MP Camera, Titanium Whitesilver",Cell Phones,Walmart.com,F55CDC31AB754BB68FE0B39041159D63,1009.99,IN_STOCK,4.8,24759,/ip/Samsung-Galaxy-S25-Ultra-256GB-Unlocked-Android-Cell-Phone-with-200MP-Camera-Titanium-Whitesilver/14975806858,"Samsung Galaxy S25 Ultra 256GB Unlocked Android Cell Phone with 200MP Camera, Titanium Blue",All Samsung Galaxy Unlocked Phones,5.0,It's what I been looking for,I like the display brightness and I get great pictures too . The battery last me throughout the day. Bigger display is good for my eyesight. I don't have to squint my eyes,5/16/2026,True,0.0,0.0,Prince,English,unknown,bazaarvoice
14975806858,"Samsung Galaxy S25 Ultra 256GB Unlocked Android Cell Phone with 200MP Camera, Titanium Whitesilver",Cell Phones,Walmart.com,F55CDC31AB754BB68FE0B39041159D63,1009.99,IN_STOCK,4.8,24759,/ip/Samsung-Galaxy-S25-Ultra-256GB-Unlocked-Android-Cell-Phone-with-200MP-Camera-Titanium-Whitesilver/14975806858,"Samsung Galaxy S25 Ultra 256GB Unlocked Android Cell Phone with 200MP Camera, Titanium Blue",All Samsung Galaxy Unlocked Phones,5.0,Love this phone🎉,"My S25 Ultra is amazing. It's fast, the colors are brilliant and sharp. Having a Titanium chassis makes me feel protected from accidental drops. So many features  to play with.  Battery life is great and thid phone charges fast and lasts all day.",5/19/2026,True,0.0,0.0,Unknown,English,unknown,bazaarvoice
14975806858,"Samsung Galaxy S25 Ultra 256GB Unlocked Android Cell Phone with 200MP Camera, Titanium Whitesilver",Cell Phones,Walmart.com,F55CDC31AB754BB68FE0B39041159D63,1009.99,IN_STOCK,4.8,24759,/ip/Samsung-Galaxy-S25-Ultra-256GB-Unlocked-Android-Cell-Phone-with-200MP-Camera-Titanium-Whitesilver/14975806858,"Samsung Galaxy S25 Ultra 256GB Unlocked Android Cell Phone with 200MP Camera, Titanium Blue",All Samsung Galaxy Unlocked Phones,5.0,Great flagship phone,"This phone is easy to use and responsive. The 5G service on VZW is not worth keeping the 5G on all the time, so I have it set to 4G only. This really improves battery life. Bluetooth pairing is bit quirky especially with older devices. Already received a few updates so the security seems to be current.",02-12-2026,True,0.0,0.0,JAYKATYTX,English,unknown,bazaarvoice
14975806858,"Samsung Galaxy S25 Ultra 256GB Unlocked Android Cell Phone with 200MP Camera, Titanium Whitesilver",Cell Phones,Walmart.com,F55CDC31AB754BB68FE0B39041159D63,1009.99,IN_STOCK,4.8,24759,/ip/Samsung-Galaxy-S25-Ultra-256GB-Unlocked-Android-Cell-Phone-with-200MP-Camera-Titanium-Whitesilver/14975806858,"Samsung Galaxy S25 Ultra 256GB Unlocked Android Cell Phone with 200MP Camera, Titanium Blue",All Samsung Galaxy Unlocked Phones,5.0,Great well built phone,"I went from an old S8 to the new S25 and obviously the build quality, performance, size, memory, features, and battery life on the S25 are far beyond those of the S8.  I'm glad I was able to get a great deal so that I could upgrade.  It was a good decision.",01-12-2026,True,0.0,0.0,rwatki50,English,unknown,bazaarvoice
14975806858,"Samsung Galaxy S25 Ultra 256GB Unlocked Android Cell Phone with 200MP Camera, Titanium Whitesilver",Cell Phones,Walmart.com,F55CDC31AB754BB68FE0B39041159D63,1009.99,IN_STOCK,4.8,24759,/ip/Samsung-Galaxy-S25-Ultra-256GB-Unlocked-Android-Cell-Phone-with-200MP-Camera-Titanium-Whitesilver/14975806858,"Samsung Galaxy S25 Ultra 256GB Unlocked Android Cell Phone with 200MP Camera, Titanium Blue",All Samsung Galaxy Unlocked Phones,5.0,Great upgrade,"This is a nice phone. It's a great deal for what I paid for it. The screen is larger than I'm used to, but I actually like it quite a bit. The pen is fun, and I actually have a utility for it as a clinician who needs to record information from rooms other than the one I provide care in.",2/24/2026,No recommendation,0.0,0.0,Andrew,English,unknown,bazaarvoice
14975806858,"Samsung Galaxy S25 Ultra 256GB Unlocked Android Cell Phone with 200MP Camera, Titanium Whitesilver",Cell Phones,Walmart.com,F55CDC31AB754BB68FE0B39041159D63,1009.99,IN_STOCK,4.8,24759,/ip/Samsung-Galaxy-S25-Ultra-256GB-Unlocked-Android-Cell-Phone-with-200MP-Camera-Titanium-Whitesilver/14975806858,"Samsung Galaxy S25 Ultra 256GB Unlocked Android Cell Phone with 200MP Camera, Titanium Blue",All Samsung Galaxy Unlocked Phones,5.0,A STRONG UPGRADE FROM FLIP 4... Impressive.,"This S25 Ultra is A STRONG UPGRADE FROM my FLIP 4. The FLIP 4 was a great phone and served me well. This S25 Ultra is on a different level. There speed is impressive, the photo quality and capability is very impressive, the S Pen is more useful than i thought it would be. I usually don't get too pumped up over phones but I can say that this is a very significant upgrade and I'm very happy with it. The journey is just beginning.",02-02-2026,True,0.0,0.0,MJF1800,English,unknown,bazaarvoice
14975806858,"Samsung Galaxy S25 Ultra 256GB Unlocked Android Cell Phone with 200MP Camera, Titanium Whitesilver",Cell Phones,Walmart.com,F55CDC31AB754BB68FE0B39041159D63,1009.99,IN_STOCK,4.8,24759,/ip/Samsung-Galaxy-S25-Ultra-256GB-Unlocked-Android-Cell-Phone-with-200MP-Camera-Titanium-Whitesilver/14975806858,"Samsung Galaxy S25 Ultra 256GB Unlocked Android Cell Phone with 200MP Camera, Titanium Blue",All Samsung Galaxy Unlocked Phones,5.0,Ultra satisfied,"Upgrades since my S22 Ultra are impressive- flat anti reflective screen, brighter, better AI, WiFi7, etc. I just wish when phones were mirrored that most of my accounts kept the log in info also (could do multi step verification if that is the concern). Great price and value.",1/18/2026,True,0.0,0.0,K Dub,English,unknown,bazaarvoice
14975806858,"Samsung Galaxy S25 Ultra 256GB Unlocked Android Cell Phone with 200MP Camera, Titanium Whitesilver",Cell Phones,Walmart.com,F55CDC31AB754BB68FE0B39041159D63,1009.99,IN_STOCK,4.8,24759,/ip/Samsung-Galaxy-S25-Ultra-256GB-Unlocked-Android-Cell-Phone-with-200MP-Camera-Titanium-Whitesilver/14975806858,"Samsung Galaxy S25 Ultra 256GB Unlocked Android Cell Phone with 200MP Camera, Titanium Blue",All Samsung Galaxy Unlocked Phones,5.0,The Samsung Galaxy is still the best,"I've been a Galaxy user ever since the S10 and Samsung keeps knocking it out of the park. The only thing I wish they would have kept was the expandable memory. Being able to suppliment my memory with an micro-SD card and not have to pay a subscription of some kind was amazing on the S-10. Other than that, I have no issues and I will continue to buy Samsung!",1/14/2026,True,0.0,0.0,Eddie C,English,unknown,bazaarvoice
14975806858,"Samsung Galaxy S25 Ultra 256GB Unlocked Android Cell Phone with 200MP Camera, Titanium Whitesilver",Cell Phones,Walmart.com,F55CDC31AB754BB68FE0B39041159D63,1009.99,IN_STOCK,4.8,24759,/ip/Samsung-Galaxy-S25-Ultra-256GB-Unlocked-Android-Cell-Phone-with-200MP-Camera-Titanium-Whitesilver/14975806858,"Samsung Galaxy S25 Ultra 256GB Unlocked Android Cell Phone with 200MP Camera, Titanium Blue",All Samsung Galaxy Unlocked Phones,4.0,New s25 ultra just set up,"The phone is smaller than my previous S22 Ultra, but otherwise is better.

Would have given 5 stars for sure if not for the set up issues. Annoying apps installed without my permission and a lot of additional setup steps with Google and Samsung implanted, alone to make them more money.",1/21/2026,True,0.0,0.0,Carlos Castenada,English,unknown,bazaarvoice
14975806858,"Samsung Galaxy S25 Ultra 256GB Unlocked Android Cell Phone with 200MP Camera, Titanium Whitesilver",Cell Phones,Walmart.com,F55CDC31AB754BB68FE0B39041159D63,1009.99,IN_STOCK,4.8,24759,/ip/Samsung-Galaxy-S25-Ultra-256GB-Unlocked-Android-Cell-Phone-with-200MP-Camera-Titanium-Whitesilver/14975806858,"Samsung Galaxy S25 Ultra 256GB Unlocked Android Cell Phone with 200MP Camera, Titanium Blue",All Samsung Galaxy Unlocked Phones,5.0,Upgrade from pixel,As a user of the Samsung galaxy phones most my life i made thr switch to pixel because I was offered a free phone but after using for almost a year I was regretting my decision. So when I got the opportunity to get back into the galaxy family I jumped on the s25 ultra and have never been happier,01-12-2026,True,0.0,0.0,Unknown,English,unknown,bazaarvoice
14975806858,"Samsung Galaxy S25 Ultra 256GB Unlocked Android Cell Phone with 200MP Camera, Titanium Whitesilver",Cell Phones,Walmart.com,F55CDC31AB754BB68FE0B39041159D63,1009.99,IN_STOCK,4.8,24759,/ip/Samsung-Galaxy-S25-Ultra-256GB-Unlocked-Android-Cell-Phone-with-200MP-Camera-Titanium-Whitesilver/14975806858,"Samsung Galaxy S25 Ultra 256GB Unlocked Android Cell Phone with 200MP Camera, Titanium Blue",All Samsung Galaxy Unlocked Phones,3.0,Not impressed,"I just don't see much difference in past phones.  I only bought this to get the extra storage.  Samsung really lowered themselves when they took away the ability to buy storage with SD cards. Plus I miss the days when you could plug in headphones instead of Bluetooth.  Pay attention,  because corporations are taking away choices for us.",12/25/2025,False,0.0,0.0,Melissa,English,unknown,bazaarvoice
14975806858,"Samsung Galaxy S25 Ultra 256GB Unlocked Android Cell Phone with 200MP Camera, Titanium Whitesilver",Cell Phones,Walmart.com,F55CDC31AB754BB68FE0B39041159D63,1009.99,IN_STOCK,4.8,24759,/ip/Samsung-Galaxy-S25-Ultra-256GB-Unlocked-Android-Cell-Phone-with-200MP-Camera-Titanium-Whitesilver/14975806858,"Samsung Galaxy S25 Ultra 256GB Unlocked Android Cell Phone with 200MP Camera, Titanium Blue",All Samsung Galaxy Unlocked Phones,3.0,S Pen Bluetooth missing....,"It's a great phone, yes... But the Bluetooth functionality on the S Pen is one of the many things I used to use on my S23U, and on the S25U it's something I miss and really need... Samsung is disappointing. Instead of improving, they're gradually removing features that are valuable to their users.

Instead of progressing, they're going backward, and I've used this brand my entire life, both at home and on my mobile devices and headphones.

But little by little, as a customer, I'm becoming disappointed by the brand's poor decision-making, driven by their obsession with ""lightening"" things. In that pursuit, they're removing features that are important to certain users (like me).",11/24/2025,False,0.0,0.0,Unknown,English,unknown,bazaarvoice
14975806858,"Samsung Galaxy S25 Ultra 256GB Unlocked Android Cell Phone with 200MP Camera, Titanium Whitesilver",Cell Phones,Walmart.com,F55CDC31AB754BB68FE0B39041159D63,1009.99,IN_STOCK,4.8,24759,/ip/Samsung-Galaxy-S25-Ultra-256GB-Unlocked-Android-Cell-Phone-with-200MP-Camera-Titanium-Whitesilver/14975806858,"Samsung Galaxy S25 Ultra 256GB Unlocked Android Cell Phone with 200MP Camera, Titanium Blue",All Samsung Galaxy Unlocked Phones,4.0,S25 Ultra,Great phone. Great camera (even at night with little to no light). They only negative is the downloading of files in email. Too many steps to get the file downloaded and then move it into another folder so that you can attach the file to other emails from that email directly. All of my other Samsung phones were a one click download directly to my documents folder and then a one click upload within another email.,9/28/2025,True,0.0,0.0,Sharon,English,unknown,bazaarvoice
14975806858,"Samsung Galaxy S25 Ultra 256GB Unlocked Android Cell Phone with 200MP Camera, Titanium Whitesilver",Cell Phones,Walmart.com,F55CDC31AB754BB68FE0B39041159D63,1009.99,IN_STOCK,4.8,24759,/ip/Samsung-Galaxy-S25-Ultra-256GB-Unlocked-Android-Cell-Phone-with-200MP-Camera-Titanium-Whitesilver/14975806858,"Samsung Galaxy S25 Ultra 256GB Unlocked Android Cell Phone with 200MP Camera, Titanium Blue",All Samsung Galaxy Unlocked Phones,5.0,First Impressions of the S25 Ultra,"The new AI features are incredible, making everyday tasks smoother and more intuitive. From photography to multitasking, the phone feels responsive and intelligent. Overall, the S25 Ultra combines cutting-edge technology with a bold, elegant design—it’s a powerhouse in every sense.",12/28/2025,No recommendation,0.0,0.0,Lis_2213,English,unknown,bazaarvoice
14975806858,"Samsung Galaxy S25 Ultra 256GB Unlocked Android Cell Phone with 200MP Camera, Titanium Whitesilver",Cell Phones,Walmart.com,F55CDC31AB754BB68FE0B39041159D63,1009.99,IN_STOCK,4.8,24759,/ip/Samsung-Galaxy-S25-Ultra-256GB-Unlocked-Android-Cell-Phone-with-200MP-Camera-Titanium-Whitesilver/14975806858,"Samsung Galaxy S25 Ultra 256GB Unlocked Android Cell Phone with 200MP Camera, Titanium Blue",All Samsung Galaxy Unlocked Phones,5.0,Love the S25 Ultra!,"I've been addicted to the Samsung flagship phones since the Note8, which I upgraded to the Note9, Note10+, Note20, S22 Ultra, & S23 Ultra before purchasing my new S25 Ultra. I found that once I became proficient with the S Pen, it was a feature I just couldn't live without. The larger screens on these devices are amazing, especially when utilizing the split screen feature. I highly recommend this product to anyone who enjoys Samsung devices and is looking for an impressive upgrade at a reasonable price point.",10/26/2025,True,0.0,0.0,JCJr222,English,unknown,bazaarvoice
14975806858,"Samsung Galaxy S25 Ultra 256GB Unlocked Android Cell Phone with 200MP Camera, Titanium Whitesilver",Cell Phones,Walmart.com,F55CDC31AB754BB68FE0B39041159D63,1009.99,IN_STOCK,4.8,24759,/ip/Samsung-Galaxy-S25-Ultra-256GB-Unlocked-Android-Cell-Phone-with-200MP-Camera-Titanium-Whitesilver/14975806858,"Samsung Galaxy S25 Ultra 256GB Unlocked Android Cell Phone with 200MP Camera, Titanium Blue",All Samsung Galaxy Unlocked Phones,5.0,Only the S25 Ultra!,"⭐️⭐️⭐️⭐️⭐️ Absolutely Blown Away by the Galaxy S25 Ultra!

The Samsung S25 Ultra is hands down the best phone I’ve ever owned. From the moment I powered it on, I could tell this device was on another level. The display is unbelievably crisp and vibrant—everything looks like it’s popping right off the screen. The camera system is insane… it captures detail, color, and clarity that I didn’t even know a phone could handle. Daytime shots, nighttime shots, zoom—it masters it all.

Performance is buttery smooth. No lag, no stutter, just pure speed no matter what I throw at it. The battery life is outstanding, easily lasting me through a full day with heavy use. And the build quality? Premium all the way. It feels like a luxury device because it is one.

Samsung absolutely knocked it out of the park with the S25 Ultra. If you’re even thinking about upgrading, stop thinking and do it—you will not regret it. This phone is a powerhouse, a camera beast, and a daily joy to use. 10/10!",12-09-2025,No recommendation,0.0,0.0,Dan D,English,unknown,bazaarvoice
14975806858,"Samsung Galaxy S25 Ultra 256GB Unlocked Android Cell Phone with 200MP Camera, Titanium Whitesilver",Cell Phones,Walmart.com,F55CDC31AB754BB68FE0B39041159D63,1009.99,IN_STOCK,4.8,24759,/ip/Samsung-Galaxy-S25-Ultra-256GB-Unlocked-Android-Cell-Phone-with-200MP-Camera-Titanium-Whitesilver/14975806858,"Samsung Galaxy S25 Ultra 256GB Unlocked Android Cell Phone with 200MP Camera, Titanium Blue",All Samsung Galaxy Unlocked Phones,5.0,Upgrades people upgrades,"Upgrades, people. Upgrades. That's how we make the dough. Now, if we're telling robots that no matter what they're made of, they're ""fine""... ...how can we expect them to feel crummy enough about themselves... ...to buy our upgrades and make themselves look better?",12/20/2025,True,0.0,0.0,Corbin,English,unknown,bazaarvoice
14975806858,"Samsung Galaxy S25 Ultra 256GB Unlocked Android Cell Phone with 200MP Camera, Titanium Whitesilver",Cell Phones,Walmart.com,F55CDC31AB754BB68FE0B39041159D63,1009.99,IN_STOCK,4.8,24759,/ip/Samsung-Galaxy-S25-Ultra-256GB-Unlocked-Android-Cell-Phone-with-200MP-Camera-Titanium-Whitesilver/14975806858,"Samsung Galaxy S25 Ultra 256GB Unlocked Android Cell Phone with 200MP Camera, Titanium Blue",All Samsung Galaxy Unlocked Phones,5.0,Galaxy S25 Ultra the Great!!!,"The Galaxy S25 Ultra 512 GB (Unlocked) is one of the strongest Android phones you can buy in 2025 — a “do-everything” flagship: great screen, top-tier camera, strong performance, ample storage. If you want a powerful, future-proof device that can handle business, creative, and personal use without compromise — it’s a very safe pick.

However, it’s big, expensive, and for some people, more phone than needed. If your use case is light (calls, email, messaging, light social media), this might be “overkill.”

Given what I know of your background and use — managing a business, juggling projects, likely storing lots of data, maybe even content creation (given your marketing ambitions) — I think this phone could be a very strong tool for you. Especially if you want “flagship-level reliability” and want to avoid having to upgrade again in 1–2 years.",11/28/2025,No recommendation,0.0,0.0,Michelle,English,unknown,bazaarvoice
14975806858,"Samsung Galaxy S25 Ultra 256GB Unlocked Android Cell Phone with 200MP Camera, Titanium Whitesilver",Cell Phones,Walmart.com,F55CDC31AB754BB68FE0B39041159D63,1009.99,IN_STOCK,4.8,24759,/ip/Samsung-Galaxy-S25-Ultra-256GB-Unlocked-Android-Cell-Phone-with-200MP-Camera-Titanium-Whitesilver/14975806858,"Samsung Galaxy S25 Ultra 256GB Unlocked Android Cell Phone with 200MP Camera, Titanium Blue",All Samsung Galaxy Unlocked Phones,2.0,System issues,"I love the Galaxy series and I've had 6 Galaxy phones before this one. Only my last 2 have had this issue (23 and 25) where I doesn't automatically capitalize. It's weird because the 23 didn't have that issue the whole time. I also wish you could still change the notification sound for apps, not just specific contacts",12/17/2025,True,0.0,0.0,Lexi,English,unknown,bazaarvoice
14975806858,"Samsung Galaxy S25 Ultra 256GB Unlocked Android Cell Phone with 200MP Camera, Titanium Whitesilver",Cell Phones,Walmart.com,F55CDC31AB754BB68FE0B39041159D63,1009.99,IN_STOCK,4.8,24759,/ip/Samsung-Galaxy-S25-Ultra-256GB-Unlocked-Android-Cell-Phone-with-200MP-Camera-Titanium-Whitesilver/14975806858,"Samsung Galaxy S25 Ultra 256GB Unlocked Android Cell Phone with 200MP Camera, Titanium Blue",All Samsung Galaxy Unlocked Phones,4.0,Fine.,"Top of the line but maybe not worth the extra price. It kinda wanted you to become part of the Samsung platform and if you’d like to stay with google it’s an extra step with everything. 

Also they didn’t give me the first time purchase bonus so be aware it might not work.",12/31/2025,True,0.0,0.0,Zack,English,unknown,bazaarvoice
17429700518,"Straight Talk Motorola moto g 2026, 5G, 128GB, Blue - Prepaid Smartphone [Locked to Straight Talk]",Cell Phones,Walmart.com,F55CDC31AB754BB68FE0B39041159D63,79.88,IN_STOCK,4.3,21,/ip/Straight-Talk-MOTOROLA-Nevada-5G-64GB-Prepaid-Smartphone-Teal/17429700518,"Straight Talk Motorola moto g 2026, 5G, 128GB, Blue - Prepaid Smartphone [Locked to Straight Talk]",5G Prepaid Phones,5.0,Good product,Excellent product so far and I love how fit in my hand,01-06-2026,True,0.0,0.0,Mary2702,English,unknown,bazaarvoice
17429700518,"Straight Talk Motorola moto g 2026, 5G, 128GB, Blue - Prepaid Smartphone [Locked to Straight Talk]",Cell Phones,Walmart.com,F55CDC31AB754BB68FE0B39041159D63,79.88,IN_STOCK,4.3,21,/ip/Straight-Talk-MOTOROLA-Nevada-5G-64GB-Prepaid-Smartphone-Teal/17429700518,"Straight Talk Motorola moto g 2026, 5G, 128GB, Blue - Prepaid Smartphone [Locked to Straight Talk]",5G Prepaid Phones,5.0,Moto g play 2026,"I love the phone very fast picture beautiful easy to use,nice feel& color.",12/27/2025,No recommendation,0.0,0.0,Joy leolady,English,unknown,bazaarvoice
17429700518,"Straight Talk Motorola moto g 2026, 5G, 128GB, Blue - Prepaid Smartphone [Locked to Straight Talk]",Cell Phones,Walmart.com,F55CDC31AB754BB68FE0B39041159D63,79.88,IN_STOCK,4.3,21,/ip/Straight-Talk-MOTOROLA-Nevada-5G-64GB-Prepaid-Smartphone-Teal/17429700518,"Straight Talk Motorola moto g 2026, 5G, 128GB, Blue - Prepaid Smartphone [Locked to Straight Talk]",5G Prepaid Phones,4.0,"Good value, great quality.",Great little device. You cannot get too close to the memory GB or it runs slower and choppier but otherwise fantastic.,12/28/2025,True,0.0,0.0,Unknown,English,unknown,bazaarvoice
17429700518,"Straight Talk Motorola moto g 2026, 5G, 128GB, Blue - Prepaid Smartphone [Locked to Straight Talk]",Cell Phones,Walmart.com,F55CDC31AB754BB68FE0B39041159D63,79.88,IN_STOCK,4.3,21,/ip/Straight-Talk-MOTOROLA-Nevada-5G-64GB-Prepaid-Smartphone-Teal/17429700518,"Straight Talk Motorola moto g 2026, 5G, 128GB, Blue - Prepaid Smartphone [Locked to Straight Talk]",5G Prepaid Phones,1.0,Cheap phone = cheap phone,You get what you pay for when it comes to phones to a certain extent.,3/21/2026,False,0.0,0.0,Kking1986,English,unknown,bazaarvoice
17429700518,"Straight Talk Motorola moto g 2026, 5G, 128GB, Blue - Prepaid Smartphone [Locked to Straight Talk]",Cell Phones,Walmart.com,F55CDC31AB754BB68FE0B39041159D63,79.88,IN_STOCK,4.3,21,/ip/Straight-Talk-MOTOROLA-Nevada-5G-64GB-Prepaid-Smartphone-Teal/17429700518,"Straight Talk Motorola moto g 2026, 5G, 128GB, Blue - Prepaid Smartphone [Locked to Straight Talk]",5G Prepaid Phones,1.0,Poor reception and connection,Not impressed with this product. Probably will not keep it.,02-05-2026,No recommendation,0.0,0.0,Extra phone need failed,English,unknown,bazaarvoice
5306514453,"Tracfone BLU View 5, 64GB, Black - Prepaid Smartphone [Locked to Tracfone]",Cell Phones,Walmart.com,F55CDC31AB754BB68FE0B39041159D63,29.99,IN_STOCK,3.5,2126,/ip/Tracfone-BLluView-5-64GB-Black-Prepaid-Smartphone-Locked-to-Tracfone/5306514453,"Tracfone BLluView 5, 64GB, Black - Prepaid Smartphone [Locked to Tracfone]",Prepaid Android phones,5.0,No title,all I did was remove my old phone SIM inserted it into this phone in a way I went. excellent value. decent phone for the money. 64 gigs is a good amount of storage and 3 GB RAM memory isn't too sorry either. for $28 plus tax try finding something like this I wish it came with a case though.,06-10-2025,True,0.0,0.0,honestreviewer,English,Walmart,bazaarvoice
5306514453,"Tracfone BLU View 5, 64GB, Black - Prepaid Smartphone [Locked to Tracfone]",Cell Phones,Walmart.com,F55CDC31AB754BB68FE0B39041159D63,29.99,IN_STOCK,3.5,2126,/ip/Tracfone-BLluView-5-64GB-Black-Prepaid-Smartphone-Locked-to-Tracfone/5306514453,"Tracfone BLluView 5, 64GB, Black - Prepaid Smartphone [Locked to Tracfone]",Prepaid Android phones,3.0,it works but its weird and so different,"i dont like the screen, i already dropped it a couple times and even tho it landed on the edge, the screen is cracked because it wraps around the edges of the phone. the apps and how to use the phone are so different from my previous samsung galaxy. when this blu-vu breaks, i will definitely go back to samsung",08-04-2025,False,0.0,0.0,mary2025,English,unknown,bazaarvoice
5306514453,"Tracfone BLU View 5, 64GB, Black - Prepaid Smartphone [Locked to Tracfone]",Cell Phones,Walmart.com,F55CDC31AB754BB68FE0B39041159D63,29.99,IN_STOCK,3.5,2126,/ip/Tracfone-BLluView-5-64GB-Black-Prepaid-Smartphone-Locked-to-Tracfone/5306514453,"Tracfone BLluView 5, 64GB, Black - Prepaid Smartphone [Locked to Tracfone]",Prepaid Android phones,3.0,Decent phone,"The phone is alright but not great. It takes a while to open an app like messages, or gmail or YouTube, it takes a while to load up. It's not optimum level as far as speed and uploading. SafeLink assured me it's a brand new phone but I doubt it. It's probably a refurbished phone asnd that's why it acts up sometimes. But I'm grateful I have a phone.",7/21/2025,False,0.0,0.0,Amaryllis,English,unknown,bazaarvoice
5306514453,"Tracfone BLU View 5, 64GB, Black - Prepaid Smartphone [Locked to Tracfone]",Cell Phones,Walmart.com,F55CDC31AB754BB68FE0B39041159D63,29.99,IN_STOCK,3.5,2126,/ip/Tracfone-BLluView-5-64GB-Black-Prepaid-Smartphone-Locked-to-Tracfone/5306514453,"Tracfone BLluView 5, 64GB, Black - Prepaid Smartphone [Locked to Tracfone]",Prepaid Android phones,5.0,Really nice Cell Phone.,Camera making phone call texting . I Love my New Cell phone.,4/16/2026,True,0.0,0.0,Gail Knopf,English,unknown,bazaarvoice
5306514453,"Tracfone BLU View 5, 64GB, Black - Prepaid Smartphone [Locked to Tracfone]",Cell Phones,Walmart.com,F55CDC31AB754BB68FE0B39041159D63,29.99,IN_STOCK,3.5,2126,/ip/Tracfone-BLluView-5-64GB-Black-Prepaid-Smartphone-Locked-to-Tracfone/5306514453,"Tracfone BLluView 5, 64GB, Black - Prepaid Smartphone [Locked to Tracfone]",Prepaid Android phones,5.0,Good .,I love Blu  View 5  Phone .,3/26/2026,No recommendation,0.0,0.0,Brian,English,Walmart,bazaarvoice
5306514453,"Tracfone BLU View 5, 64GB, Black - Prepaid Smartphone [Locked to Tracfone]",Cell Phones,Walmart.com,F55CDC31AB754BB68FE0B39041159D63,29.99,IN_STOCK,3.5,2126,/ip/Tracfone-BLluView-5-64GB-Black-Prepaid-Smartphone-Locked-to-Tracfone/5306514453,"Tracfone BLluView 5, 64GB, Black - Prepaid Smartphone [Locked to Tracfone]",Prepaid Android phones,5.0,My dad likes it.,Nice phone it has all the features my dad likes it,04-01-2026,True,0.0,0.0,Ajulien,English,unknown,bazaarvoice
5306514453,"Tracfone BLU View 5, 64GB, Black - Prepaid Smartphone [Locked to Tracfone]",Cell Phones,Walmart.com,F55CDC31AB754BB68FE0B39041159D63,29.99,IN_STOCK,3.5,2126,/ip/Tracfone-BLluView-5-64GB-Black-Prepaid-Smartphone-Locked-to-Tracfone/5306514453,"Tracfone BLluView 5, 64GB, Black - Prepaid Smartphone [Locked to Tracfone]",Prepaid Android phones,4.0,"Nice phone, but no activation","I really like the phone, but the problem was the activation when I called the number to activate it. They said that the barcode wasn't scanned at the store so they couldn't activate it. I had to i really like the phone, but the problem was the activation when I called the number to activate it. They said that the barcode wasn't scanned at the store so they couldn't activate it. I had to send the phone back and get a refund now. I have to try to get another one nice one i had to send the phone back and get a refund now. I have to try to get another one.",11-12-2024,No recommendation,2.0,0.0,Modern,English,Walmart,bazaarvoice
5306514453,"Tracfone BLU View 5, 64GB, Black - Prepaid Smartphone [Locked to Tracfone]",Cell Phones,Walmart.com,F55CDC31AB754BB68FE0B39041159D63,29.99,IN_STOCK,3.5,2126,/ip/Tracfone-BLluView-5-64GB-Black-Prepaid-Smartphone-Locked-to-Tracfone/5306514453,"Tracfone BLluView 5, 64GB, Black - Prepaid Smartphone [Locked to Tracfone]",Prepaid Android phones,1.0,WAL MART MISSED UP  CEK PHONE,PURCHASE CEL PHONE--- WANTED TP PICK UP IN MY STORE--3 IN STOCK.. WENT TO PICK MY CEL PHONE UP  . WAL MART  SAID THERE DO NOT HAVE ANY IN STOCK ?  SO THEY WILL SEND IT TO MY ADDRESS .. RECIEVED CEL PHONE LATER..  TRY TO ACTIVATE MY CEL PHONE--TRACK PHONE TOLD ME THEY COULD NOT---WAL MART DID NOT PROCESS MY CEL PHONE IN CHECK OUT--?  THEY THINK I DIDNT PAY FOR IT ? TRACPHONE STIL SAYS WAL MART DID NOT ACTIVATE THE CEL PHONE..THEY SAID WAL MART HAS TO DO IT ?--I DONT HAVE THE CASE NO MORE ITS WAS IN THE CHRISTMAS TRASH ALREADY..,12/27/2024,No recommendation,2.0,0.0,henry,English,Walmart,bazaarvoice
5306514453,"Tracfone BLU View 5, 64GB, Black - Prepaid Smartphone [Locked to Tracfone]",Cell Phones,Walmart.com,F55CDC31AB754BB68FE0B39041159D63,29.99,IN_STOCK,3.5,2126,/ip/Tracfone-BLluView-5-64GB-Black-Prepaid-Smartphone-Locked-to-Tracfone/5306514453,"Tracfone BLluView 5, 64GB, Black - Prepaid Smartphone [Locked to Tracfone]",Prepaid Android phones,3.0,Slightly disappointed,I love almost everything about the phone except for it has some functionality issues. The phone freezes  and acts confused at times. Sometimes the screen goes white but at other times the screen is black and freezes. Overall it's not too bad of a phone for size and price.,04-01-2025,True,2.0,0.0,Sharon,English,Walmart,bazaarvoice
5306514453,"Tracfone BLU View 5, 64GB, Black - Prepaid Smartphone [Locked to Tracfone]",Cell Phones,Walmart.com,F55CDC31AB754BB68FE0B39041159D63,29.99,IN_STOCK,3.5,2126,/ip/Tracfone-BLluView-5-64GB-Black-Prepaid-Smartphone-Locked-to-Tracfone/5306514453,"Tracfone BLluView 5, 64GB, Black - Prepaid Smartphone [Locked to Tracfone]",Prepaid Android phones,3.0,Not plan available.,"I don't like how you power off the phone. Also I tried to set phone up to my Safe Link phone service and they told me that they couldn't connect it to my plan, because it wasn't scanned correctly when I bought it from Walmart. So now I can't use this new phone.",11/30/2024,No recommendation,2.0,0.0,Judith,English,Walmart,bazaarvoice
5306514453,"Tracfone BLU View 5, 64GB, Black - Prepaid Smartphone [Locked to Tracfone]",Cell Phones,Walmart.com,F55CDC31AB754BB68FE0B39041159D63,29.99,IN_STOCK,3.5,2126,/ip/Tracfone-BLluView-5-64GB-Black-Prepaid-Smartphone-Locked-to-Tracfone/5306514453,"Tracfone BLluView 5, 64GB, Black - Prepaid Smartphone [Locked to Tracfone]",Prepaid Android phones,4.0,Help I have fallen and now my new phone is cracked,The phone is nice but shortly after I got my phone I fell and cracked the screen I feel so bad because my other phone was taken and when I got it back it was ceackedhopefully soon I can afford to get a different one.,10-02-2025,No recommendation,0.0,0.0,Jennie2,English,unknown,bazaarvoice
5306514453,"Tracfone BLU View 5, 64GB, Black - Prepaid Smartphone [Locked to Tracfone]",Cell Phones,Walmart.com,F55CDC31AB754BB68FE0B39041159D63,29.99,IN_STOCK,3.5,2126,/ip/Tracfone-BLluView-5-64GB-Black-Prepaid-Smartphone-Locked-to-Tracfone/5306514453,"Tracfone BLluView 5, 64GB, Black - Prepaid Smartphone [Locked to Tracfone]",Prepaid Android phones,2.0,BLU VIEW 5 REVIEW,"This Phone is Not as Good as My Old Phone, It's Slow and Sluggish on Start up, IT Also Over Heat's a lot! I Would Not Recommend This Phone to Anyone, Heck, IF This Keeps up, I 'll Have to get Another Phone But it Won't be This Brand!..",9/19/2025,False,0.0,0.0,Unknown,English,unknown,bazaarvoice
5306514453,"Tracfone BLU View 5, 64GB, Black - Prepaid Smartphone [Locked to Tracfone]",Cell Phones,Walmart.com,F55CDC31AB754BB68FE0B39041159D63,29.99,IN_STOCK,3.5,2126,/ip/Tracfone-BLluView-5-64GB-Black-Prepaid-Smartphone-Locked-to-Tracfone/5306514453,"Tracfone BLluView 5, 64GB, Black - Prepaid Smartphone [Locked to Tracfone]",Prepaid Android phones,1.0,Purchase in store only,"The phone is good, but don't order online. Because you'll have problems getting it activated. These phone have to be scanned in the store and they don't scan them when you order online. Just an fyi.",8/27/2024,No recommendation,3.0,0.0,natasha,English,Walmart,bazaarvoice
5306514453,"Tracfone BLU View 5, 64GB, Black - Prepaid Smartphone [Locked to Tracfone]",Cell Phones,Walmart.com,F55CDC31AB754BB68FE0B39041159D63,29.99,IN_STOCK,3.5,2126,/ip/Tracfone-BLluView-5-64GB-Black-Prepaid-Smartphone-Locked-to-Tracfone/5306514453,"Tracfone BLluView 5, 64GB, Black - Prepaid Smartphone [Locked to Tracfone]",Prepaid Android phones,4.0,New Phone,"It's pretty good but it a little slow on the initial startup & doesn't stay on very long.  If I were to get an emergency, it would take so long to get to it 'cause of having to get it going again.  Other than that, it's good",10-05-2025,True,0.0,0.0,MartyL,English,unknown,bazaarvoice
5306514453,"Tracfone BLU View 5, 64GB, Black - Prepaid Smartphone [Locked to Tracfone]",Cell Phones,Walmart.com,F55CDC31AB754BB68FE0B39041159D63,29.99,IN_STOCK,3.5,2126,/ip/Tracfone-BLluView-5-64GB-Black-Prepaid-Smartphone-Locked-to-Tracfone/5306514453,"Tracfone BLluView 5, 64GB, Black - Prepaid Smartphone [Locked to Tracfone]",Prepaid Android phones,1.0,Avoid this one,"Unable to activate the phone. I ordered two of these and both came from seperate locations. Neither phone is allowing me to activate it with Tracfone, and both Tracfone and Walmarts customer support have been useless.",6/24/2024,No recommendation,7.0,2.0,garrett,English,unknown,bazaarvoice
5306514453,"Tracfone BLU View 5, 64GB, Black - Prepaid Smartphone [Locked to Tracfone]",Cell Phones,Walmart.com,F55CDC31AB754BB68FE0B39041159D63,29.99,IN_STOCK,3.5,2126,/ip/Tracfone-BLluView-5-64GB-Black-Prepaid-Smartphone-Locked-to-Tracfone/5306514453,"Tracfone BLluView 5, 64GB, Black - Prepaid Smartphone [Locked to Tracfone]",Prepaid Android phones,3.0,Nothing to get excited about,"I got this model because it was the least expensive option. It has the same features as my old phone,(that stopped charging TCL ION V) It has a tendency to be a little slow, but for the price it was worth it.",9/24/2025,True,0.0,0.0,snosrapr,English,unknown,bazaarvoice
5306514453,"Tracfone BLU View 5, 64GB, Black - Prepaid Smartphone [Locked to Tracfone]",Cell Phones,Walmart.com,F55CDC31AB754BB68FE0B39041159D63,29.99,IN_STOCK,3.5,2126,/ip/Tracfone-BLluView-5-64GB-Black-Prepaid-Smartphone-Locked-to-Tracfone/5306514453,"Tracfone BLluView 5, 64GB, Black - Prepaid Smartphone [Locked to Tracfone]",Prepaid Android phones,5.0,Just what I needed,My phone for this one was stalling out and I do a lot of social media on my phones. It was easy to transfer to and it still got the same quality for a lot less money that I paid for my previous phone.,7/30/2024,No recommendation,4.0,0.0,Unknown,English,unknown,bazaarvoice
5306514453,"Tracfone BLU View 5, 64GB, Black - Prepaid Smartphone [Locked to Tracfone]",Cell Phones,Walmart.com,F55CDC31AB754BB68FE0B39041159D63,29.99,IN_STOCK,3.5,2126,/ip/Tracfone-BLluView-5-64GB-Black-Prepaid-Smartphone-Locked-to-Tracfone/5306514453,"Tracfone BLluView 5, 64GB, Black - Prepaid Smartphone [Locked to Tracfone]",Prepaid Android phones,2.0,Battery life,It comes preloaded with games and apps I don't want or need and I can't delete them. And it automatically makes you select google for everything including text messages.,8/17/2025,True,1.0,0.0,Theresa,English,Walmart,bazaarvoice
5306514453,"Tracfone BLU View 5, 64GB, Black - Prepaid Smartphone [Locked to Tracfone]",Cell Phones,Walmart.com,F55CDC31AB754BB68FE0B39041159D63,29.99,IN_STOCK,3.5,2126,/ip/Tracfone-BLluView-5-64GB-Black-Prepaid-Smartphone-Locked-to-Tracfone/5306514453,"Tracfone BLluView 5, 64GB, Black - Prepaid Smartphone [Locked to Tracfone]",Prepaid Android phones,1.0,Stuck with,I bought the phone for my Mom & she couldn't use it with assurance. And I couldn't get a way to ship it back.So it's just laying here. New not being used,10/20/2025,False,0.0,0.0,Mikal,English,unknown,bazaarvoice
5306514453,"Tracfone BLU View 5, 64GB, Black - Prepaid Smartphone [Locked to Tracfone]",Cell Phones,Walmart.com,F55CDC31AB754BB68FE0B39041159D63,29.99,IN_STOCK,3.5,2126,/ip/Tracfone-BLluView-5-64GB-Black-Prepaid-Smartphone-Locked-to-Tracfone/5306514453,"Tracfone BLluView 5, 64GB, Black - Prepaid Smartphone [Locked to Tracfone]",Prepaid Android phones,1.0,Do not purchase,Can't get to too the phone keyboard easy can't answer many of the calls..takes too many swipes to get anything done quickley..would never purchase this brand again!,10/16/2025,No recommendation,0.0,0.0,Ginnie l,English,unknown,bazaarvoice
14522924811,"Straight Talk Motorola Moto G Power 2025, 5G, 128GB, Gray - Prepaid Smartphone [Locked to Straight Talk]",Cell Phones,Walmart.com,F55CDC31AB754BB68FE0B39041159D63,99.88,IN_STOCK,4.1,1222,/ip/Straight-Talk-Motorola-Moto-g-Power-2025-5G-128GB-Gray-Prepaid-Smartphone-Locked-to-Straight-Talk/14522924811,"Straight Talk Motorola Moto g Power 2025, 5G, 128GB, Gray - Prepaid Smartphone [Locked to Straight Talk]",5G Prepaid Phones,5.0,New service,I have liked the entire experience with straight talk. The phone is great. I have had nightmares with other phone companies!!! I appreciate how easy it was.,4/16/2026,True,0.0,0.0,Zola Fish,English,unknown,bazaarvoice
14522924811,"Straight Talk Motorola Moto G Power 2025, 5G, 128GB, Gray - Prepaid Smartphone [Locked to Straight Talk]",Cell Phones,Walmart.com,F55CDC31AB754BB68FE0B39041159D63,99.88,IN_STOCK,4.1,1222,/ip/Straight-Talk-Motorola-Moto-g-Power-2025-5G-128GB-Gray-Prepaid-Smartphone-Locked-to-Straight-Talk/14522924811,"Straight Talk Motorola Moto g Power 2025, 5G, 128GB, Gray - Prepaid Smartphone [Locked to Straight Talk]",5G Prepaid Phones,3.0,Not what we thought,"We thought we were getting the Samsung A17, but received the Motorola instead. My wife really dislikes the Motorola.  She finds it more difficult than her older Samsung.",05-01-2026,False,0.0,0.0,Strat,English,unknown,bazaarvoice
14522924811,"Straight Talk Motorola Moto G Power 2025, 5G, 128GB, Gray - Prepaid Smartphone [Locked to Straight Talk]",Cell Phones,Walmart.com,F55CDC31AB754BB68FE0B39041159D63,99.88,IN_STOCK,4.1,1222,/ip/Straight-Talk-Motorola-Moto-g-Power-2025-5G-128GB-Gray-Prepaid-Smartphone-Locked-to-Straight-Talk/14522924811,"Straight Talk Motorola Moto g Power 2025, 5G, 128GB, Gray - Prepaid Smartphone [Locked to Straight Talk]",5G Prepaid Phones,3.0,Love some,I really like all the new features but I had a galaxy 15 and got great service everywhere in my house but I'm not sure why but I keep dropping service,04-12-2026,True,0.0,0.0,Unknown,English,unknown,bazaarvoice
14522924811,"Straight Talk Motorola Moto G Power 2025, 5G, 128GB, Gray - Prepaid Smartphone [Locked to Straight Talk]",Cell Phones,Walmart.com,F55CDC31AB754BB68FE0B39041159D63,99.88,IN_STOCK,4.1,1222,/ip/Straight-Talk-Motorola-Moto-g-Power-2025-5G-128GB-Gray-Prepaid-Smartphone-Locked-to-Straight-Talk/14522924811,"Straight Talk Motorola Moto g Power 2025, 5G, 128GB, Gray - Prepaid Smartphone [Locked to Straight Talk]",5G Prepaid Phones,5.0,Motorola,"The phone works really well for normal use and for gaming, the phone offers memory boost or turbo mode witch makes the phone shut down other background apps and such to save memory for the game you are playing. Love it, probably the best android I've ever purchased or got for free.",03-10-2026,True,0.0,0.0,Alvaro,English,unknown,bazaarvoice
14522924811,"Straight Talk Motorola Moto G Power 2025, 5G, 128GB, Gray - Prepaid Smartphone [Locked to Straight Talk]",Cell Phones,Walmart.com,F55CDC31AB754BB68FE0B39041159D63,99.88,IN_STOCK,4.1,1222,/ip/Straight-Talk-Motorola-Moto-g-Power-2025-5G-128GB-Gray-Prepaid-Smartphone-Locked-to-Straight-Talk/14522924811,"Straight Talk Motorola Moto g Power 2025, 5G, 128GB, Gray - Prepaid Smartphone [Locked to Straight Talk]",5G Prepaid Phones,1.0,Low quality with no choice,"Hate this phone, it added voice mail which I did not want.  It turns on all the time by it self draining the battery.  The keyboard is not android but Google and does not work right or have any options like the other one with no way to switch it.  The buttons at the bottom are backwards.  There is no gallery so I cannot see my images and goggle photos which is on here does not load right ever.",1/21/2026,False,0.0,0.0,Conan,English,unknown,bazaarvoice
14522924811,"Straight Talk Motorola Moto G Power 2025, 5G, 128GB, Gray - Prepaid Smartphone [Locked to Straight Talk]",Cell Phones,Walmart.com,F55CDC31AB754BB68FE0B39041159D63,99.88,IN_STOCK,4.1,1222,/ip/Straight-Talk-Motorola-Moto-g-Power-2025-5G-128GB-Gray-Prepaid-Smartphone-Locked-to-Straight-Talk/14522924811,"Straight Talk Motorola Moto g Power 2025, 5G, 128GB, Gray - Prepaid Smartphone [Locked to Straight Talk]",5G Prepaid Phones,5.0,Amazing Value,"Completely love this phone I have one for myself and I loved it so much I bought another plan for my son and got this free phone.  It is very durable and it is also magnetic charging, just a few by a case for it Make sure the case is also compatible for the magnetic charging but I have no complaints and nothing bad to say we love the phone and of course the carrier, Straight Talk.",2/24/2026,True,0.0,0.0,Kay7,English,unknown,bazaarvoice
14522924811,"Straight Talk Motorola Moto G Power 2025, 5G, 128GB, Gray - Prepaid Smartphone [Locked to Straight Talk]",Cell Phones,Walmart.com,F55CDC31AB754BB68FE0B39041159D63,99.88,IN_STOCK,4.1,1222,/ip/Straight-Talk-Motorola-Moto-g-Power-2025-5G-128GB-Gray-Prepaid-Smartphone-Locked-to-Straight-Talk/14522924811,"Straight Talk Motorola Moto g Power 2025, 5G, 128GB, Gray - Prepaid Smartphone [Locked to Straight Talk]",5G Prepaid Phones,5.0,This phone is for you.,"This phone is perfect for people who want a durable, well built, and fast running phone without paying an arm and a leg. The system is solid (no lagging or weirdo stuff that even the highest valued  Samsung's tend to get). The camera quality is a major upgrade from other older and cheaper models--with the macro and portrait modes being even better than iPhone in ways. If you're a regular person who needs speed, efficiency, and reliability, without a massive price tag, this phone is a great choice. No complaints.",01-12-2026,No recommendation,0.0,0.0,Sky G,English,unknown,bazaarvoice
14522924811,"Straight Talk Motorola Moto G Power 2025, 5G, 128GB, Gray - Prepaid Smartphone [Locked to Straight Talk]",Cell Phones,Walmart.com,F55CDC31AB754BB68FE0B39041159D63,99.88,IN_STOCK,4.1,1222,/ip/Straight-Talk-Motorola-Moto-g-Power-2025-5G-128GB-Gray-Prepaid-Smartphone-Locked-to-Straight-Talk/14522924811,"Straight Talk Motorola Moto g Power 2025, 5G, 128GB, Gray - Prepaid Smartphone [Locked to Straight Talk]",5G Prepaid Phones,3.0,Its okay.,It works somewhat decent for what i need it for. But the data usage on it sucks. I thought 5g was supposed to be better quality data and does not seem to be the case qith this phone.,4/18/2026,False,0.0,0.0,Unknown,English,unknown,bazaarvoice
14522924811,"Straight Talk Motorola Moto G Power 2025, 5G, 128GB, Gray - Prepaid Smartphone [Locked to Straight Talk]",Cell Phones,Walmart.com,F55CDC31AB754BB68FE0B39041159D63,99.88,IN_STOCK,4.1,1222,/ip/Straight-Talk-Motorola-Moto-g-Power-2025-5G-128GB-Gray-Prepaid-Smartphone-Locked-to-Straight-Talk/14522924811,"Straight Talk Motorola Moto g Power 2025, 5G, 128GB, Gray - Prepaid Smartphone [Locked to Straight Talk]",5G Prepaid Phones,4.0,Yes this phone does not turn off I've tried everyt,They turn off does not respond when you're turning it off so the phone has to stay on all night and all day someone needs to help me to turn the phone off,04-10-2026,No recommendation,0.0,0.0,Tassy,English,unknown,bazaarvoice
14522924811,"Straight Talk Motorola Moto G Power 2025, 5G, 128GB, Gray - Prepaid Smartphone [Locked to Straight Talk]",Cell Phones,Walmart.com,F55CDC31AB754BB68FE0B39041159D63,99.88,IN_STOCK,4.1,1222,/ip/Straight-Talk-Motorola-Moto-g-Power-2025-5G-128GB-Gray-Prepaid-Smartphone-Locked-to-Straight-Talk/14522924811,"Straight Talk Motorola Moto g Power 2025, 5G, 128GB, Gray - Prepaid Smartphone [Locked to Straight Talk]",5G Prepaid Phones,1.0,Not great,"I don't like the fingerprint sensor on the power button, it rarely works, and the power button should be somewhere else cuz I'm shutting my phone off cuz my hand hits it when I'm holding the phone.",3/27/2026,No recommendation,0.0,0.0,Tanya Dudman,English,unknown,bazaarvoice
14522924811,"Straight Talk Motorola Moto G Power 2025, 5G, 128GB, Gray - Prepaid Smartphone [Locked to Straight Talk]",Cell Phones,Walmart.com,F55CDC31AB754BB68FE0B39041159D63,99.88,IN_STOCK,4.1,1222,/ip/Straight-Talk-Motorola-Moto-g-Power-2025-5G-128GB-Gray-Prepaid-Smartphone-Locked-to-Straight-Talk/14522924811,"Straight Talk Motorola Moto g Power 2025, 5G, 128GB, Gray - Prepaid Smartphone [Locked to Straight Talk]",5G Prepaid Phones,5.0,It's a good phone,It's a good phone to have much more updated then my last phone and a lot better then it too,04-09-2026,True,0.0,0.0,Raerae beavers,English,unknown,bazaarvoice
14522924811,"Straight Talk Motorola Moto G Power 2025, 5G, 128GB, Gray - Prepaid Smartphone [Locked to Straight Talk]",Cell Phones,Walmart.com,F55CDC31AB754BB68FE0B39041159D63,99.88,IN_STOCK,4.1,1222,/ip/Straight-Talk-Motorola-Moto-g-Power-2025-5G-128GB-Gray-Prepaid-Smartphone-Locked-to-Straight-Talk/14522924811,"Straight Talk Motorola Moto g Power 2025, 5G, 128GB, Gray - Prepaid Smartphone [Locked to Straight Talk]",5G Prepaid Phones,5.0,Love,"Love this phone the
Motorola Moto g Power 2025, 5G",3/17/2026,No recommendation,0.0,0.0,Momma6,English,unknown,bazaarvoice
14522924811,"Straight Talk Motorola Moto G Power 2025, 5G, 128GB, Gray - Prepaid Smartphone [Locked to Straight Talk]",Cell Phones,Walmart.com,F55CDC31AB754BB68FE0B39041159D63,99.88,IN_STOCK,4.1,1222,/ip/Straight-Talk-Motorola-Moto-g-Power-2025-5G-128GB-Gray-Prepaid-Smartphone-Locked-to-Straight-Talk/14522924811,"Straight Talk Motorola Moto g Power 2025, 5G, 128GB, Gray - Prepaid Smartphone [Locked to Straight Talk]",5G Prepaid Phones,4.0,Love it,Great phone I'm loving it so far lots of storage big screen too many great things to name.,3/22/2026,True,0.0,0.0,rlove,English,unknown,bazaarvoice
14522924811,"Straight Talk Motorola Moto G Power 2025, 5G, 128GB, Gray - Prepaid Smartphone [Locked to Straight Talk]",Cell Phones,Walmart.com,F55CDC31AB754BB68FE0B39041159D63,99.88,IN_STOCK,4.1,1222,/ip/Straight-Talk-Motorola-Moto-g-Power-2025-5G-128GB-Gray-Prepaid-Smartphone-Locked-to-Straight-Talk/14522924811,"Straight Talk Motorola Moto g Power 2025, 5G, 128GB, Gray - Prepaid Smartphone [Locked to Straight Talk]",5G Prepaid Phones,5.0,A Great Ghetto Phone,correct item on the advertised tower 😁,3/21/2026,True,0.0,0.0,Rodney,English,Walmart,bazaarvoice
14522924811,"Straight Talk Motorola Moto G Power 2025, 5G, 128GB, Gray - Prepaid Smartphone [Locked to Straight Talk]",Cell Phones,Walmart.com,F55CDC31AB754BB68FE0B39041159D63,99.88,IN_STOCK,4.1,1222,/ip/Straight-Talk-Motorola-Moto-g-Power-2025-5G-128GB-Gray-Prepaid-Smartphone-Locked-to-Straight-Talk/14522924811,"Straight Talk Motorola Moto g Power 2025, 5G, 128GB, Gray - Prepaid Smartphone [Locked to Straight Talk]",5G Prepaid Phones,5.0,Great phone,My kid is thoroughly enjoying his new phone. He states its fast enough for his on the go gaming.,3/30/2026,True,0.0,0.0,Becky G,English,unknown,bazaarvoice
14522924811,"Straight Talk Motorola Moto G Power 2025, 5G, 128GB, Gray - Prepaid Smartphone [Locked to Straight Talk]",Cell Phones,Walmart.com,F55CDC31AB754BB68FE0B39041159D63,99.88,IN_STOCK,4.1,1222,/ip/Straight-Talk-Motorola-Moto-g-Power-2025-5G-128GB-Gray-Prepaid-Smartphone-Locked-to-Straight-Talk/14522924811,"Straight Talk Motorola Moto g Power 2025, 5G, 128GB, Gray - Prepaid Smartphone [Locked to Straight Talk]",5G Prepaid Phones,5.0,Fantastic 😍,Wonderful. Love it. Beautiful color. Works great and fast,03-11-2026,True,0.0,0.0,Aaron summerlin,English,unknown,bazaarvoice
14522924811,"Straight Talk Motorola Moto G Power 2025, 5G, 128GB, Gray - Prepaid Smartphone [Locked to Straight Talk]",Cell Phones,Walmart.com,F55CDC31AB754BB68FE0B39041159D63,99.88,IN_STOCK,4.1,1222,/ip/Straight-Talk-Motorola-Moto-g-Power-2025-5G-128GB-Gray-Prepaid-Smartphone-Locked-to-Straight-Talk/14522924811,"Straight Talk Motorola Moto g Power 2025, 5G, 128GB, Gray - Prepaid Smartphone [Locked to Straight Talk]",5G Prepaid Phones,1.0,Not happy,This phone has a virus in it when I got it so no I don't like it,3/24/2026,No recommendation,0.0,0.0,Denzil,English,unknown,bazaarvoice
14522924811,"Straight Talk Motorola Moto G Power 2025, 5G, 128GB, Gray - Prepaid Smartphone [Locked to Straight Talk]",Cell Phones,Walmart.com,F55CDC31AB754BB68FE0B39041159D63,99.88,IN_STOCK,4.1,1222,/ip/Straight-Talk-Motorola-Moto-g-Power-2025-5G-128GB-Gray-Prepaid-Smartphone-Locked-to-Straight-Talk/14522924811,"Straight Talk Motorola Moto g Power 2025, 5G, 128GB, Gray - Prepaid Smartphone [Locked to Straight Talk]",5G Prepaid Phones,5.0,Motorola why it works better than I thought it wou,I would recommend this phone and deal to everybody.,03-12-2026,No recommendation,0.0,0.0,Dale Coburn,English,unknown,bazaarvoice
14522924811,"Straight Talk Motorola Moto G Power 2025, 5G, 128GB, Gray - Prepaid Smartphone [Locked to Straight Talk]",Cell Phones,Walmart.com,F55CDC31AB754BB68FE0B39041159D63,99.88,IN_STOCK,4.1,1222,/ip/Straight-Talk-Motorola-Moto-g-Power-2025-5G-128GB-Gray-Prepaid-Smartphone-Locked-to-Straight-Talk/14522924811,"Straight Talk Motorola Moto g Power 2025, 5G, 128GB, Gray - Prepaid Smartphone [Locked to Straight Talk]",5G Prepaid Phones,5.0,moto power,was free with 45 plan using it as my back up to Moto edge 2025,04-06-2026,True,0.0,0.0,john gri,English,unknown,bazaarvoice
14522924811,"Straight Talk Motorola Moto G Power 2025, 5G, 128GB, Gray - Prepaid Smartphone [Locked to Straight Talk]",Cell Phones,Walmart.com,F55CDC31AB754BB68FE0B39041159D63,99.88,IN_STOCK,4.1,1222,/ip/Straight-Talk-Motorola-Moto-g-Power-2025-5G-128GB-Gray-Prepaid-Smartphone-Locked-to-Straight-Talk/14522924811,"Straight Talk Motorola Moto g Power 2025, 5G, 128GB, Gray - Prepaid Smartphone [Locked to Straight Talk]",5G Prepaid Phones,1.0,Never worked,Try to bring it back to the store they said I didn't have a receipt so they kept the phone,3/28/2026,False,0.0,0.0,Ed k,English,unknown,bazaarvoice
1646180610,"Samsung Galaxy A14 5G A Series Cell Phone, Factory Unlocked Android Smartphone, 64GB w/Expandable Storage, Long Battery Life, 13MP Camera, 6.6"" Infinite Display Screen, US Version, 2023, Black",Cell Phones,Accipio technologies Inc,03743A66B9384C869C23D8DC4C6EAB59,114.99,IN_STOCK,4.3,2325,/ip/SAMSUNG-Galaxy-A14-5G-A-Series-Cell-Phone-Factory-Unlocked-Android-Smartphone-64GB-w-Expandable-Storage-Long-Battery-Life-13MP-Camera-6-6-Infinite-Di/1646180610,"Samsung Galaxy A14 5G A Series Cell Phone, Factory Unlocked Android Smartphone, 64GB w/Expandable Storage, Long Battery Life, 13MP Camera, 6.6"" Infinite Display Screen, US Version, 2023, Black",All Samsung Galaxy Unlocked Phones,5.0,First time using this phone and it's wonderful,[This review was collected as part of a promotion.] I use this phone for checking messages. I have download the phone to my automobile and I can strain my music channel through it. It is wonderful that it automatically picks up once I enter my vehicle,12/17/2023,No recommendation,0.0,0.0,Janbaby12,English,unknown,bazaarvoice
1646180610,"Samsung Galaxy A14 5G A Series Cell Phone, Factory Unlocked Android Smartphone, 64GB w/Expandable Storage, Long Battery Life, 13MP Camera, 6.6"" Infinite Display Screen, US Version, 2023, Black",Cell Phones,Accipio technologies Inc,03743A66B9384C869C23D8DC4C6EAB59,114.99,IN_STOCK,4.3,2325,/ip/SAMSUNG-Galaxy-A14-5G-A-Series-Cell-Phone-Factory-Unlocked-Android-Smartphone-64GB-w-Expandable-Storage-Long-Battery-Life-13MP-Camera-6-6-Infinite-Di/1646180610,"Samsung Galaxy A14 5G A Series Cell Phone, Factory Unlocked Android Smartphone, 64GB w/Expandable Storage, Long Battery Life, 13MP Camera, 6.6"" Infinite Display Screen, US Version, 2023, Black",All Samsung Galaxy Unlocked Phones,5.0,Samsung Galaxy is the best name brand smartphone,"[This review was collected as part of a promotion.] I have been using nothing but Samsung for about 6 years now and I have to say, Samsung Galaxy in general is the best version of Android Smartphone i have ever had, and Samsung phones have always been the most reliable and the longest lasting type of phone out of all the different types I have ever used. This Samsung Galaxy A14 5G is actually the most upgraded version I have had so far, but it is the best one I have had yet, and I will definitely be purchasing a newer model ASAP.",5/17/2023,No recommendation,0.0,0.0,Unknown,English,unknown,bazaarvoice
1646180610,"Samsung Galaxy A14 5G A Series Cell Phone, Factory Unlocked Android Smartphone, 64GB w/Expandable Storage, Long Battery Life, 13MP Camera, 6.6"" Infinite Display Screen, US Version, 2023, Black",Cell Phones,Accipio technologies Inc,03743A66B9384C869C23D8DC4C6EAB59,114.99,IN_STOCK,4.3,2325,/ip/SAMSUNG-Galaxy-A14-5G-A-Series-Cell-Phone-Factory-Unlocked-Android-Smartphone-64GB-w-Expandable-Storage-Long-Battery-Life-13MP-Camera-6-6-Infinite-Di/1646180610,"Samsung Galaxy A14 5G A Series Cell Phone, Factory Unlocked Android Smartphone, 64GB w/Expandable Storage, Long Battery Life, 13MP Camera, 6.6"" Infinite Display Screen, US Version, 2023, Black",All Samsung Galaxy Unlocked Phones,3.0,This product has been great.,"[This review was collected as part of a promotion.] I use my device for personal use. I would love a Galaxy S24 Ultra. I've always loved Samsung Galaxy products. They go beyond my expectations.  I'm not very phone smart, but with the Galaxy A14 5G I find it very user friendly.",02-08-2024,No recommendation,0.0,0.0,Winky77,English,unknown,bazaarvoice
1646180610,"Samsung Galaxy A14 5G A Series Cell Phone, Factory Unlocked Android Smartphone, 64GB w/Expandable Storage, Long Battery Life, 13MP Camera, 6.6"" Infinite Display Screen, US Version, 2023, Black",Cell Phones,Accipio technologies Inc,03743A66B9384C869C23D8DC4C6EAB59,114.99,IN_STOCK,4.3,2325,/ip/SAMSUNG-Galaxy-A14-5G-A-Series-Cell-Phone-Factory-Unlocked-Android-Smartphone-64GB-w-Expandable-Storage-Long-Battery-Life-13MP-Camera-6-6-Infinite-Di/1646180610,"Samsung Galaxy A14 5G A Series Cell Phone, Factory Unlocked Android Smartphone, 64GB w/Expandable Storage, Long Battery Life, 13MP Camera, 6.6"" Infinite Display Screen, US Version, 2023, Black",All Samsung Galaxy Unlocked Phones,5.0,This phone series is great!,[This review was collected as part of a promotion.] I really love this series. It may not have many different features but it has enough that is quite interesting and useful. Though this phone is great there are some disadvantages since it does not have the same amount as the other phones and may contain a limited amount of types of apps you can download. Other than that there really isn't any other disadvantage. The phone is great overall for daily purposes and uses and is helpful just like any other device. This is why I would rate it a solid 5 since the disadvantages aren't really that serious.,11/13/2023,No recommendation,0.0,0.0,Zvatea,English,unknown,bazaarvoice
1646180610,"Samsung Galaxy A14 5G A Series Cell Phone, Factory Unlocked Android Smartphone, 64GB w/Expandable Storage, Long Battery Life, 13MP Camera, 6.6"" Infinite Display Screen, US Version, 2023, Black",Cell Phones,Accipio technologies Inc,03743A66B9384C869C23D8DC4C6EAB59,114.99,IN_STOCK,4.3,2325,/ip/SAMSUNG-Galaxy-A14-5G-A-Series-Cell-Phone-Factory-Unlocked-Android-Smartphone-64GB-w-Expandable-Storage-Long-Battery-Life-13MP-Camera-6-6-Infinite-Di/1646180610,"Samsung Galaxy A14 5G A Series Cell Phone, Factory Unlocked Android Smartphone, 64GB w/Expandable Storage, Long Battery Life, 13MP Camera, 6.6"" Infinite Display Screen, US Version, 2023, Black",All Samsung Galaxy Unlocked Phones,5.0,New Features of A versions,"[This review was collected as part of a promotion.] 5G Internet has made the A14 version more efficient and effective to use anywhere. New Security Features and a Fingerprint function which.. works well when your forgetful. Samsung has made, in my opinion and experience, a new and improved A phone.",2/27/2024,No recommendation,0.0,0.0,LigBoss2,English,unknown,bazaarvoice
1646180610,"Samsung Galaxy A14 5G A Series Cell Phone, Factory Unlocked Android Smartphone, 64GB w/Expandable Storage, Long Battery Life, 13MP Camera, 6.6"" Infinite Display Screen, US Version, 2023, Black",Cell Phones,Accipio technologies Inc,03743A66B9384C869C23D8DC4C6EAB59,114.99,IN_STOCK,4.3,2325,/ip/SAMSUNG-Galaxy-A14-5G-A-Series-Cell-Phone-Factory-Unlocked-Android-Smartphone-64GB-w-Expandable-Storage-Long-Battery-Life-13MP-Camera-6-6-Infinite-Di/1646180610,"Samsung Galaxy A14 5G A Series Cell Phone, Factory Unlocked Android Smartphone, 64GB w/Expandable Storage, Long Battery Life, 13MP Camera, 6.6"" Infinite Display Screen, US Version, 2023, Black",All Samsung Galaxy Unlocked Phones,1.0,"Poor Day-to-day performance, and its getting worse","Worst phone since flip phones. This phone has been such a headache, I literally yell ""I HATE THIS PHONE"" every single day. It gets slower each day, press a button and have yo wait 5 seconds for it to react. Poor architecture of the cpu leads to poor day-to-day performance. The fingerprint scanner works only about 85% of the time, which is extremely annoying when you're trying to do something fast.",5/23/2023,False,0.0,0.0,Server1,English,unknown,bazaarvoice
1646180610,"Samsung Galaxy A14 5G A Series Cell Phone, Factory Unlocked Android Smartphone, 64GB w/Expandable Storage, Long Battery Life, 13MP Camera, 6.6"" Infinite Display Screen, US Version, 2023, Black",Cell Phones,Accipio technologies Inc,03743A66B9384C869C23D8DC4C6EAB59,114.99,IN_STOCK,4.3,2325,/ip/SAMSUNG-Galaxy-A14-5G-A-Series-Cell-Phone-Factory-Unlocked-Android-Smartphone-64GB-w-Expandable-Storage-Long-Battery-Life-13MP-Camera-6-6-Infinite-Di/1646180610,"Samsung Galaxy A14 5G A Series Cell Phone, Factory Unlocked Android Smartphone, 64GB w/Expandable Storage, Long Battery Life, 13MP Camera, 6.6"" Infinite Display Screen, US Version, 2023, Black",All Samsung Galaxy Unlocked Phones,3.0,This product has great features but can be slow.,[This review was collected as part of a promotion.] I use my Samsung galaxy to talk and text I use it for many reasons I use it for work I loved when I first got it but it is very slow I want to upgrade to the new one but I don't have enough money. It has great features though I love Samsung.,12-12-2023,No recommendation,0.0,0.0,MLoves2shop,English,unknown,bazaarvoice
1646180610,"Samsung Galaxy A14 5G A Series Cell Phone, Factory Unlocked Android Smartphone, 64GB w/Expandable Storage, Long Battery Life, 13MP Camera, 6.6"" Infinite Display Screen, US Version, 2023, Black",Cell Phones,Accipio technologies Inc,03743A66B9384C869C23D8DC4C6EAB59,114.99,IN_STOCK,4.3,2325,/ip/SAMSUNG-Galaxy-A14-5G-A-Series-Cell-Phone-Factory-Unlocked-Android-Smartphone-64GB-w-Expandable-Storage-Long-Battery-Life-13MP-Camera-6-6-Infinite-Di/1646180610,"Samsung Galaxy A14 5G A Series Cell Phone, Factory Unlocked Android Smartphone, 64GB w/Expandable Storage, Long Battery Life, 13MP Camera, 6.6"" Infinite Display Screen, US Version, 2023, Black",All Samsung Galaxy Unlocked Phones,5.0,A whole new galaxy to explore,[This review was collected as part of a promotion.] I use my phone so people can get s hold of me. So it needs to work and tbe galaxy comes through. Its big rbough to see send emails and keep me up to date with world rescources and school live steeaming and sign it documents its graphics are fierce and just grammaticaly perplexed with lots of intriuging apps.,12/24/2023,No recommendation,0.0,0.0,Bizzbee,English,unknown,bazaarvoice
1646180610,"Samsung Galaxy A14 5G A Series Cell Phone, Factory Unlocked Android Smartphone, 64GB w/Expandable Storage, Long Battery Life, 13MP Camera, 6.6"" Infinite Display Screen, US Version, 2023, Black",Cell Phones,Accipio technologies Inc,03743A66B9384C869C23D8DC4C6EAB59,114.99,IN_STOCK,4.3,2325,/ip/SAMSUNG-Galaxy-A14-5G-A-Series-Cell-Phone-Factory-Unlocked-Android-Smartphone-64GB-w-Expandable-Storage-Long-Battery-Life-13MP-Camera-6-6-Infinite-Di/1646180610,"Samsung Galaxy A14 5G A Series Cell Phone, Factory Unlocked Android Smartphone, 64GB w/Expandable Storage, Long Battery Life, 13MP Camera, 6.6"" Infinite Display Screen, US Version, 2023, Black",All Samsung Galaxy Unlocked Phones,5.0,Works great is pretty fast,[This review was collected as part of a promotion.] I use my phone for everything from simple things to be in touch with family and friend speacially with my son who this year got his first home. I watch videos soccer and football games and performance is great,11/13/2023,No recommendation,0.0,0.0,Alemanny21,English,unknown,bazaarvoice
1646180610,"Samsung Galaxy A14 5G A Series Cell Phone, Factory Unlocked Android Smartphone, 64GB w/Expandable Storage, Long Battery Life, 13MP Camera, 6.6"" Infinite Display Screen, US Version, 2023, Black",Cell Phones,Accipio technologies Inc,03743A66B9384C869C23D8DC4C6EAB59,114.99,IN_STOCK,4.3,2325,/ip/SAMSUNG-Galaxy-A14-5G-A-Series-Cell-Phone-Factory-Unlocked-Android-Smartphone-64GB-w-Expandable-Storage-Long-Battery-Life-13MP-Camera-6-6-Infinite-Di/1646180610,"Samsung Galaxy A14 5G A Series Cell Phone, Factory Unlocked Android Smartphone, 64GB w/Expandable Storage, Long Battery Life, 13MP Camera, 6.6"" Infinite Display Screen, US Version, 2023, Black",All Samsung Galaxy Unlocked Phones,3.0,A14 phone,"[This review was collected as part of a promotion.] It's an OK phone.  Nothing special, did have issues with messaging receiving pictures after a few months.  Had to do a total reset and seems to be working again. Other then that it's better than my old phone.",02-05-2024,No recommendation,0.0,0.0,123456,English,unknown,bazaarvoice
1646180610,"Samsung Galaxy A14 5G A Series Cell Phone, Factory Unlocked Android Smartphone, 64GB w/Expandable Storage, Long Battery Life, 13MP Camera, 6.6"" Infinite Display Screen, US Version, 2023, Black",Cell Phones,Accipio technologies Inc,03743A66B9384C869C23D8DC4C6EAB59,114.99,IN_STOCK,4.3,2325,/ip/SAMSUNG-Galaxy-A14-5G-A-Series-Cell-Phone-Factory-Unlocked-Android-Smartphone-64GB-w-Expandable-Storage-Long-Battery-Life-13MP-Camera-6-6-Infinite-Di/1646180610,"Samsung Galaxy A14 5G A Series Cell Phone, Factory Unlocked Android Smartphone, 64GB w/Expandable Storage, Long Battery Life, 13MP Camera, 6.6"" Infinite Display Screen, US Version, 2023, Black",All Samsung Galaxy Unlocked Phones,5.0,This product is essential in my life.,"[This review was collected as part of a promotion.] I use my Samsung Galaxy mainly for two elements of my life:
1. To conduct video calls, phone calls, text messages, and emails with the students I work with and my three daughters.
2. To keep up with the news, be informed, and be entertained by watching YouTube videos and sports highlights orluve streams on various platforms.

My phone has served me excellently in both capacities. Without my Samsung Galaxy, I would not be able to serve my students as well, or even make a living doing what I do.  It is the one essential object in my work and life.",2/27/2024,No recommendation,1.0,0.0,TeacherRob,English,unknown,bazaarvoice
1646180610,"Samsung Galaxy A14 5G A Series Cell Phone, Factory Unlocked Android Smartphone, 64GB w/Expandable Storage, Long Battery Life, 13MP Camera, 6.6"" Infinite Display Screen, US Version, 2023, Black",Cell Phones,Accipio technologies Inc,03743A66B9384C869C23D8DC4C6EAB59,114.99,IN_STOCK,4.3,2325,/ip/SAMSUNG-Galaxy-A14-5G-A-Series-Cell-Phone-Factory-Unlocked-Android-Smartphone-64GB-w-Expandable-Storage-Long-Battery-Life-13MP-Camera-6-6-Infinite-Di/1646180610,"Samsung Galaxy A14 5G A Series Cell Phone, Factory Unlocked Android Smartphone, 64GB w/Expandable Storage, Long Battery Life, 13MP Camera, 6.6"" Infinite Display Screen, US Version, 2023, Black",All Samsung Galaxy Unlocked Phones,5.0,Facture,Im happy whith my Galaxy 14 is very good nice phone,2/14/2023,No recommendation,39.0,8.0,A14 5G 64G,English,unknown,bazaarvoice
1646180610,"Samsung Galaxy A14 5G A Series Cell Phone, Factory Unlocked Android Smartphone, 64GB w/Expandable Storage, Long Battery Life, 13MP Camera, 6.6"" Infinite Display Screen, US Version, 2023, Black",Cell Phones,Accipio technologies Inc,03743A66B9384C869C23D8DC4C6EAB59,114.99,IN_STOCK,4.3,2325,/ip/SAMSUNG-Galaxy-A14-5G-A-Series-Cell-Phone-Factory-Unlocked-Android-Smartphone-64GB-w-Expandable-Storage-Long-Battery-Life-13MP-Camera-6-6-Infinite-Di/1646180610,"Samsung Galaxy A14 5G A Series Cell Phone, Factory Unlocked Android Smartphone, 64GB w/Expandable Storage, Long Battery Life, 13MP Camera, 6.6"" Infinite Display Screen, US Version, 2023, Black",All Samsung Galaxy Unlocked Phones,4.0,Best Phone I Had Yet!,I have to say this phone is amazing. It's very quick and has awesome camera quality.,08-12-2023,No recommendation,5.0,0.0,HaxSoGotti,English,unknown,bazaarvoice
1646180610,"Samsung Galaxy A14 5G A Series Cell Phone, Factory Unlocked Android Smartphone, 64GB w/Expandable Storage, Long Battery Life, 13MP Camera, 6.6"" Infinite Display Screen, US Version, 2023, Black",Cell Phones,Accipio technologies Inc,03743A66B9384C869C23D8DC4C6EAB59,114.99,IN_STOCK,4.3,2325,/ip/SAMSUNG-Galaxy-A14-5G-A-Series-Cell-Phone-Factory-Unlocked-Android-Smartphone-64GB-w-Expandable-Storage-Long-Battery-Life-13MP-Camera-6-6-Infinite-Di/1646180610,"Samsung Galaxy A14 5G A Series Cell Phone, Factory Unlocked Android Smartphone, 64GB w/Expandable Storage, Long Battery Life, 13MP Camera, 6.6"" Infinite Display Screen, US Version, 2023, Black",All Samsung Galaxy Unlocked Phones,4.0,Good phone,Good phone so far for the price. I have not had any issues.,5/22/2023,True,6.0,2.0,sirjuanlei,English,unknown,bazaarvoice
1646180610,"Samsung Galaxy A14 5G A Series Cell Phone, Factory Unlocked Android Smartphone, 64GB w/Expandable Storage, Long Battery Life, 13MP Camera, 6.6"" Infinite Display Screen, US Version, 2023, Black",Cell Phones,Accipio technologies Inc,03743A66B9384C869C23D8DC4C6EAB59,114.99,IN_STOCK,4.3,2325,/ip/SAMSUNG-Galaxy-A14-5G-A-Series-Cell-Phone-Factory-Unlocked-Android-Smartphone-64GB-w-Expandable-Storage-Long-Battery-Life-13MP-Camera-6-6-Infinite-Di/1646180610,"Samsung Galaxy A14 5G A Series Cell Phone, Factory Unlocked Android Smartphone, 64GB w/Expandable Storage, Long Battery Life, 13MP Camera, 6.6"" Infinite Display Screen, US Version, 2023, Black",All Samsung Galaxy Unlocked Phones,5.0,Tap pay is amazing and fast,Only been using it a week now so far it's been the best phone I've owned. I don't go expensive because I break things but this little guy is great.,09-10-2024,True,2.0,0.0,Slobdawg,English,unknown,bazaarvoice
1646180610,"Samsung Galaxy A14 5G A Series Cell Phone, Factory Unlocked Android Smartphone, 64GB w/Expandable Storage, Long Battery Life, 13MP Camera, 6.6"" Infinite Display Screen, US Version, 2023, Black",Cell Phones,Accipio technologies Inc,03743A66B9384C869C23D8DC4C6EAB59,114.99,IN_STOCK,4.3,2325,/ip/SAMSUNG-Galaxy-A14-5G-A-Series-Cell-Phone-Factory-Unlocked-Android-Smartphone-64GB-w-Expandable-Storage-Long-Battery-Life-13MP-Camera-6-6-Infinite-Di/1646180610,"Samsung Galaxy A14 5G A Series Cell Phone, Factory Unlocked Android Smartphone, 64GB w/Expandable Storage, Long Battery Life, 13MP Camera, 6.6"" Infinite Display Screen, US Version, 2023, Black",All Samsung Galaxy Unlocked Phones,5.0,It works amazingly then any other phone i have had,[This review was collected as part of a promotion.] It makes my life easy because I get a lot more done with it,05-09-2023,No recommendation,3.0,1.0,Angela,English,unknown,bazaarvoice
1646180610,"Samsung Galaxy A14 5G A Series Cell Phone, Factory Unlocked Android Smartphone, 64GB w/Expandable Storage, Long Battery Life, 13MP Camera, 6.6"" Infinite Display Screen, US Version, 2023, Black",Cell Phones,Accipio technologies Inc,03743A66B9384C869C23D8DC4C6EAB59,114.99,IN_STOCK,4.3,2325,/ip/SAMSUNG-Galaxy-A14-5G-A-Series-Cell-Phone-Factory-Unlocked-Android-Smartphone-64GB-w-Expandable-Storage-Long-Battery-Life-13MP-Camera-6-6-Infinite-Di/1646180610,"Samsung Galaxy A14 5G A Series Cell Phone, Factory Unlocked Android Smartphone, 64GB w/Expandable Storage, Long Battery Life, 13MP Camera, 6.6"" Infinite Display Screen, US Version, 2023, Black",All Samsung Galaxy Unlocked Phones,1.0,Phone is horrible,[This review was collected as part of a promotion.] I'm not impressed with the A14 5G it overheats and don't hold a charge,05-01-2023,No recommendation,4.0,2.0,Sluggaa44,English,unknown,bazaarvoice
1646180610,"Samsung Galaxy A14 5G A Series Cell Phone, Factory Unlocked Android Smartphone, 64GB w/Expandable Storage, Long Battery Life, 13MP Camera, 6.6"" Infinite Display Screen, US Version, 2023, Black",Cell Phones,Accipio technologies Inc,03743A66B9384C869C23D8DC4C6EAB59,114.99,IN_STOCK,4.3,2325,/ip/SAMSUNG-Galaxy-A14-5G-A-Series-Cell-Phone-Factory-Unlocked-Android-Smartphone-64GB-w-Expandable-Storage-Long-Battery-Life-13MP-Camera-6-6-Infinite-Di/1646180610,"Samsung Galaxy A14 5G A Series Cell Phone, Factory Unlocked Android Smartphone, 64GB w/Expandable Storage, Long Battery Life, 13MP Camera, 6.6"" Infinite Display Screen, US Version, 2023, Black",All Samsung Galaxy Unlocked Phones,5.0,Great features,I saved all my pics and I enjoy working with my files and so much  more this phone is greater  than the other  ones I've had before,10-04-2023,No recommendation,3.0,1.0,Jane Goodin,English,unknown,bazaarvoice
1646180610,"Samsung Galaxy A14 5G A Series Cell Phone, Factory Unlocked Android Smartphone, 64GB w/Expandable Storage, Long Battery Life, 13MP Camera, 6.6"" Infinite Display Screen, US Version, 2023, Black",Cell Phones,Accipio technologies Inc,03743A66B9384C869C23D8DC4C6EAB59,114.99,IN_STOCK,4.3,2325,/ip/SAMSUNG-Galaxy-A14-5G-A-Series-Cell-Phone-Factory-Unlocked-Android-Smartphone-64GB-w-Expandable-Storage-Long-Battery-Life-13MP-Camera-6-6-Infinite-Di/1646180610,"Samsung Galaxy A14 5G A Series Cell Phone, Factory Unlocked Android Smartphone, 64GB w/Expandable Storage, Long Battery Life, 13MP Camera, 6.6"" Infinite Display Screen, US Version, 2023, Black",All Samsung Galaxy Unlocked Phones,4.0,This product is pretty fast havnt had many problem,[This review was collected as part of a promotion.] I use my phone for streaming and work and personal use. I havnt had many problems with this device.very satisfied with processing program and how fast it is,11/13/2023,No recommendation,1.0,0.0,Brooklyn,English,unknown,bazaarvoice
1646180610,"Samsung Galaxy A14 5G A Series Cell Phone, Factory Unlocked Android Smartphone, 64GB w/Expandable Storage, Long Battery Life, 13MP Camera, 6.6"" Infinite Display Screen, US Version, 2023, Black",Cell Phones,Accipio technologies Inc,03743A66B9384C869C23D8DC4C6EAB59,114.99,IN_STOCK,4.3,2325,/ip/SAMSUNG-Galaxy-A14-5G-A-Series-Cell-Phone-Factory-Unlocked-Android-Smartphone-64GB-w-Expandable-Storage-Long-Battery-Life-13MP-Camera-6-6-Infinite-Di/1646180610,"Samsung Galaxy A14 5G A Series Cell Phone, Factory Unlocked Android Smartphone, 64GB w/Expandable Storage, Long Battery Life, 13MP Camera, 6.6"" Infinite Display Screen, US Version, 2023, Black",All Samsung Galaxy Unlocked Phones,3.0,It could be a lot better it has been kinda slow,[This review was collected as part of a promotion.] I use my phone for work I do construction an I wish it took better pictures because I do beautiful work an wish the camera would do it justice,03-11-2024,No recommendation,1.0,0.0,Tripp89,English,unknown,bazaarvoice
15689361616,"AT&T Apple iPhone 16e, 128GB, Black - Prepaid Smartphone [Locked to AT&T]",Cell Phones,Walmart.com,F55CDC31AB754BB68FE0B39041159D63,299.0,IN_STOCK,4.3,73,/ip/APL-IPHN-16e-Prepaid/15689361616,"AT&T Apple iPhone 16e, 128GB, Black - Prepaid Smartphone [Locked to AT&T]",Prepaid iPhones,5.0,Awesome phone!,"I ordered this for my 18 year old granddaughter and she is over the moon!
She absolutely loves it! I highly reccomend this phone. It is a new release of the Apple 16 family and very affordable and well made.
It has cool features, great specs, long lasting battery and is lightning fast!
Thank you so much!",10/18/2025,True,0.0,0.0,Tara,English,Walmart,bazaarvoice
15689361616,"AT&T Apple iPhone 16e, 128GB, Black - Prepaid Smartphone [Locked to AT&T]",Cell Phones,Walmart.com,F55CDC31AB754BB68FE0B39041159D63,299.0,IN_STOCK,4.3,73,/ip/APL-IPHN-16e-Prepaid/15689361616,"AT&T Apple iPhone 16e, 128GB, Black - Prepaid Smartphone [Locked to AT&T]",Prepaid iPhones,5.0,No title,Bought to replace iPhone XR. Great price compared to the similar iPhone 16 %26 15s. Does everything it claims to.,11/15/2025,No recommendation,0.0,0.0,Fae,English,Walmart,bazaarvoice
15689361616,"AT&T Apple iPhone 16e, 128GB, Black - Prepaid Smartphone [Locked to AT&T]",Cell Phones,Walmart.com,F55CDC31AB754BB68FE0B39041159D63,299.0,IN_STOCK,4.3,73,/ip/APL-IPHN-16e-Prepaid/15689361616,"AT&T Apple iPhone 16e, 128GB, Black - Prepaid Smartphone [Locked to AT&T]",Prepaid iPhones,5.0,Nice entry phone,Nice entry phone . It's not the pro but it's half the price. Does everything I needed and nice upgrade from my older phone.,11/28/2025,No recommendation,0.0,0.0,David,English,Walmart,bazaarvoice
15689361616,"AT&T Apple iPhone 16e, 128GB, Black - Prepaid Smartphone [Locked to AT&T]",Cell Phones,Walmart.com,F55CDC31AB754BB68FE0B39041159D63,299.0,IN_STOCK,4.3,73,/ip/APL-IPHN-16e-Prepaid/15689361616,"AT&T Apple iPhone 16e, 128GB, Black - Prepaid Smartphone [Locked to AT&T]",Prepaid iPhones,5.0,What an upgrade,Upgraded from a gen 2 SE.  What a difference!!  Camera is excellent.  USB-C charging and satellite Integration.  Best price found at Walmart.,10/18/2025,True,0.0,0.0,brian,English,Walmart,bazaarvoice
15689361616,"AT&T Apple iPhone 16e, 128GB, Black - Prepaid Smartphone [Locked to AT&T]",Cell Phones,Walmart.com,F55CDC31AB754BB68FE0B39041159D63,299.0,IN_STOCK,4.3,73,/ip/APL-IPHN-16e-Prepaid/15689361616,"AT&T Apple iPhone 16e, 128GB, Black - Prepaid Smartphone [Locked to AT&T]",Prepaid iPhones,5.0,Great deal,Great deal. This phone replaced my 11 pro.,11/16/2025,No recommendation,0.0,0.0,Andy,English,Walmart,bazaarvoice
15689361616,"AT&T Apple iPhone 16e, 128GB, Black - Prepaid Smartphone [Locked to AT&T]",Cell Phones,Walmart.com,F55CDC31AB754BB68FE0B39041159D63,299.0,IN_STOCK,4.3,73,/ip/APL-IPHN-16e-Prepaid/15689361616,"AT&T Apple iPhone 16e, 128GB, Black - Prepaid Smartphone [Locked to AT&T]",Prepaid iPhones,5.0,No title,i love how easy it is to use,11/26/2025,True,0.0,0.0,Vicki,English,Walmart,bazaarvoice
15689361616,"AT&T Apple iPhone 16e, 128GB, Black - Prepaid Smartphone [Locked to AT&T]",Cell Phones,Walmart.com,F55CDC31AB754BB68FE0B39041159D63,299.0,IN_STOCK,4.3,73,/ip/APL-IPHN-16e-Prepaid/15689361616,"AT&T Apple iPhone 16e, 128GB, Black - Prepaid Smartphone [Locked to AT&T]",Prepaid iPhones,5.0,Worth every dime,i love everything transferred everything from one phone to the next using ATT service.,11-11-2025,True,0.0,0.0,Cher,English,Walmart,bazaarvoice
15689361616,"AT&T Apple iPhone 16e, 128GB, Black - Prepaid Smartphone [Locked to AT&T]",Cell Phones,Walmart.com,F55CDC31AB754BB68FE0B39041159D63,299.0,IN_STOCK,4.3,73,/ip/APL-IPHN-16e-Prepaid/15689361616,"AT&T Apple iPhone 16e, 128GB, Black - Prepaid Smartphone [Locked to AT&T]",Prepaid iPhones,4.0,16e for exceptional,"A easy to use, provides a quality size screen, with very good photography capability. I don't need the entire most enhanced smart phone, so the 16e meets all my essential needs and wants.
Quality audio and video as well as great battery life. I would give it 5 stars, but only have had for a week. Assortment of screens and covers, so why not??",12-02-2025,No recommendation,0.0,0.0,Unknown,English,Walmart,bazaarvoice
15689361616,"AT&T Apple iPhone 16e, 128GB, Black - Prepaid Smartphone [Locked to AT&T]",Cell Phones,Walmart.com,F55CDC31AB754BB68FE0B39041159D63,299.0,IN_STOCK,4.3,73,/ip/APL-IPHN-16e-Prepaid/15689361616,"AT&T Apple iPhone 16e, 128GB, Black - Prepaid Smartphone [Locked to AT&T]",Prepaid iPhones,4.0,Great overall phone,"Phone is small for a phone in 2025. Cameras are ok, besides that its a great phone!",9/27/2025,True,0.0,0.0,charles,English,Walmart,bazaarvoice
15689361616,"AT&T Apple iPhone 16e, 128GB, Black - Prepaid Smartphone [Locked to AT&T]",Cell Phones,Walmart.com,F55CDC31AB754BB68FE0B39041159D63,299.0,IN_STOCK,4.3,73,/ip/APL-IPHN-16e-Prepaid/15689361616,"AT&T Apple iPhone 16e, 128GB, Black - Prepaid Smartphone [Locked to AT&T]",Prepaid iPhones,1.0,Don't upgrade to this one,Phone screen done cracked at the top all the way down to the middle of phone with a good phone case on it. Thought I would upgrade to the 16e from an iPhone 11 but I was wrong! I would not recommend this phone to anyone no matter what kind of phone case you have protecting it! This phone apparently needs to be wrapped in a bubble.,11/27/2025,No recommendation,0.0,0.0,Christina,English,Walmart,bazaarvoice
14351850484,Samsung Galaxy A16 4G 128GB 4GB RAM | 6.7” AMOLED 90Hz Display | GSM unlocked Dual SIM International Version Android Smartphone (Brand New),Cell Phones,AWH Wireless LLC,AA96AACD1FD34030B374A92C9757DA24,126.9,IN_STOCK,4.0,728,/ip/Samsung-Galaxy-A16-4G-128GB-4GB-RAM-6-7-AMOLED-90Hz-Display-GSM-unlocked-Dual-SIM-International-Version-Android-Smartphone-Brand-New/14351850484,Samsung Galaxy A16 4G 128GB 4GB RAM | 6.7” AMOLED 90Hz Display | GSM unlocked Dual SIM International Version Android Smartphone (Brand New),All Samsung Galaxy Unlocked Phones,4.0,No title,The sellers didn't refund me on the  Samsung A22,08-10-2025,No recommendation,0.0,0.0,linda,English,Seller,bazaarvoice
14351850484,Samsung Galaxy A16 4G 128GB 4GB RAM | 6.7” AMOLED 90Hz Display | GSM unlocked Dual SIM International Version Android Smartphone (Brand New),Cell Phones,AWH Wireless LLC,AA96AACD1FD34030B374A92C9757DA24,126.9,IN_STOCK,4.0,728,/ip/Samsung-Galaxy-A16-4G-128GB-4GB-RAM-6-7-AMOLED-90Hz-Display-GSM-unlocked-Dual-SIM-International-Version-Android-Smartphone-Brand-New/14351850484,Samsung Galaxy A16 4G 128GB 4GB RAM | 6.7” AMOLED 90Hz Display | GSM unlocked Dual SIM International Version Android Smartphone (Brand New),All Samsung Galaxy Unlocked Phones,5.0,No title,The phone is very clean. Definitely worth the purchase 👌,08-02-2025,True,0.0,0.0,Rickeena,English,Walmart,bazaarvoice
14351850484,Samsung Galaxy A16 4G 128GB 4GB RAM | 6.7” AMOLED 90Hz Display | GSM unlocked Dual SIM International Version Android Smartphone (Brand New),Cell Phones,AWH Wireless LLC,AA96AACD1FD34030B374A92C9757DA24,126.9,IN_STOCK,4.0,728,/ip/Samsung-Galaxy-A16-4G-128GB-4GB-RAM-6-7-AMOLED-90Hz-Display-GSM-unlocked-Dual-SIM-International-Version-Android-Smartphone-Brand-New/14351850484,Samsung Galaxy A16 4G 128GB 4GB RAM | 6.7” AMOLED 90Hz Display | GSM unlocked Dual SIM International Version Android Smartphone (Brand New),All Samsung Galaxy Unlocked Phones,5.0,No title,"Well package, nice phone, lasting battery",6/29/2025,No recommendation,0.0,0.0,Abosede,English,Seller,bazaarvoice
14351850484,Samsung Galaxy A16 4G 128GB 4GB RAM | 6.7” AMOLED 90Hz Display | GSM unlocked Dual SIM International Version Android Smartphone (Brand New),Cell Phones,AWH Wireless LLC,AA96AACD1FD34030B374A92C9757DA24,126.9,IN_STOCK,4.0,728,/ip/Samsung-Galaxy-A16-4G-128GB-4GB-RAM-6-7-AMOLED-90Hz-Display-GSM-unlocked-Dual-SIM-International-Version-Android-Smartphone-Brand-New/14351850484,Samsung Galaxy A16 4G 128GB 4GB RAM | 6.7” AMOLED 90Hz Display | GSM unlocked Dual SIM International Version Android Smartphone (Brand New),All Samsung Galaxy Unlocked Phones,5.0,No title,"everything, i thought it was a 5 g . It's notbut it works great and charges really fast .",07-03-2025,True,0.0,0.0,Steve,English,Seller,bazaarvoice
14351850484,Samsung Galaxy A16 4G 128GB 4GB RAM | 6.7” AMOLED 90Hz Display | GSM unlocked Dual SIM International Version Android Smartphone (Brand New),Cell Phones,AWH Wireless LLC,AA96AACD1FD34030B374A92C9757DA24,126.9,IN_STOCK,4.0,728,/ip/Samsung-Galaxy-A16-4G-128GB-4GB-RAM-6-7-AMOLED-90Hz-Display-GSM-unlocked-Dual-SIM-International-Version-Android-Smartphone-Brand-New/14351850484,Samsung Galaxy A16 4G 128GB 4GB RAM | 6.7” AMOLED 90Hz Display | GSM unlocked Dual SIM International Version Android Smartphone (Brand New),All Samsung Galaxy Unlocked Phones,5.0,No title,It was great 👍,11-05-2025,No recommendation,0.0,0.0,James,English,Walmart,bazaarvoice
14351850484,Samsung Galaxy A16 4G 128GB 4GB RAM | 6.7” AMOLED 90Hz Display | GSM unlocked Dual SIM International Version Android Smartphone (Brand New),Cell Phones,AWH Wireless LLC,AA96AACD1FD34030B374A92C9757DA24,126.9,IN_STOCK,4.0,728,/ip/Samsung-Galaxy-A16-4G-128GB-4GB-RAM-6-7-AMOLED-90Hz-Display-GSM-unlocked-Dual-SIM-International-Version-Android-Smartphone-Brand-New/14351850484,Samsung Galaxy A16 4G 128GB 4GB RAM | 6.7” AMOLED 90Hz Display | GSM unlocked Dual SIM International Version Android Smartphone (Brand New),All Samsung Galaxy Unlocked Phones,5.0,No title,I like the phone.,11/13/2025,True,0.0,0.0,Thinh,English,Seller,bazaarvoice
14351850484,Samsung Galaxy A16 4G 128GB 4GB RAM | 6.7” AMOLED 90Hz Display | GSM unlocked Dual SIM International Version Android Smartphone (Brand New),Cell Phones,AWH Wireless LLC,AA96AACD1FD34030B374A92C9757DA24,126.9,IN_STOCK,4.0,728,/ip/Samsung-Galaxy-A16-4G-128GB-4GB-RAM-6-7-AMOLED-90Hz-Display-GSM-unlocked-Dual-SIM-International-Version-Android-Smartphone-Brand-New/14351850484,Samsung Galaxy A16 4G 128GB 4GB RAM | 6.7” AMOLED 90Hz Display | GSM unlocked Dual SIM International Version Android Smartphone (Brand New),All Samsung Galaxy Unlocked Phones,5.0,No title,easy to use,10-02-2025,True,0.0,0.0,barbara,English,Seller,bazaarvoice
14351850484,Samsung Galaxy A16 4G 128GB 4GB RAM | 6.7” AMOLED 90Hz Display | GSM unlocked Dual SIM International Version Android Smartphone (Brand New),Cell Phones,AWH Wireless LLC,AA96AACD1FD34030B374A92C9757DA24,126.9,IN_STOCK,4.0,728,/ip/Samsung-Galaxy-A16-4G-128GB-4GB-RAM-6-7-AMOLED-90Hz-Display-GSM-unlocked-Dual-SIM-International-Version-Android-Smartphone-Brand-New/14351850484,Samsung Galaxy A16 4G 128GB 4GB RAM | 6.7” AMOLED 90Hz Display | GSM unlocked Dual SIM International Version Android Smartphone (Brand New),All Samsung Galaxy Unlocked Phones,1.0,Not recommended,Not recommended,4/21/2026,No recommendation,0.0,0.0,Shiva,English,Walmart,bazaarvoice
14351850484,Samsung Galaxy A16 4G 128GB 4GB RAM | 6.7” AMOLED 90Hz Display | GSM unlocked Dual SIM International Version Android Smartphone (Brand New),Cell Phones,AWH Wireless LLC,AA96AACD1FD34030B374A92C9757DA24,126.9,IN_STOCK,4.0,728,/ip/Samsung-Galaxy-A16-4G-128GB-4GB-RAM-6-7-AMOLED-90Hz-Display-GSM-unlocked-Dual-SIM-International-Version-Android-Smartphone-Brand-New/14351850484,Samsung Galaxy A16 4G 128GB 4GB RAM | 6.7” AMOLED 90Hz Display | GSM unlocked Dual SIM International Version Android Smartphone (Brand New),All Samsung Galaxy Unlocked Phones,3.0,No title,Do the work,1/26/2026,No recommendation,0.0,0.0,Owen,English,Seller,bazaarvoice
14351850484,Samsung Galaxy A16 4G 128GB 4GB RAM | 6.7” AMOLED 90Hz Display | GSM unlocked Dual SIM International Version Android Smartphone (Brand New),Cell Phones,AWH Wireless LLC,AA96AACD1FD34030B374A92C9757DA24,126.9,IN_STOCK,4.0,728,/ip/Samsung-Galaxy-A16-4G-128GB-4GB-RAM-6-7-AMOLED-90Hz-Display-GSM-unlocked-Dual-SIM-International-Version-Android-Smartphone-Brand-New/14351850484,Samsung Galaxy A16 4G 128GB 4GB RAM | 6.7” AMOLED 90Hz Display | GSM unlocked Dual SIM International Version Android Smartphone (Brand New),All Samsung Galaxy Unlocked Phones,5.0,Good phone,"Nice phone, good price.",1/30/2026,No recommendation,0.0,0.0,Dorine,English,Walmart,bazaarvoice
11632865509,"Straight Talk Apple iPhone 16, 128GB, Black - Prepaid Smartphone [Locked to Straight Talk]",Cell Phones,Walmart.com,F55CDC31AB754BB68FE0B39041159D63,629.0,IN_STOCK,4.4,651,/ip/Straight-Talk-Apple-iPhone-16-128GB-Black-Prepaid-Smartphone-Locked-to-Straight-Talk/11632865509,"Straight Talk Apple iPhone 16, 128GB, Pink - Prepaid Smartphone [Locked to Straight Talk}",Straight Talk iPhone,4.0,It’s a phone!,"Phones are too dang expensive, but I had my last phone for 7 years. I hope this one will last for 10!",1/31/2025,True,0.0,0.0,jami,English,Walmart,bazaarvoice
11632865509,"Straight Talk Apple iPhone 16, 128GB, Black - Prepaid Smartphone [Locked to Straight Talk]",Cell Phones,Walmart.com,F55CDC31AB754BB68FE0B39041159D63,629.0,IN_STOCK,4.4,651,/ip/Straight-Talk-Apple-iPhone-16-128GB-Black-Prepaid-Smartphone-Locked-to-Straight-Talk/11632865509,"Straight Talk Apple iPhone 16, 128GB, Pink - Prepaid Smartphone [Locked to Straight Talk}",Straight Talk iPhone,5.0,💙💙 phone,I love this new phone. It actually works pretty well. Great color phone definitely described as is and great customer service💙💙💙💙 very nice phone,03-12-2025,True,0.0,0.0,Moni35,English,unknown,bazaarvoice
11632865509,"Straight Talk Apple iPhone 16, 128GB, Black - Prepaid Smartphone [Locked to Straight Talk]",Cell Phones,Walmart.com,F55CDC31AB754BB68FE0B39041159D63,629.0,IN_STOCK,4.4,651,/ip/Straight-Talk-Apple-iPhone-16-128GB-Black-Prepaid-Smartphone-Locked-to-Straight-Talk/11632865509,"Straight Talk Apple iPhone 16, 128GB, Pink - Prepaid Smartphone [Locked to Straight Talk}",Straight Talk iPhone,4.0,Switched,"First iPhone, not bad decent and easy userface, but it’s not an android and I am partial to androids.",12-03-2024,True,0.0,0.0,Jonathan R,English,unknown,bazaarvoice
11632865509,"Straight Talk Apple iPhone 16, 128GB, Black - Prepaid Smartphone [Locked to Straight Talk]",Cell Phones,Walmart.com,F55CDC31AB754BB68FE0B39041159D63,629.0,IN_STOCK,4.4,651,/ip/Straight-Talk-Apple-iPhone-16-128GB-Black-Prepaid-Smartphone-Locked-to-Straight-Talk/11632865509,"Straight Talk Apple iPhone 16, 128GB, Pink - Prepaid Smartphone [Locked to Straight Talk}",Straight Talk iPhone,5.0,great purchase,The phone came quickly and in great condition. The phone itself is very user-friendly. The camera quality is amazing!,11/16/2024,No recommendation,0.0,0.0,jaida,English,Walmart,bazaarvoice
11632865509,"Straight Talk Apple iPhone 16, 128GB, Black - Prepaid Smartphone [Locked to Straight Talk]",Cell Phones,Walmart.com,F55CDC31AB754BB68FE0B39041159D63,629.0,IN_STOCK,4.4,651,/ip/Straight-Talk-Apple-iPhone-16-128GB-Black-Prepaid-Smartphone-Locked-to-Straight-Talk/11632865509,"Straight Talk Apple iPhone 16, 128GB, Pink - Prepaid Smartphone [Locked to Straight Talk}",Straight Talk iPhone,4.0,Great Product,"I switched from the 2nd gen SE so there are a few things to get used to, but overall, its a great phone.",2/27/2025,True,0.0,0.0,Unknown,English,unknown,bazaarvoice
11632865509,"Straight Talk Apple iPhone 16, 128GB, Black - Prepaid Smartphone [Locked to Straight Talk]",Cell Phones,Walmart.com,F55CDC31AB754BB68FE0B39041159D63,629.0,IN_STOCK,4.4,651,/ip/Straight-Talk-Apple-iPhone-16-128GB-Black-Prepaid-Smartphone-Locked-to-Straight-Talk/11632865509,"Straight Talk Apple iPhone 16, 128GB, Pink - Prepaid Smartphone [Locked to Straight Talk}",Straight Talk iPhone,5.0,Excellent value,"Great value of a phone, I don't care for certain things like the silent button I miss the switch far easier not to bump.",10/31/2024,True,0.0,0.0,Unknown,English,unknown,bazaarvoice
11632865509,"Straight Talk Apple iPhone 16, 128GB, Black - Prepaid Smartphone [Locked to Straight Talk]",Cell Phones,Walmart.com,F55CDC31AB754BB68FE0B39041159D63,629.0,IN_STOCK,4.4,651,/ip/Straight-Talk-Apple-iPhone-16-128GB-Black-Prepaid-Smartphone-Locked-to-Straight-Talk/11632865509,"Straight Talk Apple iPhone 16, 128GB, Pink - Prepaid Smartphone [Locked to Straight Talk}",Straight Talk iPhone,5.0,iPhone 16 128GB,"I love it very happy with my purchase!
And my iPhone was delivered early! 
I did have to switch from straight talk to total wireless straight talk because they were not compatible",12-08-2024,No recommendation,1.0,3.0,Jen,English,Walmart,bazaarvoice
11632865509,"Straight Talk Apple iPhone 16, 128GB, Black - Prepaid Smartphone [Locked to Straight Talk]",Cell Phones,Walmart.com,F55CDC31AB754BB68FE0B39041159D63,629.0,IN_STOCK,4.4,651,/ip/Straight-Talk-Apple-iPhone-16-128GB-Black-Prepaid-Smartphone-Locked-to-Straight-Talk/11632865509,"Straight Talk Apple iPhone 16, 128GB, Pink - Prepaid Smartphone [Locked to Straight Talk}",Straight Talk iPhone,5.0,Activation,I love everything about my phone. It was easy to activate and I was able to keep my number,12/30/2024,True,0.0,0.0,Pink_3,English,unknown,bazaarvoice
11632865509,"Straight Talk Apple iPhone 16, 128GB, Black - Prepaid Smartphone [Locked to Straight Talk]",Cell Phones,Walmart.com,F55CDC31AB754BB68FE0B39041159D63,629.0,IN_STOCK,4.4,651,/ip/Straight-Talk-Apple-iPhone-16-128GB-Black-Prepaid-Smartphone-Locked-to-Straight-Talk/11632865509,"Straight Talk Apple iPhone 16, 128GB, Pink - Prepaid Smartphone [Locked to Straight Talk}",Straight Talk iPhone,5.0,In love,I love my new phone. I love the color options and was not hard to setup.,10-06-2024,True,0.0,0.0,Nicole l,English,unknown,bazaarvoice
11632865509,"Straight Talk Apple iPhone 16, 128GB, Black - Prepaid Smartphone [Locked to Straight Talk]",Cell Phones,Walmart.com,F55CDC31AB754BB68FE0B39041159D63,629.0,IN_STOCK,4.4,651,/ip/Straight-Talk-Apple-iPhone-16-128GB-Black-Prepaid-Smartphone-Locked-to-Straight-Talk/11632865509,"Straight Talk Apple iPhone 16, 128GB, Pink - Prepaid Smartphone [Locked to Straight Talk}",Straight Talk iPhone,5.0,Great phone,Works very well and has much better reception than my iPhone 7.,12/30/2024,No recommendation,0.0,0.0,MLC64,English,unknown,bazaarvoice
11632865509,"Straight Talk Apple iPhone 16, 128GB, Black - Prepaid Smartphone [Locked to Straight Talk]",Cell Phones,Walmart.com,F55CDC31AB754BB68FE0B39041159D63,629.0,IN_STOCK,4.4,651,/ip/Straight-Talk-Apple-iPhone-16-128GB-Black-Prepaid-Smartphone-Locked-to-Straight-Talk/11632865509,"Straight Talk Apple iPhone 16, 128GB, Black - Prepaid Smartphone [Locked to Straight Talk]",Straight Talk iPhone,5.0,No title,"I really like my iPhone 16. I bought it from Walmart and it arrived way sooner than I was told. I wanted a phone with a great camera and this is it! It’s also the perfect size, not too big or heavy. 
If you are looking for a great iPhone without paying a lot of money, get you an iPhone 16, I love it! And Walmart makes it so easy and hassle free.",2/13/2026,No recommendation,0.0,0.0,janita,English,Walmart,bazaarvoice
11632865509,"Straight Talk Apple iPhone 16, 128GB, Black - Prepaid Smartphone [Locked to Straight Talk]",Cell Phones,Walmart.com,F55CDC31AB754BB68FE0B39041159D63,629.0,IN_STOCK,4.4,651,/ip/Straight-Talk-Apple-iPhone-16-128GB-Black-Prepaid-Smartphone-Locked-to-Straight-Talk/11632865509,"Straight Talk Apple iPhone 16, 128GB, Black - Prepaid Smartphone [Locked to Straight Talk]",Straight Talk iPhone,1.0,FedEx stole my package,"Do not order a phone thru Walmart they use fedex for shipping. I attempted to order a phone thru them, first one I ordered they updated the tracking tummy the package was damaged and could not be delivered. I had to call Walmart who refunded my money immediately because they could see the tracking note. I turned around and ordered the same phone and although it required a signature, they delivered an empty box that was clearly tampered with. The tamper proof tape was clearly cut open and then retaped with clear tape. I called FedEx who told me to call Walmart. I called Walmart who gave me the run around for almost a month. They promised repeatedly they would give me my money back, even had managers promise to get me my money back. I finally called my credit card company and they were able to file a claim and finally close the dispute and credit me back my money.  There have been hundreds of reports of FedEx employees stealing items and delivering empty boxes. I walked into best buy and got this phone and a phone case for $50 cheaper than what I paid on Walmart.com and was able to walk out the store with the phone. I just bought a $5 bring your device card they straight talk. If this happens to you, first thing you should do (which I didn’t), is file a police report.",1/19/2026,No recommendation,2.0,2.0,Jessica,English,Walmart,bazaarvoice
11632865509,"Straight Talk Apple iPhone 16, 128GB, Black - Prepaid Smartphone [Locked to Straight Talk]",Cell Phones,Walmart.com,F55CDC31AB754BB68FE0B39041159D63,629.0,IN_STOCK,4.4,651,/ip/Straight-Talk-Apple-iPhone-16-128GB-Black-Prepaid-Smartphone-Locked-to-Straight-Talk/11632865509,"Straight Talk Apple iPhone 16, 128GB, Black - Prepaid Smartphone [Locked to Straight Talk]",Straight Talk iPhone,5.0,No title,It was very simple to switch over data from my previous iPhone. I enjoy the larger screen as well as the longer battery life.,10/21/2025,No recommendation,2.0,0.0,anonymous,English,Walmart,bazaarvoice
11632865509,"Straight Talk Apple iPhone 16, 128GB, Black - Prepaid Smartphone [Locked to Straight Talk]",Cell Phones,Walmart.com,F55CDC31AB754BB68FE0B39041159D63,629.0,IN_STOCK,4.4,651,/ip/Straight-Talk-Apple-iPhone-16-128GB-Black-Prepaid-Smartphone-Locked-to-Straight-Talk/11632865509,"Straight Talk Apple iPhone 16, 128GB, Black - Prepaid Smartphone [Locked to Straight Talk]",Straight Talk iPhone,5.0,New Apple iphone 16,Great phone. My daughter loves it. We are new users of iphone but simple to use for first time.,3/29/2025,True,0.0,0.0,MikeyW,English,unknown,bazaarvoice
11632865509,"Straight Talk Apple iPhone 16, 128GB, Black - Prepaid Smartphone [Locked to Straight Talk]",Cell Phones,Walmart.com,F55CDC31AB754BB68FE0B39041159D63,629.0,IN_STOCK,4.4,651,/ip/Straight-Talk-Apple-iPhone-16-128GB-Black-Prepaid-Smartphone-Locked-to-Straight-Talk/11632865509,"Straight Talk Apple iPhone 16, 128GB, Pink - Prepaid Smartphone [Locked to Straight Talk}",Straight Talk iPhone,5.0,No title,This iPhone 16 is great for straight talk. It took it a while to activate with straight talk person.,05-04-2026,No recommendation,0.0,0.0,anonymous,English,Walmart,bazaarvoice
11632865509,"Straight Talk Apple iPhone 16, 128GB, Black - Prepaid Smartphone [Locked to Straight Talk]",Cell Phones,Walmart.com,F55CDC31AB754BB68FE0B39041159D63,629.0,IN_STOCK,4.4,651,/ip/Straight-Talk-Apple-iPhone-16-128GB-Black-Prepaid-Smartphone-Locked-to-Straight-Talk/11632865509,"Straight Talk Apple iPhone 16, 128GB, Pink - Prepaid Smartphone [Locked to Straight Talk}",Straight Talk iPhone,5.0,No title,I have had good service with Straight Talk talk for several years. Difficult to get honest price comparisons for iphones. In store availability is very poor at Walmart for most any phone.,2/16/2026,No recommendation,0.0,0.0,WalmartCustomer,English,unknown,bazaarvoice
11632865509,"Straight Talk Apple iPhone 16, 128GB, Black - Prepaid Smartphone [Locked to Straight Talk]",Cell Phones,Walmart.com,F55CDC31AB754BB68FE0B39041159D63,629.0,IN_STOCK,4.4,651,/ip/Straight-Talk-Apple-iPhone-16-128GB-Black-Prepaid-Smartphone-Locked-to-Straight-Talk/11632865509,"Straight Talk Apple iPhone 16, 128GB, Black - Prepaid Smartphone [Locked to Straight Talk]",Straight Talk iPhone,1.0,Not worth the price.,"i AM WANTING TO RETURN THIS PHONE. IT HAS BEEN A NIGHTMARE. 
I cannot tell any difference in this i phone 16 to my Iphone 12",07-10-2025,False,2.0,0.0,Glenda,English,Walmart,bazaarvoice
11632865509,"Straight Talk Apple iPhone 16, 128GB, Black - Prepaid Smartphone [Locked to Straight Talk]",Cell Phones,Walmart.com,F55CDC31AB754BB68FE0B39041159D63,629.0,IN_STOCK,4.4,651,/ip/Straight-Talk-Apple-iPhone-16-128GB-Black-Prepaid-Smartphone-Locked-to-Straight-Talk/11632865509,"Straight Talk Apple iPhone 16, 128GB, Pink - Prepaid Smartphone [Locked to Straight Talk}",Straight Talk iPhone,3.0,Good,I like apple products rather than android. I feel like the smaller screen is definitely a negative as I prefer the larger screen.,3/23/2026,False,0.0,0.0,Nichole1917,English,unknown,bazaarvoice
11632865509,"Straight Talk Apple iPhone 16, 128GB, Black - Prepaid Smartphone [Locked to Straight Talk]",Cell Phones,Walmart.com,F55CDC31AB754BB68FE0B39041159D63,629.0,IN_STOCK,4.4,651,/ip/Straight-Talk-Apple-iPhone-16-128GB-Black-Prepaid-Smartphone-Locked-to-Straight-Talk/11632865509,"Straight Talk Apple iPhone 16, 128GB, Black - Prepaid Smartphone [Locked to Straight Talk]",Straight Talk iPhone,1.0,Fraud attempt,Product charge to credit card was pure fraud.....item was not signed for when FedX tried to deliver... whole exercise was a waste!  Dislike marketing method.,5/24/2025,False,2.0,1.0,Robert,English,Walmart,bazaarvoice
11632865509,"Straight Talk Apple iPhone 16, 128GB, Black - Prepaid Smartphone [Locked to Straight Talk]",Cell Phones,Walmart.com,F55CDC31AB754BB68FE0B39041159D63,629.0,IN_STOCK,4.4,651,/ip/Straight-Talk-Apple-iPhone-16-128GB-Black-Prepaid-Smartphone-Locked-to-Straight-Talk/11632865509,"Straight Talk Apple iPhone 16, 128GB, Black - Prepaid Smartphone [Locked to Straight Talk]",Straight Talk iPhone,1.0,Don’t order from Walmart!,I can’t give a review about the phone because when the package arrived all I got was an empty box no phone!!  I will never order anything expensive online ever again from Walmart!!,12/13/2025,No recommendation,1.0,1.0,Brittany,English,Walmart,bazaarvoice
15178507679,"Walmart Family Mobile Samsung Galaxy A16, 128GB, 5G, Black - Prepaid Smartphone [Locked to Walmart Famliy Mobile]",Cell Phones,VIPOUTLET,66656029CC6541CBADDFA17547A98DE0,49.0,IN_STOCK,4.3,510,/ip/Walmart-Family-Mobile-Samsung-A16-128GB-5G-Bkack-Prepaid-Smartphone-Locked-to-Walmart-Famliy-Mobile/15178507679,"Walmart Family Mobile Samsung A16, 128GB, 5G, Bkack - Prepaid Smartphone [Locked to Walmart Famliy Mobile]",All Samsung Galaxy Prepaid Phones,3.0,No title,"Ok. Where to start..lol. It's just OK 🤷. I got the samsung Galaxy A16 5g and a walmart family plan. I switched from a pixel 7a and goigle fi. 
 The phone: Havnt had much time with it yet, but heres my review so far: The phone came new in box with IMEI%23 and nano sim already in it. It's bigger and clunkier than what I'm used to. Holding it in my small hads is uncomfortable (it even kinda hurts my hand to hold it smh). As another reviewer mentioned, the keyboard keys are very small , especially for a phone this big.  Emojis and graphics are a downgrade. Again, ..havnt had much time with it, but it already looks and feels like a downgrade. Im wishing i would have spent a little more money and gotten a better, smaller phone 🤷. 
 Samsung tried to make it easy to transfer info from my old phone to new. Make sure your new number port is complete and phone is activated 1st. Use your old phone to set it up or youll be jumping through hoops and beyond frustrated with the whole process. 
Transporting my number from Google Fi was a pain. I asked Gemini how to get my transfer account and pin from googke fi. It was correct info, but it failed when i went to try to use the walmart system to port my number. I had to call customer service and had them push it (not walmarts fault. They said google fi gave me an incorrect account%23🙄) . I spent at least an hr trying to get it all done.  
The service: Google fi uses T-Mobile service, and i always had 5 bars with my old service. I did my homework and did the whole ""carrier map"" search for which service was best in my area. I thought T-mobile was the best for my area, but the version map  showed  better coverage here. I only have 2 bars now. Found out the hard way... verizon map lied smh.  Now for the pros. The cost. The phone was on sale for $60 😳. But the reviews made me feel it would be a good purchase. I paid $500 for my pixel (which i had for about 2 1/2 -3 years but it dropped, cracked, and started falling apart) so i had to get another phone. 
The walmart  plan: $20 for 4gigs  (ive only used 3gigs at most on my old plan because im on wifi MOST of the time). I was paying $50 for unlimited (why? IDK 🤷‍♀️ lol). So i paid $60 instead of hundreds for a new pixel, and saved $30/mo on the new plan. Was it worth it? Not sure just yet but so far this phone feels really clunky and is already making me rethink it. I'd hate having to switch phones and go through this process all over again 🙄 but i might just go buy a better phone 🤷‍♀️. We'll see how well it goes using walmart family plan and Verizon after a month or so. If the service ends up sucking i might be looking elsewhere. As far as the phone... If you dont like clunky phones, you won't like this one 🤷‍♀️.  I guess cheaper aint always better. Even when the reviews are good.",3/23/2026,False,0.0,0.0,AmberLove,English,Walmart,bazaarvoice
15178507679,"Walmart Family Mobile Samsung Galaxy A16, 128GB, 5G, Black - Prepaid Smartphone [Locked to Walmart Famliy Mobile]",Cell Phones,VIPOUTLET,66656029CC6541CBADDFA17547A98DE0,49.0,IN_STOCK,4.3,510,/ip/Walmart-Family-Mobile-Samsung-A16-128GB-5G-Bkack-Prepaid-Smartphone-Locked-to-Walmart-Famliy-Mobile/15178507679,"Walmart Family Mobile Samsung A16, 128GB, 5G, Bkack - Prepaid Smartphone [Locked to Walmart Famliy Mobile]",All Samsung Galaxy Prepaid Phones,5.0,No title,"Honestly, this budget phone has surpassed my expectations. Both video and picture quality are exceptional. I especially like being able to send documents and/or pictures  directly to my printer using a wireless wifi connection . There are many more quality features you would expect to find only in much more expensive phones, but you'll just have to find these out for yourself. My phone came with Android 14. But within about 30 days or so, I received 2 upgrades:  It was first upgraded to Android 15, then to Android 16. Android 16 was a bit buggy, but soon after the upgrade, I received  updates that took care of many of those bugs. Also, some of my installed apps needed to be updated to the most current version in order accommodate Android 16, as some of my apps no longer work properly after the upgrade. So I contacted the venders to request app updates that would work with Android 16. Once I did this and then downloaded and installed the updates, my apps worked just fine. I told the vender exactly what trouble I was having under Android 16, and they quickly fixed the problem with updates. Is the Galaxy A16 128 5G phone worth price? Absolutely. It comes with a brighter screen, making it easier to see in bright sunlight, plus 128GB on-board storage memory, twice of what I had before. The three installed cameras also do a pretty good job of taking quality pictures or making quality videos. So for the price, it's a really good deal.",12/14/2025,True,0.0,0.0,Ricky,English,Walmart,bazaarvoice
15178507679,"Walmart Family Mobile Samsung Galaxy A16, 128GB, 5G, Black - Prepaid Smartphone [Locked to Walmart Famliy Mobile]",Cell Phones,VIPOUTLET,66656029CC6541CBADDFA17547A98DE0,49.0,IN_STOCK,4.3,510,/ip/Walmart-Family-Mobile-Samsung-A16-128GB-5G-Bkack-Prepaid-Smartphone-Locked-to-Walmart-Famliy-Mobile/15178507679,"Walmart Family Mobile Samsung A16, 128GB, 5G, Bkack - Prepaid Smartphone [Locked to Walmart Famliy Mobile]",All Samsung Galaxy Prepaid Phones,4.0,No title,I don't feel like it's a reliable phone but I haven't had it but a day but it seems to have a glitch.it took a little longer to get here than amazon,5/23/2025,No recommendation,2.0,0.0,Andrea,English,unknown,bazaarvoice
15178507679,"Walmart Family Mobile Samsung Galaxy A16, 128GB, 5G, Black - Prepaid Smartphone [Locked to Walmart Famliy Mobile]",Cell Phones,VIPOUTLET,66656029CC6541CBADDFA17547A98DE0,49.0,IN_STOCK,4.3,510,/ip/Walmart-Family-Mobile-Samsung-A16-128GB-5G-Bkack-Prepaid-Smartphone-Locked-to-Walmart-Famliy-Mobile/15178507679,"Walmart Family Mobile Samsung A16, 128GB, 5G, Bkack - Prepaid Smartphone [Locked to Walmart Famliy Mobile]",All Samsung Galaxy Prepaid Phones,3.0,POOR BATTERY PERFORMANCE,"i have two major complaints about this phone. 1. The volume doesn't go as high as I would like it to.
2. The battery dies way too fasr. I have to constantly keep it charged up.
3. I don't recommend it at all, and regret purchasing it.",12/19/2025,False,0.0,0.0,Debbie27,English,Walmart,bazaarvoice
15178507679,"Walmart Family Mobile Samsung Galaxy A16, 128GB, 5G, Black - Prepaid Smartphone [Locked to Walmart Famliy Mobile]",Cell Phones,VIPOUTLET,66656029CC6541CBADDFA17547A98DE0,49.0,IN_STOCK,4.3,510,/ip/Walmart-Family-Mobile-Samsung-A16-128GB-5G-Bkack-Prepaid-Smartphone-Locked-to-Walmart-Famliy-Mobile/15178507679,"Walmart Family Mobile Samsung A16, 128GB, 5G, Bkack - Prepaid Smartphone [Locked to Walmart Famliy Mobile]",All Samsung Galaxy Prepaid Phones,4.0,Very good phone for only $100,"Was switching to family mobile and needed a phone for a second line. The A16 had the best specs at the price point. Ample amounts of storage that can be expanded with a micro SD card. Has NFC, 128gb storage, 4gb ram, and 50mp camera.",12/15/2025,True,0.0,0.0,Catlin,English,Walmart,bazaarvoice
15178507679,"Walmart Family Mobile Samsung Galaxy A16, 128GB, 5G, Black - Prepaid Smartphone [Locked to Walmart Famliy Mobile]",Cell Phones,VIPOUTLET,66656029CC6541CBADDFA17547A98DE0,49.0,IN_STOCK,4.3,510,/ip/Walmart-Family-Mobile-Samsung-A16-128GB-5G-Bkack-Prepaid-Smartphone-Locked-to-Walmart-Famliy-Mobile/15178507679,"Walmart Family Mobile Samsung A16, 128GB, 5G, Bkack - Prepaid Smartphone [Locked to Walmart Famliy Mobile]",All Samsung Galaxy Prepaid Phones,5.0,Samsung A16,"My A16 was easy to set up, and transfer my info and settings from my old device. And Walmart Family Mobile made the service tranfer quick and painless. I plan on continuing with Walmart Family Mobile and Samsung devices for a very long time.",11-05-2025,True,0.0,0.0,David,English,Walmart,bazaarvoice
15178507679,"Walmart Family Mobile Samsung Galaxy A16, 128GB, 5G, Black - Prepaid Smartphone [Locked to Walmart Famliy Mobile]",Cell Phones,VIPOUTLET,66656029CC6541CBADDFA17547A98DE0,49.0,IN_STOCK,4.3,510,/ip/Walmart-Family-Mobile-Samsung-A16-128GB-5G-Bkack-Prepaid-Smartphone-Locked-to-Walmart-Famliy-Mobile/15178507679,"Walmart Family Mobile Samsung A16, 128GB, 5G, Bkack - Prepaid Smartphone [Locked to Walmart Famliy Mobile]",All Samsung Galaxy Prepaid Phones,3.0,No title,Cell phone is ok but prefer Samsung  Galaxy A05S.  Cell is not as accurate  and not very easy to use. Instructions  are also very confusing would not buy again,5/21/2026,No recommendation,0.0,0.0,Endy,English,Walmart,bazaarvoice
15178507679,"Walmart Family Mobile Samsung Galaxy A16, 128GB, 5G, Black - Prepaid Smartphone [Locked to Walmart Famliy Mobile]",Cell Phones,VIPOUTLET,66656029CC6541CBADDFA17547A98DE0,49.0,IN_STOCK,4.3,510,/ip/Walmart-Family-Mobile-Samsung-A16-128GB-5G-Bkack-Prepaid-Smartphone-Locked-to-Walmart-Famliy-Mobile/15178507679,"Walmart Family Mobile Samsung A16, 128GB, 5G, Bkack - Prepaid Smartphone [Locked to Walmart Famliy Mobile]",All Samsung Galaxy Prepaid Phones,4.0,Great phone!,"This phone is great, I got it for my fiancé and he loved it. Though the data for this phone compared to his last is a bit glitchy. Other than that it's a great phone. Battery lasts long and is a strong phone.",3/17/2026,No recommendation,0.0,0.0,Shoshone,English,Walmart,bazaarvoice
15178507679,"Walmart Family Mobile Samsung Galaxy A16, 128GB, 5G, Black - Prepaid Smartphone [Locked to Walmart Famliy Mobile]",Cell Phones,VIPOUTLET,66656029CC6541CBADDFA17547A98DE0,49.0,IN_STOCK,4.3,510,/ip/Walmart-Family-Mobile-Samsung-A16-128GB-5G-Bkack-Prepaid-Smartphone-Locked-to-Walmart-Famliy-Mobile/15178507679,"Walmart Family Mobile Samsung A16, 128GB, 5G, Bkack - Prepaid Smartphone [Locked to Walmart Famliy Mobile]",All Samsung Galaxy Prepaid Phones,5.0,No title,Easy online activation to verizon phone here on walmart family mobile website with same phone number. A few easy steps and under an hour can switch cellular phone and new sim.,04-03-2026,True,0.0,0.0,wesley,English,Walmart,bazaarvoice
15178507679,"Walmart Family Mobile Samsung Galaxy A16, 128GB, 5G, Black - Prepaid Smartphone [Locked to Walmart Famliy Mobile]",Cell Phones,VIPOUTLET,66656029CC6541CBADDFA17547A98DE0,49.0,IN_STOCK,4.3,510,/ip/Walmart-Family-Mobile-Samsung-A16-128GB-5G-Bkack-Prepaid-Smartphone-Locked-to-Walmart-Famliy-Mobile/15178507679,"Walmart Family Mobile Samsung A16, 128GB, 5G, Bkack - Prepaid Smartphone [Locked to Walmart Famliy Mobile]",All Samsung Galaxy Prepaid Phones,1.0,4 gb ram NOT 8 gb ram as described,NOT 8gb ram. its 4 gb ram. misleading description on half the specs. returning it for a more accurately described phone. ai sucks if thats why it listed wrong specs. its not even virtual ram either. straight lies.,05-05-2026,False,0.0,0.0,Tera,English,Walmart,bazaarvoice
5243845836,"Tracfone Moto G Play 4G 2024, 64GB, Black - Prepaid Smartphone [Locked to Tracfone]",Cell Phones,Walmart.com,F55CDC31AB754BB68FE0B39041159D63,39.88,IN_STOCK,3.8,1134,/ip/Tracfone-Moto-G-Play-4G-2024-64GB-Black-Prepaid-Smartphone-Locked-to-Tracfone/5243845836,"Tracfone Moto G Play 4G 2024, 64GB, Black - Prepaid Smartphone [Locked to Tracfone]",Prepaid Android phones,5.0,No title,"It is a Christmas gift, so I really don't know about the satisfaction question yet. The buzzer went off on me went I walked out the door, so I am wondering if it was not swiped correctly and I may have to return to the store before I can have it turned on with Tracfone.",12/18/2024,No recommendation,0.0,0.0,WalmartCustomer,English,unknown,bazaarvoice
5243845836,"Tracfone Moto G Play 4G 2024, 64GB, Black - Prepaid Smartphone [Locked to Tracfone]",Cell Phones,Walmart.com,F55CDC31AB754BB68FE0B39041159D63,39.88,IN_STOCK,3.8,1134,/ip/Tracfone-Moto-G-Play-4G-2024-64GB-Black-Prepaid-Smartphone-Locked-to-Tracfone/5243845836,"Tracfone Moto G Play 4G 2024, 64GB, Black - Prepaid Smartphone [Locked to Tracfone]",Prepaid Android phones,1.0,Something simple became a hassle.,When this was shipped it was not scanned for activation so I could not activate the phone niether could the factory representative. I spent 30 minutes trying to speak with someone at walmart.com customer service and they suggested taking it to a store to see if they could activate it there but they couldn't help either so I opted to return and get a refund after wasting over 2 hours of time I can't get back.,11/24/2024,No recommendation,0.0,0.0,scott,English,Walmart,bazaarvoice
5243845836,"Tracfone Moto G Play 4G 2024, 64GB, Black - Prepaid Smartphone [Locked to Tracfone]",Cell Phones,Walmart.com,F55CDC31AB754BB68FE0B39041159D63,39.88,IN_STOCK,3.8,1134,/ip/Tracfone-Moto-G-Play-4G-2024-64GB-Black-Prepaid-Smartphone-Locked-to-Tracfone/5243845836,"Tracfone Moto G Play 4G 2024, 64GB, Black - Prepaid Smartphone [Locked to Tracfone]",Prepaid Android phones,1.0,Can't activate,I strongly suggest not buying a phone through the app. I had no choice but to order it through the app and it wasn't scanned properly somehow. Walmart can't guarantee that it's going to be scanned properly either. I hope customers read reviews before they buy something.,1/18/2025,No recommendation,0.0,0.0,Erin,English,Walmart,bazaarvoice
5243845836,"Tracfone Moto G Play 4G 2024, 64GB, Black - Prepaid Smartphone [Locked to Tracfone]",Cell Phones,Walmart.com,F55CDC31AB754BB68FE0B39041159D63,39.88,IN_STOCK,3.8,1134,/ip/Tracfone-Moto-G-Play-4G-2024-64GB-Black-Prepaid-Smartphone-Locked-to-Tracfone/5243845836,"Tracfone Moto G Play 4G 2024, 64GB, Black - Prepaid Smartphone [Locked to Tracfone]",Prepaid Android phones,1.0,Horrible situation,"Unfortunately the phone was not scanned properly at Walmart so my son was not able to activate it.  Unfortunately, I paid to have it delivered to him ($19.99 for express delivery).  He does not drive and it is a 45 minute walk to the store in the dark.  I spoke with someone via chat and they told me that it needs to be returned to the store.  Terrible!!!  I suggested that the item be picked up and then taken to the store and scanned properly--THAT IS WHAT I PAID FOR...  The chat associate said that that was not a possibility--but maybe if I called the store.  She gave me the ""hotline"" number to the store, but no one answered.  I have been waiting on the line for over an hour and no one has picked up.",12/15/2024,No recommendation,0.0,0.0,Kathy,English,Walmart,bazaarvoice
5243845836,"Tracfone Moto G Play 4G 2024, 64GB, Black - Prepaid Smartphone [Locked to Tracfone]",Cell Phones,Walmart.com,F55CDC31AB754BB68FE0B39041159D63,39.88,IN_STOCK,3.8,1134,/ip/Tracfone-Moto-G-Play-4G-2024-64GB-Black-Prepaid-Smartphone-Locked-to-Tracfone/5243845836,"Tracfone Moto G Play 4G 2024, 64GB, Black - Prepaid Smartphone [Locked to Tracfone]",Prepaid Android phones,1.0,NOT SCANNING  TRACFONES AT STORE,the first phone was not scanned at the store tracfone told me to go to the store and get a phone  and i did and the new phone as per tracfone was not scanned neither. This is not a joke. I was on the phone for over four hours between tracfone and walmart and two phones  later still no phone working and was told to take this phone back to store. Is there someone there that can help?,1/28/2025,False,0.0,0.0,robert,English,Walmart,bazaarvoice
5243845836,"Tracfone Moto G Play 4G 2024, 64GB, Black - Prepaid Smartphone [Locked to Tracfone]",Cell Phones,Walmart.com,F55CDC31AB754BB68FE0B39041159D63,39.88,IN_STOCK,3.8,1134,/ip/Tracfone-Moto-G-Play-4G-2024-64GB-Black-Prepaid-Smartphone-Locked-to-Tracfone/5243845836,"Tracfone Moto G Play 4G 2024, 64GB, Black - Prepaid Smartphone [Locked to Tracfone]",Prepaid Android phones,1.0,Items brought to vehicle not scanned at register?,"I called TracFone to activate the phone %26 was told that it could not be activated because it wasn't scanned at the store. I was told to return phone to Walmart, when I got to Walmart, I was told that this happens %26 there is nothing they can do. I talked to 5 employees, someone finally said just return her money. This was done somewhat begrudgingly.",12/19/2024,No recommendation,0.0,0.0,CORRIE,English,Walmart,bazaarvoice
5243845836,"Tracfone Moto G Play 4G 2024, 64GB, Black - Prepaid Smartphone [Locked to Tracfone]",Cell Phones,Walmart.com,F55CDC31AB754BB68FE0B39041159D63,39.88,IN_STOCK,3.8,1134,/ip/Tracfone-Moto-G-Play-4G-2024-64GB-Black-Prepaid-Smartphone-Locked-to-Tracfone/5243845836,"Tracfone Moto G Play 4G 2024, 64GB, Black - Prepaid Smartphone [Locked to Tracfone]",Prepaid Android phones,4.0,Nice Phone. Barcode issues. Not nice pickup.,"Like other people, I got this from the Pickup area. Barcodes were not scanned in correctly. Had to return to Walmart. Get a refund, Repurchase it, Get the codes scanned in AGAIN. I still had to spend around thirty minutes getting the number transferred.",02-06-2025,True,0.0,0.0,William,English,Walmart,bazaarvoice
5243845836,"Tracfone Moto G Play 4G 2024, 64GB, Black - Prepaid Smartphone [Locked to Tracfone]",Cell Phones,Walmart.com,F55CDC31AB754BB68FE0B39041159D63,39.88,IN_STOCK,3.8,1134,/ip/Tracfone-Moto-G-Play-4G-2024-64GB-Black-Prepaid-Smartphone-Locked-to-Tracfone/5243845836,"Tracfone Moto G Play 4G 2024, 64GB, Black - Prepaid Smartphone [Locked to Tracfone]",Prepaid Android phones,5.0,"Great phone, don't get it delivered","The phone works great and I love it.  However, DO NOT HAVE IT DELIVERED from the store!!!  I had it delivered and could not activate it, Tracfone said it had not been scanned correctly and I had to go to Walmart to fix it.  My Walmart said they had to do a return for the phone and it had to be factoy reset before they could do it and am glad I took a pic of the receipt.  It took a long time.  Then I had to go to the electronics dept who quickly got me the phone I wanted and assured me it would activate fine and I could call from their phone if I wanted.",10/19/2024,No recommendation,0.0,0.0,Kat,English,Walmart,bazaarvoice
5243845836,"Tracfone Moto G Play 4G 2024, 64GB, Black - Prepaid Smartphone [Locked to Tracfone]",Cell Phones,Walmart.com,F55CDC31AB754BB68FE0B39041159D63,39.88,IN_STOCK,3.8,1134,/ip/Tracfone-Moto-G-Play-4G-2024-64GB-Black-Prepaid-Smartphone-Locked-to-Tracfone/5243845836,"Tracfone Moto G Play 4G 2024, 64GB, Black - Prepaid Smartphone [Locked to Tracfone]",Prepaid Android phones,1.0,No title,"I was given the device without it being properly scanned at the cash register. after 3 days of working with TracFone , they told me that I needed to take the device back to Walmart and get it scanned. without it being scanned, they won't register it online.",10-04-2024,No recommendation,0.0,0.0,JoeB,English,Walmart,bazaarvoice
5243845836,"Tracfone Moto G Play 4G 2024, 64GB, Black - Prepaid Smartphone [Locked to Tracfone]",Cell Phones,Walmart.com,F55CDC31AB754BB68FE0B39041159D63,39.88,IN_STOCK,3.8,1134,/ip/Tracfone-Moto-G-Play-4G-2024-64GB-Black-Prepaid-Smartphone-Locked-to-Tracfone/5243845836,"Tracfone Moto G Play 4G 2024, 64GB, Black - Prepaid Smartphone [Locked to Tracfone]",Prepaid Android phones,1.0,No title,I am super frustrated. I've done store pick up for this phone twice now at two different Walmart stores and neither phone can be activated. I have been on the phone and chatted with TracFone both times and they say the phones have not been scanned properly and cannot be activated. Pointless...now for one last attempt I will go inside a store and see if anyone can even wait in e or if the phone is still in stock. Why has Walmart not solved this problem yet?!,10/16/2024,No recommendation,0.0,0.0,jenv,English,Walmart,bazaarvoice
5243845836,"Tracfone Moto G Play 4G 2024, 64GB, Black - Prepaid Smartphone [Locked to Tracfone]",Cell Phones,Walmart.com,F55CDC31AB754BB68FE0B39041159D63,39.88,IN_STOCK,3.8,1134,/ip/Tracfone-Moto-G-Play-4G-2024-64GB-Black-Prepaid-Smartphone-Locked-to-Tracfone/5243845836,"Tracfone Moto G Play 4G 2024, 64GB, Black - Prepaid Smartphone [Locked to Tracfone]",Prepaid Android phones,5.0,Worth it.,"I needed a cheap phone because mine was broken. For the price, quality of the phone, and Tracfone's simple and affordable service make these a great phone for anyone in a pinch or needing a smartphone for whatever reason. It can process slower than the expensive phones. But again for the price. You can't beat it. Be sure not to have delivery it has to be scanned at a wal-mart register to activate. The help numbers tell you the same thing.",02-06-2025,No recommendation,2.0,0.0,anonymous,English,Walmart,bazaarvoice
5243845836,"Tracfone Moto G Play 4G 2024, 64GB, Black - Prepaid Smartphone [Locked to Tracfone]",Cell Phones,Walmart.com,F55CDC31AB754BB68FE0B39041159D63,39.88,IN_STOCK,3.8,1134,/ip/Tracfone-Moto-G-Play-4G-2024-64GB-Black-Prepaid-Smartphone-Locked-to-Tracfone/5243845836,"Tracfone Moto G Play 4G 2024, 64GB, Black - Prepaid Smartphone [Locked to Tracfone]",Prepaid Android phones,5.0,Beyond expectations,My new MOTO G Play Tracfone is a definite upgrade from my last phone.  It is a very good quality phone and works far better than I expected.  I am still learning all of the new features and I have to mention that it was easy to activate with Tracfone's outstanding assistance.  Outstanding performance for a great deal!,2/25/2026,True,0.0,0.0,Ping410,English,unknown,bazaarvoice
5243845836,"Tracfone Moto G Play 4G 2024, 64GB, Black - Prepaid Smartphone [Locked to Tracfone]",Cell Phones,Walmart.com,F55CDC31AB754BB68FE0B39041159D63,39.88,IN_STOCK,3.8,1134,/ip/Tracfone-Moto-G-Play-4G-2024-64GB-Black-Prepaid-Smartphone-Locked-to-Tracfone/5243845836,"Tracfone Moto G Play 4G 2024, 64GB, Black - Prepaid Smartphone [Locked to Tracfone]",Prepaid Android phones,5.0,"Good ""MOTO"" -- including features...","Unlike other people, I mostly use my cell phone to seldomly make/receive calls, therefore; It does what I need it to do. Its not 5G, but than I'm not in that much of a hurry? My biggest complaint: Its to heavy? For those of you who don't need to talk all day and into the night on a single charge, this phone is for YOU!",07-01-2025,True,0.0,0.0,good and plenty,English,unknown,bazaarvoice
5243845836,"Tracfone Moto G Play 4G 2024, 64GB, Black - Prepaid Smartphone [Locked to Tracfone]",Cell Phones,Walmart.com,F55CDC31AB754BB68FE0B39041159D63,39.88,IN_STOCK,3.8,1134,/ip/Tracfone-Moto-G-Play-4G-2024-64GB-Black-Prepaid-Smartphone-Locked-to-Tracfone/5243845836,"Tracfone Moto G Play 4G 2024, 64GB, Black - Prepaid Smartphone [Locked to Tracfone]",Prepaid Android phones,2.0,bad customer service,"It's not the phone. The phone is find. I have problems with it's the store! I placed an order on the 17th. They Add said I could get it in 40 minutes. But when I placed the order. I was told I wouldn't get it to the next day by 10:00pm. I wasn't happy but things happen. I got it the next morning about 9:oo am which was good. I go to activation it and the person who scanned it, don't do it properly. Because I can't get it activation. Now I have to wait for a refund to get back in my bank. Before I can get a tracfone that works. I will be without a phone for at least a week longer",6/20/2025,True,0.0,0.0,Susan,English,Walmart,bazaarvoice
5243845836,"Tracfone Moto G Play 4G 2024, 64GB, Black - Prepaid Smartphone [Locked to Tracfone]",Cell Phones,Walmart.com,F55CDC31AB754BB68FE0B39041159D63,39.88,IN_STOCK,3.8,1134,/ip/Tracfone-Moto-G-Play-4G-2024-64GB-Black-Prepaid-Smartphone-Locked-to-Tracfone/5243845836,"Tracfone Moto G Play 4G 2024, 64GB, Black - Prepaid Smartphone [Locked to Tracfone]",Prepaid Android phones,1.0,No title,I have $120 now tied up in smartphones from Walmart that were not scanned properly at the register and I live an hour away from the store and they can't resolve the issue for me without me driving all the way there which really makes the point of having products delivered absolutely pointless and I can't get a hold of anybody at corporate I would not recommend this corporation to anybody this is ridiculous,2/22/2025,False,4.0,0.0,David,English,Walmart,bazaarvoice
5243845836,"Tracfone Moto G Play 4G 2024, 64GB, Black - Prepaid Smartphone [Locked to Tracfone]",Cell Phones,Walmart.com,F55CDC31AB754BB68FE0B39041159D63,39.88,IN_STOCK,3.8,1134,/ip/Tracfone-Moto-G-Play-4G-2024-64GB-Black-Prepaid-Smartphone-Locked-to-Tracfone/5243845836,"Tracfone Moto G Play 4G 2024, 64GB, Black - Prepaid Smartphone [Locked to Tracfone]",Prepaid Android phones,1.0,No title,"If you buy offline don't waster your time because they don't activate on the retailers end and it's going to give you a bunch of run around and unnecessary phone calls trying to get it activated, and whole time it's The retailer (WALMART) end to just do a simple scan before sending it out to be delivered. Waste of time!",7/25/2025,No recommendation,4.0,0.0,Darci,English,Walmart,bazaarvoice
5243845836,"Tracfone Moto G Play 4G 2024, 64GB, Black - Prepaid Smartphone [Locked to Tracfone]",Cell Phones,Walmart.com,F55CDC31AB754BB68FE0B39041159D63,39.88,IN_STOCK,3.8,1134,/ip/Tracfone-Moto-G-Play-4G-2024-64GB-Black-Prepaid-Smartphone-Locked-to-Tracfone/5243845836,"Tracfone Moto G Play 4G 2024, 64GB, Black - Prepaid Smartphone [Locked to Tracfone]",Prepaid Android phones,1.0,Incompetent driver and employee,"I received same-day delivery from walmart.com my driver showed up two hours late as well as the phone wasn't scanned and Therefore, I could not activate it!",2/22/2025,No recommendation,4.0,0.0,Heather,English,Walmart,bazaarvoice
5243845836,"Tracfone Moto G Play 4G 2024, 64GB, Black - Prepaid Smartphone [Locked to Tracfone]",Cell Phones,Walmart.com,F55CDC31AB754BB68FE0B39041159D63,39.88,IN_STOCK,3.8,1134,/ip/Tracfone-Moto-G-Play-4G-2024-64GB-Black-Prepaid-Smartphone-Locked-to-Tracfone/5243845836,"Tracfone Moto G Play 4G 2024, 64GB, Black - Prepaid Smartphone [Locked to Tracfone]",Prepaid Android phones,1.0,Walmart employees need to do their job better!,"Very nice phone. BUT THE PROBLEM WAS THAT WALMART SENT THE PHONE WITH OUT ACTAVATING IT BEFORE THEY SHIPPED IT AND DELIVERED IT. 
 I CALLED WALMART AND THEY SAID THIS HAPPENS ALL THE TIME.  🤬THERE FOR I AM NOT ABLE TO USE THIS NICE PHONE!🤬 ITS JUST A PAPER weight!  Not good service at all. If this happens all the time freaking fix it!",12/24/2025,True,1.0,0.0,kristin,English,Walmart,bazaarvoice
5243845836,"Tracfone Moto G Play 4G 2024, 64GB, Black - Prepaid Smartphone [Locked to Tracfone]",Cell Phones,Walmart.com,F55CDC31AB754BB68FE0B39041159D63,39.88,IN_STOCK,3.8,1134,/ip/Tracfone-Moto-G-Play-4G-2024-64GB-Black-Prepaid-Smartphone-Locked-to-Tracfone/5243845836,"Tracfone Moto G Play 4G 2024, 64GB, Black - Prepaid Smartphone [Locked to Tracfone]",Prepaid Android phones,1.0,No title,"The phone itself is great...I have the same phone myself...the problem was whoever scanned the phone for delivery didnt scan it properly because when i called TracFone to have it activated for my kid, they told me it wasnt scanned at the store, so it looked as if I stole the phone!! And beings I dont have access to a vehicle, I couldnt return the phone. Luckily Walmart did issue a refund, but i would NOT recommend buying phones and having them delivered!!!",07-01-2025,True,0.0,0.0,Tera,English,Walmart,bazaarvoice
5243845836,"Tracfone Moto G Play 4G 2024, 64GB, Black - Prepaid Smartphone [Locked to Tracfone]",Cell Phones,Walmart.com,F55CDC31AB754BB68FE0B39041159D63,39.88,IN_STOCK,3.8,1134,/ip/Tracfone-Moto-G-Play-4G-2024-64GB-Black-Prepaid-Smartphone-Locked-to-Tracfone/5243845836,"Tracfone Moto G Play 4G 2024, 64GB, Black - Prepaid Smartphone [Locked to Tracfone]",Prepaid Android phones,1.0,No title,i dont know about the quality because I can not get the phone activated because it does not show it was purchased. Took it back to the store twice to have it scanned and still cannot activate the phone. This is not good. i will return tomorrow and make the purchase from another retailer,10-12-2025,No recommendation,1.0,0.0,WalmartCustomer,English,unknown,bazaarvoice
5321227054,"Verizon Motorola G 5G, 128GB, Sage Green - Prepaid Smartphone [Locked to Verizon Prepaid]",Cell Phones,"ETRADE MOBILE, LLC",8F20E897DF6748AA8A87AB0C4FB7E9F9,41.99,IN_STOCK,4.2,264,/ip/Verizon-Moto-G-5G-128GB-Sage-Green-Prepaid-Smartphone-Locked-to-Verizon-Prepaid/5321227054,"Verizon Moto G 5G, 128GB, Sage Green - Prepaid Smartphone [Locked to Verizon Prepaid]",Prepaid Android phones,2.0,For the price....I got what I paid for,"For the price....I got what I paid for!

I've had better phones in the past. 

The side button for a biometric sign on is garbage!",3/19/2025,No recommendation,0.0,0.0,Unknown,English,unknown,bazaarvoice
5321227054,"Verizon Motorola G 5G, 128GB, Sage Green - Prepaid Smartphone [Locked to Verizon Prepaid]",Cell Phones,"ETRADE MOBILE, LLC",8F20E897DF6748AA8A87AB0C4FB7E9F9,41.99,IN_STOCK,4.2,264,/ip/Verizon-Moto-G-5G-128GB-Sage-Green-Prepaid-Smartphone-Locked-to-Verizon-Prepaid/5321227054,"Verizon Moto G 5G, 128GB, Sage Green - Prepaid Smartphone [Locked to Verizon Prepaid]",Prepaid Android phones,4.0,Performance,I bought this phone about  two months ago and so far I'm pleased. There are some bugs but I suspect most are operator error.,03-12-2025,True,0.0,0.0,Bobby's,English,unknown,bazaarvoice
5321227054,"Verizon Motorola G 5G, 128GB, Sage Green - Prepaid Smartphone [Locked to Verizon Prepaid]",Cell Phones,"ETRADE MOBILE, LLC",8F20E897DF6748AA8A87AB0C4FB7E9F9,41.99,IN_STOCK,4.2,264,/ip/Verizon-Moto-G-5G-128GB-Sage-Green-Prepaid-Smartphone-Locked-to-Verizon-Prepaid/5321227054,"Verizon Moto G 5G, 128GB, Sage Green - Prepaid Smartphone [Locked to Verizon Prepaid]",Prepaid Android phones,5.0,Excellent phone and a good value.,"Have had the phone about 1 month.  Very happy with the performance thus far.  Not a heavy user, but has all the features I need for a good value.",05-05-2025,No recommendation,0.0,0.0,LJ14,English,unknown,bazaarvoice
5321227054,"Verizon Motorola G 5G, 128GB, Sage Green - Prepaid Smartphone [Locked to Verizon Prepaid]",Cell Phones,"ETRADE MOBILE, LLC",8F20E897DF6748AA8A87AB0C4FB7E9F9,41.99,IN_STOCK,4.2,264,/ip/Verizon-Moto-G-5G-128GB-Sage-Green-Prepaid-Smartphone-Locked-to-Verizon-Prepaid/5321227054,"Verizon Moto G 5G, 128GB, Sage Green - Prepaid Smartphone [Locked to Verizon Prepaid]",Prepaid Android phones,5.0,Awesome phone! It's all you need!,"I bought one for me and one for the wife and we both couldn't be happier. We switched from Verizon to Mint Mobile and this phone is totally compatible. eSIM compatible. Setup was awesome and as long as you have the proper cable, the copy process from old phone to new went great! Big selling point was the microSD card external storage capability. Awesome camera but I miss the face filters. Love it, love it, love it.",02-02-2025,No recommendation,0.0,0.0,BobChildofGod,English,unknown,bazaarvoice
5321227054,"Verizon Motorola G 5G, 128GB, Sage Green - Prepaid Smartphone [Locked to Verizon Prepaid]",Cell Phones,"ETRADE MOBILE, LLC",8F20E897DF6748AA8A87AB0C4FB7E9F9,41.99,IN_STOCK,4.2,264,/ip/Verizon-Moto-G-5G-128GB-Sage-Green-Prepaid-Smartphone-Locked-to-Verizon-Prepaid/5321227054,"Verizon Moto G 5G, 128GB, Sage Green - Prepaid Smartphone [Locked to Verizon Prepaid]",Prepaid Android phones,5.0,Excellent phone for the price,"I've been using Motorola phones for almost two decades.  Always satisfied with the quality, durability, specs and prices of these magnificent phones.
My very first one was a Moto Q, then the e series and later the g series.
I highly recommend Motorola phones. They are great.",12/31/2024,True,0.0,0.0,Hal T,English,unknown,bazaarvoice
5321227054,"Verizon Motorola G 5G, 128GB, Sage Green - Prepaid Smartphone [Locked to Verizon Prepaid]",Cell Phones,"ETRADE MOBILE, LLC",8F20E897DF6748AA8A87AB0C4FB7E9F9,41.99,IN_STOCK,4.2,264,/ip/Verizon-Moto-G-5G-128GB-Sage-Green-Prepaid-Smartphone-Locked-to-Verizon-Prepaid/5321227054,"Verizon Moto G 5G, 128GB, Sage Green - Prepaid Smartphone [Locked to Verizon Prepaid]",Prepaid Android phones,3.0,I downgraded.,"I had no idea what a big difference it would make switching from my Motorola Moto G 5G stylus to this newer Moto 5g. I got it at a great price during black Friday deals but have found it lacking in processing speed. Otherwise, it's a good cell phone.",02-07-2025,True,0.0,0.0,At1withyou,English,unknown,bazaarvoice
5321227054,"Verizon Motorola G 5G, 128GB, Sage Green - Prepaid Smartphone [Locked to Verizon Prepaid]",Cell Phones,"ETRADE MOBILE, LLC",8F20E897DF6748AA8A87AB0C4FB7E9F9,41.99,IN_STOCK,4.2,264,/ip/Verizon-Moto-G-5G-128GB-Sage-Green-Prepaid-Smartphone-Locked-to-Verizon-Prepaid/5321227054,"Verizon Moto G 5G, 128GB, Sage Green - Prepaid Smartphone [Locked to Verizon Prepaid]",Prepaid Android phones,4.0,I like it,"This phone is not my daily driver, but I think it would be perfectly suitable for a main device. I think it is a decent phone at this price point, quite smooth and responsive, and has modern features like 5g and esim. I like the design and finish also. It feels good in the hand. I find the battery life to be fantastic, a day and a half easy the way I use it. The cameras are meh, which is not a big deal to me. For what I use it for, I'm very happy with my purchase.",01-06-2025,True,0.0,0.0,slade223,English,unknown,bazaarvoice
5321227054,"Verizon Motorola G 5G, 128GB, Sage Green - Prepaid Smartphone [Locked to Verizon Prepaid]",Cell Phones,"ETRADE MOBILE, LLC",8F20E897DF6748AA8A87AB0C4FB7E9F9,41.99,IN_STOCK,4.2,264,/ip/Verizon-Moto-G-5G-128GB-Sage-Green-Prepaid-Smartphone-Locked-to-Verizon-Prepaid/5321227054,"Verizon Moto G 5G, 128GB, Sage Green - Prepaid Smartphone [Locked to Verizon Prepaid]",Prepaid Android phones,5.0,Quality phone at reasonable price,"I purchase only Motorola cell phones because they have always performed well, and they can be acquired at a reasonable price.  The only problem I have ever had was failure of the charger connection port on a Moto e phone, which was the one I replaced with a new Moto 5G 2024 a few weeks ago.  Thus far the Moto 5G 2024 has performed flawlessly.",2/15/2025,True,0.0,0.0,d2s11,English,unknown,bazaarvoice
5321227054,"Verizon Motorola G 5G, 128GB, Sage Green - Prepaid Smartphone [Locked to Verizon Prepaid]",Cell Phones,"ETRADE MOBILE, LLC",8F20E897DF6748AA8A87AB0C4FB7E9F9,41.99,IN_STOCK,4.2,264,/ip/Verizon-Moto-G-5G-128GB-Sage-Green-Prepaid-Smartphone-Locked-to-Verizon-Prepaid/5321227054,"Verizon Moto G 5G, 128GB, Sage Green - Prepaid Smartphone [Locked to Verizon Prepaid]",Prepaid Android phones,4.0,No Google assist,My only compphone doesn't have Google answer! I used it all the time🫤laint is this,03-07-2025,True,0.0,0.0,KarGmaKe,English,unknown,bazaarvoice
5321227054,"Verizon Motorola G 5G, 128GB, Sage Green - Prepaid Smartphone [Locked to Verizon Prepaid]",Cell Phones,"ETRADE MOBILE, LLC",8F20E897DF6748AA8A87AB0C4FB7E9F9,41.99,IN_STOCK,4.2,264,/ip/Verizon-Moto-G-5G-128GB-Sage-Green-Prepaid-Smartphone-Locked-to-Verizon-Prepaid/5321227054,"Verizon Moto G 5G, 128GB, Sage Green - Prepaid Smartphone [Locked to Verizon Prepaid]",Prepaid Android phones,5.0,Best choice ever.,"For the price, and what I use a smart phone for .... absolutely perfect.",3/26/2025,True,0.0,0.0,Gothos,English,unknown,bazaarvoice
5321227054,"Verizon Motorola G 5G, 128GB, Sage Green - Prepaid Smartphone [Locked to Verizon Prepaid]",Cell Phones,"ETRADE MOBILE, LLC",8F20E897DF6748AA8A87AB0C4FB7E9F9,41.99,IN_STOCK,4.2,264,/ip/Verizon-Moto-G-5G-128GB-Sage-Green-Prepaid-Smartphone-Locked-to-Verizon-Prepaid/5321227054,"Verizon Moto G 5G, 128GB, Sage Green - Prepaid Smartphone [Locked to Verizon Prepaid]",Prepaid Android phones,5.0,No title,I bought it for a gift,8/30/2025,True,0.0,0.0,WalmartCustomer,English,Seller,bazaarvoice
5321227054,"Verizon Motorola G 5G, 128GB, Sage Green - Prepaid Smartphone [Locked to Verizon Prepaid]",Cell Phones,"ETRADE MOBILE, LLC",8F20E897DF6748AA8A87AB0C4FB7E9F9,41.99,IN_STOCK,4.2,264,/ip/Verizon-Moto-G-5G-128GB-Sage-Green-Prepaid-Smartphone-Locked-to-Verizon-Prepaid/5321227054,"Verizon Moto G 5G, 128GB, Sage Green - Prepaid Smartphone [Locked to Verizon Prepaid]",Prepaid Android phones,5.0,Activated Moto g 5g,i finally was able to activate my Moto g 5g today with the help of Verizon prepay. I think it went smoothly compared to two months ago when they were not able to activate it.  Thanks to Rashad for helping me through the activation process.,10-12-2024,No recommendation,1.0,0.0,Messebo,English,Walmart,bazaarvoice
5321227054,"Verizon Motorola G 5G, 128GB, Sage Green - Prepaid Smartphone [Locked to Verizon Prepaid]",Cell Phones,"ETRADE MOBILE, LLC",8F20E897DF6748AA8A87AB0C4FB7E9F9,41.99,IN_STOCK,4.2,264,/ip/Verizon-Moto-G-5G-128GB-Sage-Green-Prepaid-Smartphone-Locked-to-Verizon-Prepaid/5321227054,"Verizon Moto G 5G, 128GB, Sage Green - Prepaid Smartphone [Locked to Verizon Prepaid]",Prepaid Android phones,5.0,"Hello, Moto!!","I've got to admit, Motorola finally got ""back to basics"" and came through with a phone with ALL THE MOST IMPORTANT FEATURES (battery life, screen size, ease of use, rear/fwd GOOD camera, RAM speed, %26 plenty  of storage!!) at an affordable and fair price without the ""unnecessary"" whistles and bells ~ (ie: heavy/dominant stylus) and available IN THE CURRENT YEAR WITHOUT A PRICE GOUGE!!  
We're a family of mixed ""Moto - heads"" ...so, no shortage of comparison ~ and honestly attest this to be their BEST (overall) release, in quite a while.  (This is NOT a paid advertisement/advocation.)",6/28/2024,No recommendation,0.0,0.0,TomNanne,English,unknown,bazaarvoice
5321227054,"Verizon Motorola G 5G, 128GB, Sage Green - Prepaid Smartphone [Locked to Verizon Prepaid]",Cell Phones,"ETRADE MOBILE, LLC",8F20E897DF6748AA8A87AB0C4FB7E9F9,41.99,IN_STOCK,4.2,264,/ip/Verizon-Moto-G-5G-128GB-Sage-Green-Prepaid-Smartphone-Locked-to-Verizon-Prepaid/5321227054,"Verizon Moto G 5G, 128GB, Sage Green - Prepaid Smartphone [Locked to Verizon Prepaid]",Prepaid Android phones,5.0,Smart Buy,"Honestly this is a pretty good phone. This was a replacement phone for my husband's Samsung Galaxy. It's safe to say it works a lot better than his old phone, it operates quickly and has plenty of storage in it. You may be hesitant since it's only $100 for a phone. But you cannot go wrong with this one. Does not matter what kind of plan you have through Verizon it will still work. The transferring service over was effortless. At the end of the day, it's a great upgrade.",09-07-2024,No recommendation,0.0,0.0,Kristan,English,Walmart,bazaarvoice
5321227054,"Verizon Motorola G 5G, 128GB, Sage Green - Prepaid Smartphone [Locked to Verizon Prepaid]",Cell Phones,"ETRADE MOBILE, LLC",8F20E897DF6748AA8A87AB0C4FB7E9F9,41.99,IN_STOCK,4.2,264,/ip/Verizon-Moto-G-5G-128GB-Sage-Green-Prepaid-Smartphone-Locked-to-Verizon-Prepaid/5321227054,"Verizon Moto G 5G, 128GB, Sage Green - Prepaid Smartphone [Locked to Verizon Prepaid]",Prepaid Android phones,5.0,No title,This is a great phone for the price. The screen is very clear. The cameras are really good also.,11-10-2024,No recommendation,0.0,0.0,Taylar,English,Walmart,bazaarvoice
5321227054,"Verizon Motorola G 5G, 128GB, Sage Green - Prepaid Smartphone [Locked to Verizon Prepaid]",Cell Phones,"ETRADE MOBILE, LLC",8F20E897DF6748AA8A87AB0C4FB7E9F9,41.99,IN_STOCK,4.2,264,/ip/Verizon-Moto-G-5G-128GB-Sage-Green-Prepaid-Smartphone-Locked-to-Verizon-Prepaid/5321227054,"Verizon Moto G 5G, 128GB, Sage Green - Prepaid Smartphone [Locked to Verizon Prepaid]",Prepaid Android phones,5.0,No title,Perfect cheaper phone for my lifestyle needs and wants.,12-04-2024,No recommendation,0.0,0.0,Melissa,English,Walmart,bazaarvoice
5321227054,"Verizon Motorola G 5G, 128GB, Sage Green - Prepaid Smartphone [Locked to Verizon Prepaid]",Cell Phones,"ETRADE MOBILE, LLC",8F20E897DF6748AA8A87AB0C4FB7E9F9,41.99,IN_STOCK,4.2,264,/ip/Verizon-Moto-G-5G-128GB-Sage-Green-Prepaid-Smartphone-Locked-to-Verizon-Prepaid/5321227054,"Verizon Moto G 5G, 128GB, Sage Green - Prepaid Smartphone [Locked to Verizon Prepaid]",Prepaid Android phones,5.0,No title,Just as good as the expensive phones at the carrier place..,11/13/2024,No recommendation,0.0,0.0,John,English,Walmart,bazaarvoice
5321227054,"Verizon Motorola G 5G, 128GB, Sage Green - Prepaid Smartphone [Locked to Verizon Prepaid]",Cell Phones,"ETRADE MOBILE, LLC",8F20E897DF6748AA8A87AB0C4FB7E9F9,41.99,IN_STOCK,4.2,264,/ip/Verizon-Moto-G-5G-128GB-Sage-Green-Prepaid-Smartphone-Locked-to-Verizon-Prepaid/5321227054,"Verizon Moto G 5G, 128GB, Sage Green - Prepaid Smartphone [Locked to Verizon Prepaid]",Prepaid Android phones,5.0,No title,it's nice but I just got it and so I'm going to wait and open it and make it work I'm doing stuff,12/29/2024,No recommendation,0.0,0.0,Peggy,English,Walmart,bazaarvoice
5321227054,"Verizon Motorola G 5G, 128GB, Sage Green - Prepaid Smartphone [Locked to Verizon Prepaid]",Cell Phones,"ETRADE MOBILE, LLC",8F20E897DF6748AA8A87AB0C4FB7E9F9,41.99,IN_STOCK,4.2,264,/ip/Verizon-Moto-G-5G-128GB-Sage-Green-Prepaid-Smartphone-Locked-to-Verizon-Prepaid/5321227054,"Verizon Moto G 5G, 128GB, Sage Green - Prepaid Smartphone [Locked to Verizon Prepaid]",Prepaid Android phones,5.0,Moto G 5G,I love the nearfield communication feature.,01-07-2025,No recommendation,0.0,0.0,John,English,Walmart,bazaarvoice
5321227054,"Verizon Motorola G 5G, 128GB, Sage Green - Prepaid Smartphone [Locked to Verizon Prepaid]",Cell Phones,"ETRADE MOBILE, LLC",8F20E897DF6748AA8A87AB0C4FB7E9F9,41.99,IN_STOCK,4.2,264,/ip/Verizon-Moto-G-5G-128GB-Sage-Green-Prepaid-Smartphone-Locked-to-Verizon-Prepaid/5321227054,"Verizon Moto G 5G, 128GB, Sage Green - Prepaid Smartphone [Locked to Verizon Prepaid]",Prepaid Android phones,5.0,No title,right price and fast shipping love my new phone thanks Walmart.,11-11-2024,No recommendation,0.0,0.0,Linda,English,Walmart,bazaarvoice
16543872317,"Walmart Family Mobile TCL K33 5G, 64GB, Space Gray, Prepaid Smartphone [Locked to Walmart Family Mobie]",Cell Phones,Walmart.com,F55CDC31AB754BB68FE0B39041159D63,49.88,IN_STOCK,4.0,40,/ip/FM-TCL-T513V-CDMA-LTE-SPACE-GRAY-HANDSET-WALMART-POSA/16543872317,"Walmart Family Mobile TCL K33 5G, 64GB, Space Gray, Prepaid Smartphone [Locked to Walmart Family Mobie]",5G Prepaid Phones,5.0,No title,my only problem with this phone is no bluetooth,11/26/2025,True,0.0,0.0,jacquelyn,English,Walmart,bazaarvoice
16543872317,"Walmart Family Mobile TCL K33 5G, 64GB, Space Gray, Prepaid Smartphone [Locked to Walmart Family Mobie]",Cell Phones,Walmart.com,F55CDC31AB754BB68FE0B39041159D63,49.88,IN_STOCK,4.0,40,/ip/FM-TCL-T513V-CDMA-LTE-SPACE-GRAY-HANDSET-WALMART-POSA/16543872317,"Walmart Family Mobile TCL K33 5G, 64GB, Space Gray, Prepaid Smartphone [Locked to Walmart Family Mobie]",5G Prepaid Phones,5.0,No title,"Great Product, Price and Service. Walmart Family Mobile 🎯 
Thank You",04-05-2026,No recommendation,0.0,0.0,Sandee,English,Walmart,bazaarvoice
16543872317,"Walmart Family Mobile TCL K33 5G, 64GB, Space Gray, Prepaid Smartphone [Locked to Walmart Family Mobie]",Cell Phones,Walmart.com,F55CDC31AB754BB68FE0B39041159D63,49.88,IN_STOCK,4.0,40,/ip/FM-TCL-T513V-CDMA-LTE-SPACE-GRAY-HANDSET-WALMART-POSA/16543872317,"Walmart Family Mobile TCL K33 5G, 64GB, Space Gray, Prepaid Smartphone [Locked to Walmart Family Mobie]",5G Prepaid Phones,5.0,No title,fast shipping  big screen good value,5/14/2026,True,0.0,0.0,Brian,English,Walmart,bazaarvoice
16543872317,"Walmart Family Mobile TCL K33 5G, 64GB, Space Gray, Prepaid Smartphone [Locked to Walmart Family Mobie]",Cell Phones,Walmart.com,F55CDC31AB754BB68FE0B39041159D63,49.88,IN_STOCK,4.0,40,/ip/FM-TCL-T513V-CDMA-LTE-SPACE-GRAY-HANDSET-WALMART-POSA/16543872317,"Walmart Family Mobile TCL K33 5G, 64GB, Space Gray, Prepaid Smartphone [Locked to Walmart Family Mobie]",5G Prepaid Phones,5.0,TCL review,Love everything about it,05-02-2026,True,0.0,0.0,LaDonna,English,Walmart,bazaarvoice
16543872317,"Walmart Family Mobile TCL K33 5G, 64GB, Space Gray, Prepaid Smartphone [Locked to Walmart Family Mobie]",Cell Phones,Walmart.com,F55CDC31AB754BB68FE0B39041159D63,49.88,IN_STOCK,4.0,40,/ip/FM-TCL-T513V-CDMA-LTE-SPACE-GRAY-HANDSET-WALMART-POSA/16543872317,"Walmart Family Mobile TCL K33 5G, 64GB, Space Gray, Prepaid Smartphone [Locked to Walmart Family Mobie]",5G Prepaid Phones,3.0,Very frustrating to use.,"The most garbage filled phone I can think of. I had my last phone for 5 years, and it was simple and did what I wanted. This piece of crap is so full of crap that it makes using it a frustrating operation that makes me want to toss it and go back to a basic flip phone.",12/27/2025,False,0.0,0.0,Patrick,English,Walmart,bazaarvoice
16543872317,"Walmart Family Mobile TCL K33 5G, 64GB, Space Gray, Prepaid Smartphone [Locked to Walmart Family Mobie]",Cell Phones,Walmart.com,F55CDC31AB754BB68FE0B39041159D63,49.88,IN_STOCK,4.0,40,/ip/FM-TCL-T513V-CDMA-LTE-SPACE-GRAY-HANDSET-WALMART-POSA/16543872317,"Walmart Family Mobile TCL K33 5G, 64GB, Space Gray, Prepaid Smartphone [Locked to Walmart Family Mobie]",5G Prepaid Phones,3.0,Good,"The phone is great, though some issues like battery optimization keeps turning on and I need it off for life 360. Other than that, it's not a bad phone.",12/24/2025,No recommendation,0.0,0.0,Shoshone,English,Walmart,bazaarvoice
16543872317,"Walmart Family Mobile TCL K33 5G, 64GB, Space Gray, Prepaid Smartphone [Locked to Walmart Family Mobie]",Cell Phones,Walmart.com,F55CDC31AB754BB68FE0B39041159D63,49.88,IN_STOCK,4.0,40,/ip/FM-TCL-T513V-CDMA-LTE-SPACE-GRAY-HANDSET-WALMART-POSA/16543872317,"Walmart Family Mobile TCL K33 5G, 64GB, Space Gray, Prepaid Smartphone [Locked to Walmart Family Mobie]",5G Prepaid Phones,1.0,You get what you pay for,Couldn't even set it up or do anything with it and too late to return. Only turned on. Don't waste your money. You get what you pay for. I should've known better.,02-06-2026,False,0.0,0.0,Kristine,English,Walmart,bazaarvoice
16543872317,"Walmart Family Mobile TCL K33 5G, 64GB, Space Gray, Prepaid Smartphone [Locked to Walmart Family Mobie]",Cell Phones,Walmart.com,F55CDC31AB754BB68FE0B39041159D63,49.88,IN_STOCK,4.0,40,/ip/FM-TCL-T513V-CDMA-LTE-SPACE-GRAY-HANDSET-WALMART-POSA/16543872317,"Walmart Family Mobile TCL K33 5G, 64GB, Space Gray, Prepaid Smartphone [Locked to Walmart Family Mobie]",5G Prepaid Phones,1.0,No title,could not go past set up screen,01-01-2026,False,0.0,0.0,Marilyn,English,Walmart,bazaarvoice
16543872317,"Walmart Family Mobile TCL K33 5G, 64GB, Space Gray, Prepaid Smartphone [Locked to Walmart Family Mobie]",Cell Phones,Walmart.com,F55CDC31AB754BB68FE0B39041159D63,49.88,IN_STOCK,4.0,40,/ip/FM-TCL-T513V-CDMA-LTE-SPACE-GRAY-HANDSET-WALMART-POSA/16543872317,"Walmart Family Mobile TCL K33 5G, 64GB, Space Gray, Prepaid Smartphone [Locked to Walmart Family Mobie]",5G Prepaid Phones,1.0,No title,received  phone and couldnt activate it,12/15/2025,False,0.0,0.0,amanda,English,Walmart,bazaarvoice
16543872317,"Walmart Family Mobile TCL K33 5G, 64GB, Space Gray, Prepaid Smartphone [Locked to Walmart Family Mobie]",Cell Phones,Walmart.com,F55CDC31AB754BB68FE0B39041159D63,49.88,IN_STOCK,4.0,40,/ip/FM-TCL-T513V-CDMA-LTE-SPACE-GRAY-HANDSET-WALMART-POSA/16543872317,"Walmart Family Mobile TCL K33 5G, 64GB, Space Gray, Prepaid Smartphone [Locked to Walmart Family Mobie]",5G Prepaid Phones,1.0,No title,breaks easily,12/30/2025,False,0.0,0.0,Jonathan,English,Walmart,bazaarvoice
16543872317,"Walmart Family Mobile TCL K33 5G, 64GB, Space Gray, Prepaid Smartphone [Locked to Walmart Family Mobie]",Cell Phones,Walmart.com,F55CDC31AB754BB68FE0B39041159D63,49.88,IN_STOCK,4.0,40,/ip/FM-TCL-T513V-CDMA-LTE-SPACE-GRAY-HANDSET-WALMART-POSA/16543872317,"Walmart Family Mobile TCL K33 5G, 64GB, Space Gray, Prepaid Smartphone [Locked to Walmart Family Mobie]",5G Prepaid Phones,5.0,No title,Seems to be a good phone,1/31/2026,No recommendation,0.0,0.0,WalmartCustomer,English,unknown,bazaarvoice
1656267286,Restored Samsung Galaxy S21 5G 128GB G991U Fully Unlocked Smartphone (Refurbished),Cell Phones,UPGRADE SOLUTION INC,C0E4D78156E54C81A21C17859DCCA543,139.0,IN_STOCK,3.7,75,/ip/Restored-Samsung-Galaxy-S21-5G-128GB-G991U-Fully-Unlocked-Smartphone-Refurbished/1656267286?conditionGroupCode=2,Restored Samsung Galaxy S21 5G 128GB G991U Fully Unlocked Smartphone (Refurbished),Refurbished Phones,5.0,It's Practicality Brand New!,"The seller shipped this 2 day shipping. The phone had plastic on the screen and camera lenses, like a new phone. There are zero imperfections. The phone is very fast as well! Finally a company that sends a truly refurbished, excellent condition phone!",03-02-2025,True,0.0,0.0,Dustin,English,Seller,bazaarvoice
1656267286,Restored Samsung Galaxy S21 5G 128GB G991U Fully Unlocked Smartphone (Refurbished),Cell Phones,UPGRADE SOLUTION INC,C0E4D78156E54C81A21C17859DCCA543,139.0,IN_STOCK,3.7,75,/ip/Restored-Samsung-Galaxy-S21-5G-128GB-G991U-Fully-Unlocked-Smartphone-Refurbished/1656267286?conditionGroupCode=2,Restored Samsung Galaxy S21 5G 128GB G991U Fully Unlocked Smartphone (Refurbished),Refurbished Phones,5.0,No title,Works great! Smart switch made it easy.,6/30/2024,No recommendation,0.0,0.0,Stephen,English,unknown,bazaarvoice
1656267286,Restored Samsung Galaxy S21 5G 128GB G991U Fully Unlocked Smartphone (Refurbished),Cell Phones,UPGRADE SOLUTION INC,C0E4D78156E54C81A21C17859DCCA543,139.0,IN_STOCK,3.7,75,/ip/Restored-Samsung-Galaxy-S21-5G-128GB-G991U-Fully-Unlocked-Smartphone-Refurbished/1656267286?conditionGroupCode=2,Restored Samsung Galaxy S21 5G 128GB G991U Fully Unlocked Smartphone (Refurbished),Refurbished Phones,2.0,Buyers: be warned about the Samsung Galaxy S21 5G!,This model doesn't even have an headphone jack!,03-11-2023,False,0.0,0.0,Erik,English,unknown,bazaarvoice
1656267286,Restored Samsung Galaxy S21 5G 128GB G991U Fully Unlocked Smartphone (Refurbished),Cell Phones,UPGRADE SOLUTION INC,C0E4D78156E54C81A21C17859DCCA543,139.0,IN_STOCK,3.7,75,/ip/Restored-Samsung-Galaxy-S21-5G-128GB-G991U-Fully-Unlocked-Smartphone-Refurbished/1656267286?conditionGroupCode=2,Restored Samsung Galaxy S21 5G 128GB G991U Fully Unlocked Smartphone (Refurbished),Refurbished Phones,1.0,NOT HAPPY,ITS NOT UNLOCKED AND IT IS NOT IN LIKE NEW CONDITION.,07-11-2024,No recommendation,0.0,0.0,cora,English,unknown,bazaarvoice
1656267286,Restored Samsung Galaxy S21 5G 128GB G991U Fully Unlocked Smartphone (Refurbished),Cell Phones,UPGRADE SOLUTION INC,C0E4D78156E54C81A21C17859DCCA543,139.0,IN_STOCK,3.7,75,/ip/Restored-Samsung-Galaxy-S21-5G-128GB-G991U-Fully-Unlocked-Smartphone-Refurbished/1656267286?conditionGroupCode=2,Restored Samsung Galaxy S21 5G 128GB G991U Fully Unlocked Smartphone (Refurbished),Refurbished Phones,1.0,No title,Samsung Galaxy s 21 cell phone i received but cell phone full of scratches very slow working %26 battery heatup quick.its my last experience for used cell phone but I'm thankfully to Walmart they give us lot of options returns.,10-04-2023,No recommendation,0.0,0.0,Muhammad,English,unknown,bazaarvoice
1656267286,Restored Samsung Galaxy S21 5G 128GB G991U Fully Unlocked Smartphone (Refurbished),Cell Phones,UPGRADE SOLUTION INC,C0E4D78156E54C81A21C17859DCCA543,139.0,IN_STOCK,3.7,75,/ip/Restored-Samsung-Galaxy-S21-5G-128GB-G991U-Fully-Unlocked-Smartphone-Refurbished/1656267286?conditionGroupCode=2,Restored Samsung Galaxy S21 5G 128GB G991U Fully Unlocked Smartphone (Refurbished),Refurbished Phones,1.0,Not great for refurburished goods..,Had scratches poor quality.,03-08-2025,False,0.0,0.0,Rumal,English,Seller,bazaarvoice
3341343950,"Straight Talk Samsung Galaxy A15, 128GB, Black - Prepaid Smartphone [Locked to Straight Talk]",Cell Phones,Walmart.com,F55CDC31AB754BB68FE0B39041159D63,129.0,IN_STOCK,4.2,3835,/ip/Straight-Talk-Samsung-Galaxy-A15-128GB-Black-Prepaid-Smartphone-Locked-to-Straight-Talk/3341343950,"Straight Talk Samsung Galaxy A15, 128GB, Black - Prepaid Smartphone [Locked to Straight Talk]",Straight Talk Phones & Plans,4.0,Excellent phone,Love everything about the phone but it was Supposed to be 5g and I only have 4g and still no service at my work place other then that this is still better then my old phone,01-01-2025,True,0.0,0.0,Reuben C,English,unknown,bazaarvoice
3341343950,"Straight Talk Samsung Galaxy A15, 128GB, Black - Prepaid Smartphone [Locked to Straight Talk]",Cell Phones,Walmart.com,F55CDC31AB754BB68FE0B39041159D63,129.0,IN_STOCK,4.2,3835,/ip/Straight-Talk-Samsung-Galaxy-A15-128GB-Black-Prepaid-Smartphone-Locked-to-Straight-Talk/3341343950,"Straight Talk Samsung Galaxy A15, 128GB, Black - Prepaid Smartphone [Locked to Straight Talk]",Straight Talk Phones & Plans,5.0,samsung phone,love my new phone  thanks  I use to have the fingerprint thing on an older phone but the last one didnt have it  this one does so thats a big plus  its easy to use and the perfect size phone,01-03-2025,No recommendation,0.0,0.0,Debbie W,English,unknown,bazaarvoice
3341343950,"Straight Talk Samsung Galaxy A15, 128GB, Black - Prepaid Smartphone [Locked to Straight Talk]",Cell Phones,Walmart.com,F55CDC31AB754BB68FE0B39041159D63,129.0,IN_STOCK,4.2,3835,/ip/Straight-Talk-Samsung-Galaxy-A15-128GB-Black-Prepaid-Smartphone-Locked-to-Straight-Talk/3341343950,"Straight Talk Samsung Galaxy A15, 128GB, Black - Prepaid Smartphone [Locked to Straight Talk]",Straight Talk Phones & Plans,5.0,Samsung S156V,It's an excellent phone of choice.  It would be an excellent choice for any teenagers are Adult who's looking for a easy and comfortable phone to work.,12/30/2024,True,0.0,0.0,Unknown,English,unknown,bazaarvoice
3341343950,"Straight Talk Samsung Galaxy A15, 128GB, Black - Prepaid Smartphone [Locked to Straight Talk]",Cell Phones,Walmart.com,F55CDC31AB754BB68FE0B39041159D63,129.0,IN_STOCK,4.2,3835,/ip/Straight-Talk-Samsung-Galaxy-A15-128GB-Black-Prepaid-Smartphone-Locked-to-Straight-Talk/3341343950,"Straight Talk Samsung Galaxy A15, 128GB, Black - Prepaid Smartphone [Locked to Straight Talk]",Straight Talk Phones & Plans,3.0,Decent,Decent device but becomes very slow once you start putting apps on it even though more than enough space is available and haven't used more than 10% of the memory.,1/22/2025,No recommendation,0.0,0.0,Mike42087,English,unknown,bazaarvoice
3341343950,"Straight Talk Samsung Galaxy A15, 128GB, Black - Prepaid Smartphone [Locked to Straight Talk]",Cell Phones,Walmart.com,F55CDC31AB754BB68FE0B39041159D63,129.0,IN_STOCK,4.2,3835,/ip/Straight-Talk-Samsung-Galaxy-A15-128GB-Black-Prepaid-Smartphone-Locked-to-Straight-Talk/3341343950,"Straight Talk Samsung Galaxy A15, 128GB, Black - Prepaid Smartphone [Locked to Straight Talk]",Straight Talk Phones & Plans,3.0,Good deal!!,Can't complain about the function of the phone . It does everything the highest price phones does with the ecseption of a few things witch it's easy to look over. Over all a great deal.,1/20/2025,True,0.0,0.0,Unknown,English,unknown,bazaarvoice
3341343950,"Straight Talk Samsung Galaxy A15, 128GB, Black - Prepaid Smartphone [Locked to Straight Talk]",Cell Phones,Walmart.com,F55CDC31AB754BB68FE0B39041159D63,129.0,IN_STOCK,4.2,3835,/ip/Straight-Talk-Samsung-Galaxy-A15-128GB-Black-Prepaid-Smartphone-Locked-to-Straight-Talk/3341343950,"Straight Talk Samsung Galaxy A15, 128GB, Black - Prepaid Smartphone [Locked to Straight Talk]",Straight Talk Phones & Plans,2.0,Disappointed!!!!,"I had no idea this phone would be a ""generic"". It was supposed to be a 5G but it's still a 4G. Very disappointed.  I have been a loyal customer for 6 years!!!!",3/16/2025,False,0.0,0.0,Unknown,English,unknown,bazaarvoice
3341343950,"Straight Talk Samsung Galaxy A15, 128GB, Black - Prepaid Smartphone [Locked to Straight Talk]",Cell Phones,Walmart.com,F55CDC31AB754BB68FE0B39041159D63,129.0,IN_STOCK,4.2,3835,/ip/Straight-Talk-Samsung-Galaxy-A15-128GB-Black-Prepaid-Smartphone-Locked-to-Straight-Talk/3341343950,"Straight Talk Samsung Galaxy A15, 128GB, Black - Prepaid Smartphone [Locked to Straight Talk]",Straight Talk Phones & Plans,1.0,Very disappointed,I still have not been able to use my phone I purchase almost two weeks ago. I keep getting the run around. If I would have known it would be so much just to have service I definitely would have went else were.,1/16/2025,False,0.0,0.0,Comstock,English,unknown,bazaarvoice
3341343950,"Straight Talk Samsung Galaxy A15, 128GB, Black - Prepaid Smartphone [Locked to Straight Talk]",Cell Phones,Walmart.com,F55CDC31AB754BB68FE0B39041159D63,129.0,IN_STOCK,4.2,3835,/ip/Straight-Talk-Samsung-Galaxy-A15-128GB-Black-Prepaid-Smartphone-Locked-to-Straight-Talk/3341343950,"Straight Talk Samsung Galaxy A15, 128GB, Black - Prepaid Smartphone [Locked to Straight Talk]",Straight Talk Phones & Plans,5.0,Great deal for a mid class Samsung phone,Great price for a mid class Samsung phone.  They also have a 2 month period before you can unlock the phone.  That's relatively short compare to other carrier.  Overall satisfied with my purchase :). Thanks ST,01-03-2025,True,0.0,0.0,ItzYourBoi,English,unknown,bazaarvoice
3341343950,"Straight Talk Samsung Galaxy A15, 128GB, Black - Prepaid Smartphone [Locked to Straight Talk]",Cell Phones,Walmart.com,F55CDC31AB754BB68FE0B39041159D63,129.0,IN_STOCK,4.2,3835,/ip/Straight-Talk-Samsung-Galaxy-A15-128GB-Black-Prepaid-Smartphone-Locked-to-Straight-Talk/3341343950,"Straight Talk Samsung Galaxy A15, 128GB, Black - Prepaid Smartphone [Locked to Straight Talk]",Straight Talk Phones & Plans,5.0,Great buy,I was hesitant about the phone but pleasantly surprised. It's been good. The camera is definitely not the best but I'm not picky. It works for me. Overall great buy!,02-02-2025,True,0.0,0.0,Ljhm,English,unknown,bazaarvoice
3341343950,"Straight Talk Samsung Galaxy A15, 128GB, Black - Prepaid Smartphone [Locked to Straight Talk]",Cell Phones,Walmart.com,F55CDC31AB754BB68FE0B39041159D63,129.0,IN_STOCK,4.2,3835,/ip/Straight-Talk-Samsung-Galaxy-A15-128GB-Black-Prepaid-Smartphone-Locked-to-Straight-Talk/3341343950,"Straight Talk Samsung Galaxy A15, 128GB, Black - Prepaid Smartphone [Locked to Straight Talk]",Straight Talk Phones & Plans,4.0,"Problem, fingerprint is difficult to use..",Fingerpri nt doesnt raise hih enough to actually feel it ; so you keep moving finger and still end up not being able to use it..... whats the point  ?,01-09-2025,True,0.0,0.0,Marthy,English,unknown,bazaarvoice
3341343950,"Straight Talk Samsung Galaxy A15, 128GB, Black - Prepaid Smartphone [Locked to Straight Talk]",Cell Phones,Walmart.com,F55CDC31AB754BB68FE0B39041159D63,129.0,IN_STOCK,4.2,3835,/ip/Straight-Talk-Samsung-Galaxy-A15-128GB-Black-Prepaid-Smartphone-Locked-to-Straight-Talk/3341343950,"Straight Talk Samsung Galaxy A15, 128GB, Black - Prepaid Smartphone [Locked to Straight Talk]",Straight Talk Phones & Plans,1.0,"Can't really complain it was free, but....",I thought it was gone be like my a21 but it's nothing like it. I know I can't complain much because it was free but I really see now why they were free. The camera sucks. The battery life is horrible. Even with the super fast charger it still takes forever to charge. There's just quite a few things that I really dislike about this phone and I really wish that I would of chose the Motorola one they offered instead. Oh well live and learn I guess. I'm just not a Samsung person anymore.,12/31/2024,False,0.0,0.0,B654,English,unknown,bazaarvoice
3341343950,"Straight Talk Samsung Galaxy A15, 128GB, Black - Prepaid Smartphone [Locked to Straight Talk]",Cell Phones,Walmart.com,F55CDC31AB754BB68FE0B39041159D63,129.0,IN_STOCK,4.2,3835,/ip/Straight-Talk-Samsung-Galaxy-A15-128GB-Black-Prepaid-Smartphone-Locked-to-Straight-Talk/3341343950,"Straight Talk Samsung Galaxy A15, 128GB, Black - Prepaid Smartphone [Locked to Straight Talk]",Straight Talk Phones & Plans,3.0,No title,"the phone is nice with everything easy to  do but the omly thing is yhe battery is terrible.   48% and when yoou start charging it says 1 hour and 30 minutes,  really. it didne come with a charge cord, i know that's not 5the problem.  oh yes they say 5G no its a 4G .  not bad for the price.",01-11-2025,No recommendation,0.0,0.0,Dolores,English,Walmart,bazaarvoice
3341343950,"Straight Talk Samsung Galaxy A15, 128GB, Black - Prepaid Smartphone [Locked to Straight Talk]",Cell Phones,Walmart.com,F55CDC31AB754BB68FE0B39041159D63,129.0,IN_STOCK,4.2,3835,/ip/Straight-Talk-Samsung-Galaxy-A15-128GB-Black-Prepaid-Smartphone-Locked-to-Straight-Talk/3341343950,"Straight Talk Samsung Galaxy A15, 128GB, Black - Prepaid Smartphone [Locked to Straight Talk]",Straight Talk Phones & Plans,5.0,Thanks for the wonderful free phone!,"I must say this phone is sooooooo much better than my last few...which were Motorola.  Although, yesterday I had issues with my Gmail trying to send pictures to my work email.  I updated the App and restarted my phone and I was good to go.",04-11-2025,True,0.0,0.0,Tessa888,English,unknown,bazaarvoice
3341343950,"Straight Talk Samsung Galaxy A15, 128GB, Black - Prepaid Smartphone [Locked to Straight Talk]",Cell Phones,Walmart.com,F55CDC31AB754BB68FE0B39041159D63,129.0,IN_STOCK,4.2,3835,/ip/Straight-Talk-Samsung-Galaxy-A15-128GB-Black-Prepaid-Smartphone-Locked-to-Straight-Talk/3341343950,"Straight Talk Samsung Galaxy A15, 128GB, Black - Prepaid Smartphone [Locked to Straight Talk]",Straight Talk Phones & Plans,1.0,Horrible decision,I made the biggest mistake ever by switching to this device. It's slow as can be in the functions are all delayed on it. It almost acts like it's a refurbished model or something I wish I had my Motorola back!,6/15/2025,False,0.0,0.0,Big mistake,English,unknown,bazaarvoice
3341343950,"Straight Talk Samsung Galaxy A15, 128GB, Black - Prepaid Smartphone [Locked to Straight Talk]",Cell Phones,Walmart.com,F55CDC31AB754BB68FE0B39041159D63,129.0,IN_STOCK,4.2,3835,/ip/Straight-Talk-Samsung-Galaxy-A15-128GB-Black-Prepaid-Smartphone-Locked-to-Straight-Talk/3341343950,"Straight Talk Samsung Galaxy A15, 128GB, Black - Prepaid Smartphone [Locked to Straight Talk]",Straight Talk Phones & Plans,3.0,SamA155G,"Swiping is poor, Can't remove words you don't want. Also predictive words, need to be able to remove suggested words from a list.  And phone gets hot after short periods of online gaming.",3/15/2025,False,0.0,0.0,Caspernow,English,unknown,bazaarvoice
3341343950,"Straight Talk Samsung Galaxy A15, 128GB, Black - Prepaid Smartphone [Locked to Straight Talk]",Cell Phones,Walmart.com,F55CDC31AB754BB68FE0B39041159D63,129.0,IN_STOCK,4.2,3835,/ip/Straight-Talk-Samsung-Galaxy-A15-128GB-Black-Prepaid-Smartphone-Locked-to-Straight-Talk/3341343950,"Straight Talk Samsung Galaxy A15, 128GB, Black - Prepaid Smartphone [Locked to Straight Talk]",Straight Talk Phones & Plans,1.0,BLEH...,I dont like any of the Samsung features and with all the different preferences its like there is too much to deal with so makes for more confusing and harder navigation thru the device rather than simple and easy.,2/28/2025,False,0.0,0.0,Unknown,English,unknown,bazaarvoice
3341343950,"Straight Talk Samsung Galaxy A15, 128GB, Black - Prepaid Smartphone [Locked to Straight Talk]",Cell Phones,Walmart.com,F55CDC31AB754BB68FE0B39041159D63,129.0,IN_STOCK,4.2,3835,/ip/Straight-Talk-Samsung-Galaxy-A15-128GB-Black-Prepaid-Smartphone-Locked-to-Straight-Talk/3341343950,"Straight Talk Samsung Galaxy A15, 128GB, Black - Prepaid Smartphone [Locked to Straight Talk]",Straight Talk Phones & Plans,5.0,Superior Service,"After receiving my Samsung Galaxy A15 5G , I immediately started the activation process and was delighted with the ease of process, I love my A15, Thank You…..",4/18/2025,True,0.0,0.0,Spigutes,English,unknown,bazaarvoice
3341343950,"Straight Talk Samsung Galaxy A15, 128GB, Black - Prepaid Smartphone [Locked to Straight Talk]",Cell Phones,Walmart.com,F55CDC31AB754BB68FE0B39041159D63,129.0,IN_STOCK,4.2,3835,/ip/Straight-Talk-Samsung-Galaxy-A15-128GB-Black-Prepaid-Smartphone-Locked-to-Straight-Talk/3341343950,"Straight Talk Samsung Galaxy A15, 128GB, Black - Prepaid Smartphone [Locked to Straight Talk]",Straight Talk Phones & Plans,4.0,New phone,"I really like this new phone although the only issue I'm having is that I can't figure out how to save certain text messages? Other than that, it's been great!!",4/21/2025,No recommendation,0.0,0.0,Louann,English,unknown,bazaarvoice
3341343950,"Straight Talk Samsung Galaxy A15, 128GB, Black - Prepaid Smartphone [Locked to Straight Talk]",Cell Phones,Walmart.com,F55CDC31AB754BB68FE0B39041159D63,129.0,IN_STOCK,4.2,3835,/ip/Straight-Talk-Samsung-Galaxy-A15-128GB-Black-Prepaid-Smartphone-Locked-to-Straight-Talk/3341343950,"Straight Talk Samsung Galaxy A15, 128GB, Black - Prepaid Smartphone [Locked to Straight Talk]",Straight Talk Phones & Plans,2.0,Not great but it will do for now.,Not the best phone. My moto g stylus was better and even it wasn't that great. I'm going to hang on to this one though until I find another phone to use as my secondary. Then I putting it in a drawer with my old phones.,04-11-2025,False,0.0,0.0,Jai M,English,unknown,bazaarvoice
3341343950,"Straight Talk Samsung Galaxy A15, 128GB, Black - Prepaid Smartphone [Locked to Straight Talk]",Cell Phones,Walmart.com,F55CDC31AB754BB68FE0B39041159D63,129.0,IN_STOCK,4.2,3835,/ip/Straight-Talk-Samsung-Galaxy-A15-128GB-Black-Prepaid-Smartphone-Locked-to-Straight-Talk/3341343950,"Straight Talk Samsung Galaxy A15, 128GB, Black - Prepaid Smartphone [Locked to Straight Talk]",Straight Talk Phones & Plans,2.0,I'd pass.,"The speaker, at ear level, stopped working after approx. two months. It had issue connecting to my Bluetooth headphones. It would say connected, yet no sound was coming through.",4/22/2025,False,0.0,0.0,R Stapleton,English,unknown,bazaarvoice
17591873202,"Straight Talk Samsung Galaxy A17, 5G, 128GB, Black - Prepaid Smartphone [Locked to Straight Talk]",Cell Phones,Walmart.com,F55CDC31AB754BB68FE0B39041159D63,99.88,IN_STOCK,3.7,1822,/ip/ST-SAMSUNG-S176V-A17-5G-PIB-HANDSET-WALMART-POSA/17591873202,"Straight Talk Samsung Galaxy A17, 5G, 128GB, Black - Prepaid Smartphone [Locked to Straight Talk]",Prepaid Android phones,5.0,Do not sleep on this crazy deal!,"Nowhere else will you find a phone company that legitimately looks out for their customers like you'll find with Straight talk. Awesome service plan that's top of the line with clear unlimited uninterrupted coverage with an abundance of data & with that plan they're going to throw in a FREE phone, offering a few top brands to choose from as well, like the Samsung A17 I picked, for just simply to give back to the ppl because they know it's the ppl who made their brand the hugely loved company everyone's using today! Love a company who shows their appreciation back! A+ in class for these guys, for real.",05-10-2026,No recommendation,0.0,0.0,Unknown,English,unknown,bazaarvoice
17591873202,"Straight Talk Samsung Galaxy A17, 5G, 128GB, Black - Prepaid Smartphone [Locked to Straight Talk]",Cell Phones,Walmart.com,F55CDC31AB754BB68FE0B39041159D63,99.88,IN_STOCK,3.7,1822,/ip/ST-SAMSUNG-S176V-A17-5G-PIB-HANDSET-WALMART-POSA/17591873202,"Straight Talk Samsung Galaxy A17, 5G, 128GB, Black - Prepaid Smartphone [Locked to Straight Talk]",Prepaid Android phones,2.0,Okay..,Honestly I needed a new phone so when I seen this deal I was pretty excited.  Once I activated phone... installed and transfered all my stuff to new phone.. literally all day and even right now.. my phone OVERHEATS badly. Usually I'll have to stick it in for the of the fan time to time for it to cool down!,05-10-2026,False,0.0,0.0,Kk1985,English,unknown,bazaarvoice
17591873202,"Straight Talk Samsung Galaxy A17, 5G, 128GB, Black - Prepaid Smartphone [Locked to Straight Talk]",Cell Phones,Walmart.com,F55CDC31AB754BB68FE0B39041159D63,99.88,IN_STOCK,3.7,1822,/ip/ST-SAMSUNG-S176V-A17-5G-PIB-HANDSET-WALMART-POSA/17591873202,"Straight Talk Samsung Galaxy A17, 5G, 128GB, Black - Prepaid Smartphone [Locked to Straight Talk]",Prepaid Android phones,1.0,Feedback on samsung S17 5G,"I have had this phone for about a month now. I can say that im disappointed. The features are great but my phone goes really slow, its constantly closing out apps. Now my phone is having a hard time charging. I did not drop it or damage it. I have a peotective case an screen protector on since the day i got it. I do not like this phone.",5/13/2026,False,0.0,0.0,Clamslam,English,unknown,bazaarvoice
17591873202,"Straight Talk Samsung Galaxy A17, 5G, 128GB, Black - Prepaid Smartphone [Locked to Straight Talk]",Cell Phones,Walmart.com,F55CDC31AB754BB68FE0B39041159D63,99.88,IN_STOCK,3.7,1822,/ip/ST-SAMSUNG-S176V-A17-5G-PIB-HANDSET-WALMART-POSA/17591873202,"Straight Talk Samsung Galaxy A17, 5G, 128GB, Black - Prepaid Smartphone [Locked to Straight Talk]",Prepaid Android phones,3.0,Sad bout my Galaxy....,Its just not wormed rt since daybone overheats freezes up all kinds of craziness happens woth this phone been yhinking bkitssndung it back  i originally irdered the motog that was offered with silver or gold unlimited plan y mnth my son paid for my bill each month so he picked first phine he saw ive had galaxys before never hve had a complaint ever but this phone i do not care for at all,05-12-2026,No recommendation,0.0,0.0,Keisha Gooch,English,unknown,bazaarvoice
17591873202,"Straight Talk Samsung Galaxy A17, 5G, 128GB, Black - Prepaid Smartphone [Locked to Straight Talk]",Cell Phones,Walmart.com,F55CDC31AB754BB68FE0B39041159D63,99.88,IN_STOCK,3.7,1822,/ip/ST-SAMSUNG-S176V-A17-5G-PIB-HANDSET-WALMART-POSA/17591873202,"Straight Talk Samsung Galaxy A17, 5G, 128GB, Black - Prepaid Smartphone [Locked to Straight Talk]",Prepaid Android phones,3.0,Waste of money !!,"I'm honestly disappointed with the Samsung Galaxy A17. It took way too long to set up, and even after getting everything transferred over, the phone still doesn't perform the way I expected. The battery life definitely doesn't live up to the claims, and the phone starts getting hot after only a few minutes of normal use. For a brand-new phone, I expected much better performance and reliability.",5/13/2026,False,0.0,0.0,donna,English,Walmart,bazaarvoice
17591873202,"Straight Talk Samsung Galaxy A17, 5G, 128GB, Black - Prepaid Smartphone [Locked to Straight Talk]",Cell Phones,Walmart.com,F55CDC31AB754BB68FE0B39041159D63,99.88,IN_STOCK,3.7,1822,/ip/ST-SAMSUNG-S176V-A17-5G-PIB-HANDSET-WALMART-POSA/17591873202,"Straight Talk Samsung Galaxy A17, 5G, 128GB, Black - Prepaid Smartphone [Locked to Straight Talk]",Prepaid Android phones,4.0,Jumping from A11 to A17,I'm still getting acquainted with my new phone. The only thing that I do not like is I can't turn off ads when reading articles and I can't turn off ads in my emails. It only allows me to report them which doesn't help because they reappear every time.,05-09-2026,True,0.0,0.0,Suzanne72,English,unknown,bazaarvoice
17591873202,"Straight Talk Samsung Galaxy A17, 5G, 128GB, Black - Prepaid Smartphone [Locked to Straight Talk]",Cell Phones,Walmart.com,F55CDC31AB754BB68FE0B39041159D63,99.88,IN_STOCK,3.7,1822,/ip/ST-SAMSUNG-S176V-A17-5G-PIB-HANDSET-WALMART-POSA/17591873202,"Straight Talk Samsung Galaxy A17, 5G, 128GB, Black - Prepaid Smartphone [Locked to Straight Talk]",Prepaid Android phones,3.0,Useful but Slow.,"I enjoy my A17 and I'm thankful to have it. However, the phone itself can be exceedingly slow sometimes. Usually, it slows down when I use my browser or use apps for work. I also am displeased that features like screen recording are not available. But all-in-all, I think this device is definitely useful and it's a steal to get it for free.",05-05-2026,True,0.0,0.0,Ray Cole,English,unknown,bazaarvoice
17591873202,"Straight Talk Samsung Galaxy A17, 5G, 128GB, Black - Prepaid Smartphone [Locked to Straight Talk]",Cell Phones,Walmart.com,F55CDC31AB754BB68FE0B39041159D63,99.88,IN_STOCK,3.7,1822,/ip/ST-SAMSUNG-S176V-A17-5G-PIB-HANDSET-WALMART-POSA/17591873202,"Straight Talk Samsung Galaxy A17, 5G, 128GB, Black - Prepaid Smartphone [Locked to Straight Talk]",Prepaid Android phones,3.0,It's OK,"This was offered as a free ""upgrade"" from my existing phone, so I got it. However, it doesn't have the earphone plug in that my last one had and it doesn't have any more of features that I thought it would as an upgrade? My old phone was way better and I wish I just would have kept that one!",4/24/2026,False,0.0,0.0,Annabeth,English,unknown,bazaarvoice
17591873202,"Straight Talk Samsung Galaxy A17, 5G, 128GB, Black - Prepaid Smartphone [Locked to Straight Talk]",Cell Phones,Walmart.com,F55CDC31AB754BB68FE0B39041159D63,99.88,IN_STOCK,3.7,1822,/ip/ST-SAMSUNG-S176V-A17-5G-PIB-HANDSET-WALMART-POSA/17591873202,"Straight Talk Samsung Galaxy A17, 5G, 128GB, Black - Prepaid Smartphone [Locked to Straight Talk]",Prepaid Android phones,1.0,New phone,"I'm very disappointed in this product.  The touch screen becomes unresponsive it makes navigating virtually impossible. I find myself having to restart the phone just so I can navigate. This is the worst phone i've ever owned , and wish i've never got it. This one is horrible, and I will tell everybody just how disappointing it is.",4/24/2026,False,0.0,0.0,Dan Dornack,English,unknown,bazaarvoice
17591873202,"Straight Talk Samsung Galaxy A17, 5G, 128GB, Black - Prepaid Smartphone [Locked to Straight Talk]",Cell Phones,Walmart.com,F55CDC31AB754BB68FE0B39041159D63,99.88,IN_STOCK,3.7,1822,/ip/ST-SAMSUNG-S176V-A17-5G-PIB-HANDSET-WALMART-POSA/17591873202,"Straight Talk Samsung Galaxy A17, 5G, 128GB, Black - Prepaid Smartphone [Locked to Straight Talk]",Prepaid Android phones,2.0,Good phone but…,"We just got it, set it up and everything's great. Have it for 2 days, on the 3rd day, he accidentally dropped it on the floor from a very short distance and now the screen is messed up. The screen is green and flashing with quick bits of the screen. The phone should not have broken from such a small drop.",05-10-2026,True,0.0,0.0,Sam Ferullo,English,unknown,bazaarvoice
17591873202,"Straight Talk Samsung Galaxy A17, 5G, 128GB, Black - Prepaid Smartphone [Locked to Straight Talk]",Cell Phones,Walmart.com,F55CDC31AB754BB68FE0B39041159D63,99.88,IN_STOCK,3.7,1822,/ip/ST-SAMSUNG-S176V-A17-5G-PIB-HANDSET-WALMART-POSA/17591873202,"Straight Talk Samsung Galaxy A17, 5G, 128GB, Black - Prepaid Smartphone [Locked to Straight Talk]",Prepaid Android phones,1.0,Samsung A17 5G,This is the worst phone I've ever used in my entire life. The CPU speed is like using 2G internet. It takes 5 minutes to load any app,4/13/2026,False,0.0,0.0,Sten,English,unknown,bazaarvoice
17591873202,"Straight Talk Samsung Galaxy A17, 5G, 128GB, Black - Prepaid Smartphone [Locked to Straight Talk]",Cell Phones,Walmart.com,F55CDC31AB754BB68FE0B39041159D63,99.88,IN_STOCK,3.7,1822,/ip/ST-SAMSUNG-S176V-A17-5G-PIB-HANDSET-WALMART-POSA/17591873202,"Straight Talk Samsung Galaxy A17, 5G, 128GB, Black - Prepaid Smartphone [Locked to Straight Talk]",Prepaid Android phones,2.0,Slow internet,They phone is ok it just doesn't load the internet very fast and buffers alot. It can be very aggravating,4/30/2026,False,0.0,0.0,Mystical,English,unknown,bazaarvoice
17591873202,"Straight Talk Samsung Galaxy A17, 5G, 128GB, Black - Prepaid Smartphone [Locked to Straight Talk]",Cell Phones,Walmart.com,F55CDC31AB754BB68FE0B39041159D63,99.88,IN_STOCK,3.7,1822,/ip/ST-SAMSUNG-S176V-A17-5G-PIB-HANDSET-WALMART-POSA/17591873202,"Straight Talk Samsung Galaxy A17, 5G, 128GB, Black - Prepaid Smartphone [Locked to Straight Talk]",Prepaid Android phones,3.0,Not as good as the 15,I got it for cheap so I can't complain to much battery dies pretty fast and lags on site but camera is good screen is well sized,05-11-2026,False,0.0,0.0,Eric kc,English,unknown,bazaarvoice
17591873202,"Straight Talk Samsung Galaxy A17, 5G, 128GB, Black - Prepaid Smartphone [Locked to Straight Talk]",Cell Phones,Walmart.com,F55CDC31AB754BB68FE0B39041159D63,99.88,IN_STOCK,3.7,1822,/ip/ST-SAMSUNG-S176V-A17-5G-PIB-HANDSET-WALMART-POSA/17591873202,"Straight Talk Samsung Galaxy A17, 5G, 128GB, Black - Prepaid Smartphone [Locked to Straight Talk]",Prepaid Android phones,4.0,Slow and Internet connection drops.,My moto power 5g 2024 is faster and more reliable than this one. It drops my internet connection 2 to 3 times a week.,05-11-2026,False,0.0,0.0,Unknown,English,unknown,bazaarvoice
17591873202,"Straight Talk Samsung Galaxy A17, 5G, 128GB, Black - Prepaid Smartphone [Locked to Straight Talk]",Cell Phones,Walmart.com,F55CDC31AB754BB68FE0B39041159D63,99.88,IN_STOCK,3.7,1822,/ip/ST-SAMSUNG-S176V-A17-5G-PIB-HANDSET-WALMART-POSA/17591873202,"Straight Talk Samsung Galaxy A17, 5G, 128GB, Black - Prepaid Smartphone [Locked to Straight Talk]",Prepaid Android phones,4.0,Phone  replacement,"It's a very good phone,  but it has too much software included from different sources. Microsoft and Google are conflicting",4/14/2026,True,0.0,0.0,Unknown,English,unknown,bazaarvoice
17591873202,"Straight Talk Samsung Galaxy A17, 5G, 128GB, Black - Prepaid Smartphone [Locked to Straight Talk]",Cell Phones,Walmart.com,F55CDC31AB754BB68FE0B39041159D63,99.88,IN_STOCK,3.7,1822,/ip/ST-SAMSUNG-S176V-A17-5G-PIB-HANDSET-WALMART-POSA/17591873202,"Straight Talk Samsung Galaxy A17, 5G, 128GB, Black - Prepaid Smartphone [Locked to Straight Talk]",Prepaid Android phones,1.0,Worst phone ever,"This is the WORST PHONE I HAVE OWNED
Don't   buy this modle.I have had many phones SAMSUNG  IS THE worst",4/14/2026,No recommendation,0.0,0.0,Shelley  Roe,English,unknown,bazaarvoice
17591873202,"Straight Talk Samsung Galaxy A17, 5G, 128GB, Black - Prepaid Smartphone [Locked to Straight Talk]",Cell Phones,Walmart.com,F55CDC31AB754BB68FE0B39041159D63,99.88,IN_STOCK,3.7,1822,/ip/ST-SAMSUNG-S176V-A17-5G-PIB-HANDSET-WALMART-POSA/17591873202,"Straight Talk Samsung Galaxy A17, 5G, 128GB, Black - Prepaid Smartphone [Locked to Straight Talk]",Prepaid Android phones,2.0,Bad phone!!!,I accepted this free phone because I thought i was upgrading to a better one!! Not the case!!! This phone is slow and I have to keep restarting it!!!,4/28/2026,False,0.0,0.0,JJ Dooley,English,unknown,bazaarvoice
17591873202,"Straight Talk Samsung Galaxy A17, 5G, 128GB, Black - Prepaid Smartphone [Locked to Straight Talk]",Cell Phones,Walmart.com,F55CDC31AB754BB68FE0B39041159D63,99.88,IN_STOCK,3.7,1822,/ip/ST-SAMSUNG-S176V-A17-5G-PIB-HANDSET-WALMART-POSA/17591873202,"Straight Talk Samsung Galaxy A17, 5G, 128GB, Black - Prepaid Smartphone [Locked to Straight Talk]",Prepaid Android phones,5.0,Love my phone,This is a really good phone. I can hear everything so much better than my old phone! I will tell everyone that will listen to buy one,4/18/2026,True,0.0,0.0,Sandi C,English,unknown,bazaarvoice
17591873202,"Straight Talk Samsung Galaxy A17, 5G, 128GB, Black - Prepaid Smartphone [Locked to Straight Talk]",Cell Phones,Walmart.com,F55CDC31AB754BB68FE0B39041159D63,99.88,IN_STOCK,3.7,1822,/ip/ST-SAMSUNG-S176V-A17-5G-PIB-HANDSET-WALMART-POSA/17591873202,"Straight Talk Samsung Galaxy A17, 5G, 128GB, Black - Prepaid Smartphone [Locked to Straight Talk]",Prepaid Android phones,4.0,Works great,So far it's running good. Smooth transitions between screens. Just wish it came with a durable phone case.,4/28/2026,True,0.0,0.0,Brown_John,English,unknown,bazaarvoice
17591873202,"Straight Talk Samsung Galaxy A17, 5G, 128GB, Black - Prepaid Smartphone [Locked to Straight Talk]",Cell Phones,Walmart.com,F55CDC31AB754BB68FE0B39041159D63,99.88,IN_STOCK,3.7,1822,/ip/ST-SAMSUNG-S176V-A17-5G-PIB-HANDSET-WALMART-POSA/17591873202,"Straight Talk Samsung Galaxy A17, 5G, 128GB, Black - Prepaid Smartphone [Locked to Straight Talk]",Prepaid Android phones,5.0,Samsung A17,"only been working for two days but so far I like it. Have to get use to it, never had a smart phone before.",4/17/2026,True,0.0,0.0,Grecolzone,English,unknown,bazaarvoice
14672556913,"FYTPOV Android Phone, 5.5 Inch Android 13 Smart Phone 16GB SIM Standby 3200mAh Network Mobile Phone, Cell Phones Unlocked",Cell Phones,guangzhoushizhiaihangdianzishangwuyouxiangongsi,757DBA0294B94FAA85CAA39AA556B36E,50.12,IN_STOCK,1.0,3,/ip/FYTPOV-Android-Phone-5-5-Inch-Android-13-Smart-Phone-16GB-SIM-Standby-3200mAh-Network-Mobile-Phone-Cell-Phones-Unlocked/14672556913,"FYTPOV Android Phone, 5.5 Inch Android 13 Smart Phone 16GB SIM Standby 3200mAh Network Mobile Phone, Cell Phones Unlocked",Android Phones,1.0,No title,This phone isn't compatible with any of the three providers i tried to use. The touch screen delays often and seldomly works properly.,07-06-2025,False,0.0,0.0,Kasie,English,Seller,bazaarvoice
6515767297,"Straight Talk Motorola Edge 2024, 5G, 256GB, Gray - Prepaid Smartphone [Locked to Straight Talk]",Cell Phones,VIPOUTLET,66656029CC6541CBADDFA17547A98DE0,150.0,IN_STOCK,4.3,779,/ip/Straight-Talk-Motorola-Edge-2024-5G-256GB-Gray-Prepaid-Smartphone-Locked-to-Straight-Talk/6515767297,"Straight Talk Motorola Edge 2024, 5G, 256GB, Gray - Prepaid Smartphone [Locked to Straight Talk]",Prepaid Android phones,5.0,No title,had to return it I bought the wrong one for my phone company.,6/14/2025,True,0.0,0.0,Evelyn,English,Walmart,bazaarvoice
6515767297,"Straight Talk Motorola Edge 2024, 5G, 256GB, Gray - Prepaid Smartphone [Locked to Straight Talk]",Cell Phones,VIPOUTLET,66656029CC6541CBADDFA17547A98DE0,150.0,IN_STOCK,4.3,779,/ip/Straight-Talk-Motorola-Edge-2024-5G-256GB-Gray-Prepaid-Smartphone-Locked-to-Straight-Talk/6515767297,"Straight Talk Motorola Edge 2024, 5G, 256GB, Gray - Prepaid Smartphone [Locked to Straight Talk]",Prepaid Android phones,5.0,Motorola edge 2024,the wife really likes it.,6/15/2025,True,0.0,0.0,anonymous,English,Walmart,bazaarvoice
6515767297,"Straight Talk Motorola Edge 2024, 5G, 256GB, Gray - Prepaid Smartphone [Locked to Straight Talk]",Cell Phones,VIPOUTLET,66656029CC6541CBADDFA17547A98DE0,150.0,IN_STOCK,4.3,779,/ip/Straight-Talk-Motorola-Edge-2024-5G-256GB-Gray-Prepaid-Smartphone-Locked-to-Straight-Talk/6515767297,"Straight Talk Motorola Edge 2024, 5G, 256GB, Gray - Prepaid Smartphone [Locked to Straight Talk]",Prepaid Android phones,5.0,Super smooth phone. Sleek and functional for sure!,I love this phone!! It a perfect design and it's got a great camera!,12-08-2025,True,0.0,0.0,Lolo8118,English,unknown,bazaarvoice
6515767297,"Straight Talk Motorola Edge 2024, 5G, 256GB, Gray - Prepaid Smartphone [Locked to Straight Talk]",Cell Phones,VIPOUTLET,66656029CC6541CBADDFA17547A98DE0,150.0,IN_STOCK,4.3,779,/ip/Straight-Talk-Motorola-Edge-2024-5G-256GB-Gray-Prepaid-Smartphone-Locked-to-Straight-Talk/6515767297,"Straight Talk Motorola Edge 2024, 5G, 256GB, Gray - Prepaid Smartphone [Locked to Straight Talk]",Prepaid Android phones,5.0,Phone,This phone is light weight and was easy to set up.,8/16/2025,No recommendation,0.0,0.0,Livi,English,unknown,bazaarvoice
6515767297,"Straight Talk Motorola Edge 2024, 5G, 256GB, Gray - Prepaid Smartphone [Locked to Straight Talk]",Cell Phones,VIPOUTLET,66656029CC6541CBADDFA17547A98DE0,150.0,IN_STOCK,4.3,779,/ip/Straight-Talk-Motorola-Edge-2024-5G-256GB-Gray-Prepaid-Smartphone-Locked-to-Straight-Talk/6515767297,"Straight Talk Motorola Edge 2024, 5G, 256GB, Gray - Prepaid Smartphone [Locked to Straight Talk]",Prepaid Android phones,5.0,Nice phone for a good price.,"Nice phone,  light weight, has same features as more expensive  phones.",6/18/2025,True,0.0,0.0,Dianna Pultz,English,unknown,bazaarvoice
6515767297,"Straight Talk Motorola Edge 2024, 5G, 256GB, Gray - Prepaid Smartphone [Locked to Straight Talk]",Cell Phones,VIPOUTLET,66656029CC6541CBADDFA17547A98DE0,150.0,IN_STOCK,4.3,779,/ip/Straight-Talk-Motorola-Edge-2024-5G-256GB-Gray-Prepaid-Smartphone-Locked-to-Straight-Talk/6515767297,"Straight Talk Motorola Edge 2024, 5G, 256GB, Gray - Prepaid Smartphone [Locked to Straight Talk]",Prepaid Android phones,5.0,Great phone,I love the features and the ease of using them. I like the fact there is also a sliding camera cover.,01-06-2025,True,0.0,0.0,Punkin,English,unknown,bazaarvoice
6515767297,"Straight Talk Motorola Edge 2024, 5G, 256GB, Gray - Prepaid Smartphone [Locked to Straight Talk]",Cell Phones,VIPOUTLET,66656029CC6541CBADDFA17547A98DE0,150.0,IN_STOCK,4.3,779,/ip/Straight-Talk-Motorola-Edge-2024-5G-256GB-Gray-Prepaid-Smartphone-Locked-to-Straight-Talk/6515767297,"Straight Talk Motorola Edge 2024, 5G, 256GB, Gray - Prepaid Smartphone [Locked to Straight Talk]",Prepaid Android phones,4.0,Review,The only thing I've found wrong so far is the phone touchscreen freezes and I have to restart the phone. Other than that great phone,12/27/2024,True,0.0,0.0,Shika,English,unknown,bazaarvoice
6515767297,"Straight Talk Motorola Edge 2024, 5G, 256GB, Gray - Prepaid Smartphone [Locked to Straight Talk]",Cell Phones,VIPOUTLET,66656029CC6541CBADDFA17547A98DE0,150.0,IN_STOCK,4.3,779,/ip/Straight-Talk-Motorola-Edge-2024-5G-256GB-Gray-Prepaid-Smartphone-Locked-to-Straight-Talk/6515767297,"Straight Talk Motorola Edge 2024, 5G, 256GB, Gray - Prepaid Smartphone [Locked to Straight Talk]",Prepaid Android phones,5.0,I got a free phone!!,I got a free 2024 Motorola Edge with 256gb of data on my straight talk app!! I love my new phone so much!!,12/30/2024,True,0.0,0.0,Ashley Stansell,English,unknown,bazaarvoice
6515767297,"Straight Talk Motorola Edge 2024, 5G, 256GB, Gray - Prepaid Smartphone [Locked to Straight Talk]",Cell Phones,VIPOUTLET,66656029CC6541CBADDFA17547A98DE0,150.0,IN_STOCK,4.3,779,/ip/Straight-Talk-Motorola-Edge-2024-5G-256GB-Gray-Prepaid-Smartphone-Locked-to-Straight-Talk/6515767297,"Straight Talk Motorola Edge 2024, 5G, 256GB, Gray - Prepaid Smartphone [Locked to Straight Talk]",Prepaid Android phones,5.0,No title,Pretty good phone better than the Apple phone I had. Had to go back to Android. I'm an android girlie through and through.,02-12-2025,No recommendation,0.0,0.0,WalmartCustomer,English,unknown,bazaarvoice
6515767297,"Straight Talk Motorola Edge 2024, 5G, 256GB, Gray - Prepaid Smartphone [Locked to Straight Talk]",Cell Phones,VIPOUTLET,66656029CC6541CBADDFA17547A98DE0,150.0,IN_STOCK,4.3,779,/ip/Straight-Talk-Motorola-Edge-2024-5G-256GB-Gray-Prepaid-Smartphone-Locked-to-Straight-Talk/6515767297,"Straight Talk Motorola Edge 2024, 5G, 256GB, Gray - Prepaid Smartphone [Locked to Straight Talk]",Prepaid Android phones,1.0,They are crooks and liars,Worse company in the world. Can't wait to switch. They stole my money and gave me a fake refund tracking number,02-08-2025,False,0.0,0.0,Shane Cole,English,unknown,bazaarvoice
6515767297,"Straight Talk Motorola Edge 2024, 5G, 256GB, Gray - Prepaid Smartphone [Locked to Straight Talk]",Cell Phones,VIPOUTLET,66656029CC6541CBADDFA17547A98DE0,150.0,IN_STOCK,4.3,779,/ip/Straight-Talk-Motorola-Edge-2024-5G-256GB-Gray-Prepaid-Smartphone-Locked-to-Straight-Talk/6515767297,"Straight Talk Motorola Edge 2024, 5G, 256GB, Gray - Prepaid Smartphone [Locked to Straight Talk]",Prepaid Android phones,4.0,Motorola Edge 2024,"Like the phone so far just getting use to it had a iPhone since a 4s. But there is a few things I don't like, is how they sub out a couple of standatd phone apps like albums but photo quality and there standard operating photo editing are excellent!",1/29/2025,No recommendation,0.0,0.0,Unknown,English,unknown,bazaarvoice
6515767297,"Straight Talk Motorola Edge 2024, 5G, 256GB, Gray - Prepaid Smartphone [Locked to Straight Talk]",Cell Phones,VIPOUTLET,66656029CC6541CBADDFA17547A98DE0,150.0,IN_STOCK,4.3,779,/ip/Straight-Talk-Motorola-Edge-2024-5G-256GB-Gray-Prepaid-Smartphone-Locked-to-Straight-Talk/6515767297,"Straight Talk Motorola Edge 2024, 5G, 256GB, Gray - Prepaid Smartphone [Locked to Straight Talk]",Prepaid Android phones,5.0,No title,"The features are awesome on this phone! Storage capacity is great.  There are a lot of options for the camera, too.  This phone is, in my opinion, a great competitor on the the market!",03-08-2025,True,0.0,0.0,Unknown,English,Walmart,bazaarvoice
6515767297,"Straight Talk Motorola Edge 2024, 5G, 256GB, Gray - Prepaid Smartphone [Locked to Straight Talk]",Cell Phones,VIPOUTLET,66656029CC6541CBADDFA17547A98DE0,150.0,IN_STOCK,4.3,779,/ip/Straight-Talk-Motorola-Edge-2024-5G-256GB-Gray-Prepaid-Smartphone-Locked-to-Straight-Talk/6515767297,"Straight Talk Motorola Edge 2024, 5G, 256GB, Gray - Prepaid Smartphone [Locked to Straight Talk]",Prepaid Android phones,5.0,Wonderful Phone!,I I love love LOVE my new edge it is so cool excellent camera feels good in the hands I also grabbed a case!,3/18/2025,True,0.0,0.0,Krafty,English,unknown,bazaarvoice
6515767297,"Straight Talk Motorola Edge 2024, 5G, 256GB, Gray - Prepaid Smartphone [Locked to Straight Talk]",Cell Phones,VIPOUTLET,66656029CC6541CBADDFA17547A98DE0,150.0,IN_STOCK,4.3,779,/ip/Straight-Talk-Motorola-Edge-2024-5G-256GB-Gray-Prepaid-Smartphone-Locked-to-Straight-Talk/6515767297,"Straight Talk Motorola Edge 2024, 5G, 256GB, Gray - Prepaid Smartphone [Locked to Straight Talk]",Prepaid Android phones,1.0,Best Straight Talk phone service to have.,Worth the wait and saves the trouble if your phone is cracked you can also connect your mouse to it.,3/27/2026,No recommendation,0.0,0.0,Peter Thao,English,unknown,bazaarvoice
6515767297,"Straight Talk Motorola Edge 2024, 5G, 256GB, Gray - Prepaid Smartphone [Locked to Straight Talk]",Cell Phones,VIPOUTLET,66656029CC6541CBADDFA17547A98DE0,150.0,IN_STOCK,4.3,779,/ip/Straight-Talk-Motorola-Edge-2024-5G-256GB-Gray-Prepaid-Smartphone-Locked-to-Straight-Talk/6515767297,"Straight Talk Motorola Edge 2024, 5G, 256GB, Gray - Prepaid Smartphone [Locked to Straight Talk]",Prepaid Android phones,2.0,Not a user friendly phone.,"Filled with apps that you cannot delete...only disable.   Difficult to use, after coming off of Samsung phones.  Wish we would have kept our old phones.",12/13/2024,False,0.0,0.0,Unknown,English,unknown,bazaarvoice
6515767297,"Straight Talk Motorola Edge 2024, 5G, 256GB, Gray - Prepaid Smartphone [Locked to Straight Talk]",Cell Phones,VIPOUTLET,66656029CC6541CBADDFA17547A98DE0,150.0,IN_STOCK,4.3,779,/ip/Straight-Talk-Motorola-Edge-2024-5G-256GB-Gray-Prepaid-Smartphone-Locked-to-Straight-Talk/6515767297,"Straight Talk Motorola Edge 2024, 5G, 256GB, Gray - Prepaid Smartphone [Locked to Straight Talk]",Prepaid Android phones,5.0,I like It!,"This Phone is very good!!! It's a comfortable, convenient phone. The screen is very good, quick fingerprint response. All applications work very well without freezing. I recommend it!",11/22/2024,True,0.0,0.0,Vladimir,English,unknown,bazaarvoice
6515767297,"Straight Talk Motorola Edge 2024, 5G, 256GB, Gray - Prepaid Smartphone [Locked to Straight Talk]",Cell Phones,VIPOUTLET,66656029CC6541CBADDFA17547A98DE0,150.0,IN_STOCK,4.3,779,/ip/Straight-Talk-Motorola-Edge-2024-5G-256GB-Gray-Prepaid-Smartphone-Locked-to-Straight-Talk/6515767297,"Straight Talk Motorola Edge 2024, 5G, 256GB, Gray - Prepaid Smartphone [Locked to Straight Talk]",Prepaid Android phones,5.0,This was a great deal!,It was amazing that we received this brand new phone for free for my daughter and all I had to do was pay for the plan we would have to pay no matter what!,11/24/2024,No recommendation,0.0,0.0,Rachelle,English,unknown,bazaarvoice
6515767297,"Straight Talk Motorola Edge 2024, 5G, 256GB, Gray - Prepaid Smartphone [Locked to Straight Talk]",Cell Phones,VIPOUTLET,66656029CC6541CBADDFA17547A98DE0,150.0,IN_STOCK,4.3,779,/ip/Straight-Talk-Motorola-Edge-2024-5G-256GB-Gray-Prepaid-Smartphone-Locked-to-Straight-Talk/6515767297,"Straight Talk Motorola Edge 2024, 5G, 256GB, Gray - Prepaid Smartphone [Locked to Straight Talk]",Prepaid Android phones,4.0,I would recommend it.,it's a great phone but it can be a little slow and the notification volume gets annoying no matter where I put it ai can't find a good volume setting for notifications. It is a good phone but it could be better,12-07-2024,True,0.0,0.0,Annie101,English,unknown,bazaarvoice
6515767297,"Straight Talk Motorola Edge 2024, 5G, 256GB, Gray - Prepaid Smartphone [Locked to Straight Talk]",Cell Phones,VIPOUTLET,66656029CC6541CBADDFA17547A98DE0,150.0,IN_STOCK,4.3,779,/ip/Straight-Talk-Motorola-Edge-2024-5G-256GB-Gray-Prepaid-Smartphone-Locked-to-Straight-Talk/6515767297,"Straight Talk Motorola Edge 2024, 5G, 256GB, Gray - Prepaid Smartphone [Locked to Straight Talk]",Prepaid Android phones,4.0,Good phone,So far the Edge 2o24 is great. Only took one step off because there is so much these phones can do and I don't know how to do it all so it's frustrating,12/14/2024,True,0.0,0.0,Lou R,English,unknown,bazaarvoice
6515767297,"Straight Talk Motorola Edge 2024, 5G, 256GB, Gray - Prepaid Smartphone [Locked to Straight Talk]",Cell Phones,VIPOUTLET,66656029CC6541CBADDFA17547A98DE0,150.0,IN_STOCK,4.3,779,/ip/Straight-Talk-Motorola-Edge-2024-5G-256GB-Gray-Prepaid-Smartphone-Locked-to-Straight-Talk/6515767297,"Straight Talk Motorola Edge 2024, 5G, 256GB, Gray - Prepaid Smartphone [Locked to Straight Talk]",Prepaid Android phones,5.0,Overall,It was very easy transferring everything from my old phone to the new one. And the features on the new one are great and I'm still learning things about it every day,12-02-2024,True,0.0,0.0,BeckyTN,English,unknown,bazaarvoice
16845857094,"Straight Talk TCL K33, 5G, 64GB, Gray - Prepaid Smartphone [Locked to Straight Talk]",Cell Phones,Walmart.com,F55CDC31AB754BB68FE0B39041159D63,19.88,IN_STOCK,3.7,137,/ip/Straight-Talk-Alcatel-TCL-K33-5G-64GB-Gray-Prepaid-Smartphone-Locked-to-Straight-Talk/16845857094,"Straight Talk Alcatel TCL K33, 5G, 64GB, Gray - Prepaid Smartphone [Locked to Straight Talk]",5G Prepaid Phones,2.0,Verizon phone switch,The phone was a verizon phone and was supposed to be straight talk,12/24/2025,False,0.0,0.0,Catherine,English,Walmart,bazaarvoice
16845857094,"Straight Talk TCL K33, 5G, 64GB, Gray - Prepaid Smartphone [Locked to Straight Talk]",Cell Phones,Walmart.com,F55CDC31AB754BB68FE0B39041159D63,19.88,IN_STOCK,3.7,137,/ip/Straight-Talk-Alcatel-TCL-K33-5G-64GB-Gray-Prepaid-Smartphone-Locked-to-Straight-Talk/16845857094,"Straight Talk Alcatel TCL K33, 5G, 64GB, Gray - Prepaid Smartphone [Locked to Straight Talk]",5G Prepaid Phones,1.0,No title,it wont let me set the phone up,12-08-2025,False,0.0,0.0,Alison,English,Walmart,bazaarvoice
16845857094,"Straight Talk TCL K33, 5G, 64GB, Gray - Prepaid Smartphone [Locked to Straight Talk]",Cell Phones,Walmart.com,F55CDC31AB754BB68FE0B39041159D63,19.88,IN_STOCK,3.7,137,/ip/Straight-Talk-Alcatel-TCL-K33-5G-64GB-Gray-Prepaid-Smartphone-Locked-to-Straight-Talk/16845857094,"Straight Talk Alcatel TCL K33, 5G, 64GB, Gray - Prepaid Smartphone [Locked to Straight Talk]",5G Prepaid Phones,5.0,it was very easy to setup this phone,i like that the phone is quick and fast by the way and by the way activation was easy to,12-10-2025,True,0.0,0.0,Ben,English,Walmart,bazaarvoice
16845857094,"Straight Talk TCL K33, 5G, 64GB, Gray - Prepaid Smartphone [Locked to Straight Talk]",Cell Phones,Walmart.com,F55CDC31AB754BB68FE0B39041159D63,19.88,IN_STOCK,3.7,137,/ip/Straight-Talk-Alcatel-TCL-K33-5G-64GB-Gray-Prepaid-Smartphone-Locked-to-Straight-Talk/16845857094,"Straight Talk Alcatel TCL K33, 5G, 64GB, Gray - Prepaid Smartphone [Locked to Straight Talk]",5G Prepaid Phones,5.0,fun phone,I absolutely like this phone it takes really good pictures and for the price you can't beat it,2/25/2026,True,0.0,0.0,Kayla,English,Walmart,bazaarvoice
16845857094,"Straight Talk TCL K33, 5G, 64GB, Gray - Prepaid Smartphone [Locked to Straight Talk]",Cell Phones,Walmart.com,F55CDC31AB754BB68FE0B39041159D63,19.88,IN_STOCK,3.7,137,/ip/Straight-Talk-Alcatel-TCL-K33-5G-64GB-Gray-Prepaid-Smartphone-Locked-to-Straight-Talk/16845857094,"Straight Talk Alcatel TCL K33, 5G, 64GB, Gray - Prepaid Smartphone [Locked to Straight Talk]",5G Prepaid Phones,1.0,No title,Instacart shopper did mot have it scanned unable to activate,05-04-2026,No recommendation,0.0,0.0,anonymous,English,Walmart,bazaarvoice
16845857094,"Straight Talk TCL K33, 5G, 64GB, Gray - Prepaid Smartphone [Locked to Straight Talk]",Cell Phones,Walmart.com,F55CDC31AB754BB68FE0B39041159D63,19.88,IN_STOCK,3.7,137,/ip/Straight-Talk-Alcatel-TCL-K33-5G-64GB-Gray-Prepaid-Smartphone-Locked-to-Straight-Talk/16845857094,"Straight Talk Alcatel TCL K33, 5G, 64GB, Gray - Prepaid Smartphone [Locked to Straight Talk]",5G Prepaid Phones,5.0,No title,this is one I always buy !!  Great phone and good price,1/18/2026,True,0.0,0.0,susan,English,Walmart,bazaarvoice
16845857094,"Straight Talk TCL K33, 5G, 64GB, Gray - Prepaid Smartphone [Locked to Straight Talk]",Cell Phones,Walmart.com,F55CDC31AB754BB68FE0B39041159D63,19.88,IN_STOCK,3.7,137,/ip/Straight-Talk-Alcatel-TCL-K33-5G-64GB-Gray-Prepaid-Smartphone-Locked-to-Straight-Talk/16845857094,"Straight Talk Alcatel TCL K33, 5G, 64GB, Gray - Prepaid Smartphone [Locked to Straight Talk]",5G Prepaid Phones,1.0,I don't like it,"It runs slow , certain apps will not work on it, and picture quality is lacking.",1/23/2026,No recommendation,0.0,0.0,Ashley marie84,English,unknown,bazaarvoice
16845857094,"Straight Talk TCL K33, 5G, 64GB, Gray - Prepaid Smartphone [Locked to Straight Talk]",Cell Phones,Walmart.com,F55CDC31AB754BB68FE0B39041159D63,19.88,IN_STOCK,3.7,137,/ip/Straight-Talk-Alcatel-TCL-K33-5G-64GB-Gray-Prepaid-Smartphone-Locked-to-Straight-Talk/16845857094,"Straight Talk Alcatel TCL K33, 5G, 64GB, Gray - Prepaid Smartphone [Locked to Straight Talk]",5G Prepaid Phones,5.0,No title,great phone for low price  for anyone buy,4/17/2026,No recommendation,0.0,0.0,Ronnie,English,Walmart,bazaarvoice
16845857094,"Straight Talk TCL K33, 5G, 64GB, Gray - Prepaid Smartphone [Locked to Straight Talk]",Cell Phones,Walmart.com,F55CDC31AB754BB68FE0B39041159D63,19.88,IN_STOCK,3.7,137,/ip/Straight-Talk-Alcatel-TCL-K33-5G-64GB-Gray-Prepaid-Smartphone-Locked-to-Straight-Talk/16845857094,"Straight Talk Alcatel TCL K33, 5G, 64GB, Gray - Prepaid Smartphone [Locked to Straight Talk]",5G Prepaid Phones,3.0,TCL Activation,Wasn't able to get the phone activated or set up.,5/22/2026,No recommendation,0.0,0.0,Terri,English,Walmart,bazaarvoice
16845857094,"Straight Talk TCL K33, 5G, 64GB, Gray - Prepaid Smartphone [Locked to Straight Talk]",Cell Phones,Walmart.com,F55CDC31AB754BB68FE0B39041159D63,19.88,IN_STOCK,3.7,137,/ip/Straight-Talk-Alcatel-TCL-K33-5G-64GB-Gray-Prepaid-Smartphone-Locked-to-Straight-Talk/16845857094,"Straight Talk Alcatel TCL K33, 5G, 64GB, Gray - Prepaid Smartphone [Locked to Straight Talk]",5G Prepaid Phones,1.0,No title,this phone sucks,01-11-2026,False,0.0,0.0,Amber,English,Walmart,bazaarvoice
6770412872,Metro by T-Mobile TCL K23 - Prepaid Smartphone,Cell Phones,Walmart.com,F55CDC31AB754BB68FE0B39041159D63,34.88,IN_STOCK,3.6,1276,/ip/Metro-by-T-Mobile-TCL-K23/6770412872,Metro by T-Mobile TCL K23 - Prepaid Smartphone,Prepaid Android phones,4.0,No title,At first it wouldn't charge now it's on and it works great and am not having any problems with it now,11/20/2024,No recommendation,0.0,0.0,WalmartCustomer,English,unknown,bazaarvoice
6770412872,Metro by T-Mobile TCL K23 - Prepaid Smartphone,Cell Phones,Walmart.com,F55CDC31AB754BB68FE0B39041159D63,34.88,IN_STOCK,3.6,1276,/ip/Metro-by-T-Mobile-TCL-K23/6770412872,Metro by T-Mobile TCL K23 - Prepaid Smartphone,Prepaid Android phones,4.0,Metro Mobile K 23,"The Screen Size Is Great.  Very Bright. 
The Plans Are Affordable.,And They're On The T Mobile Network",11/17/2024,No recommendation,0.0,0.0,Kat,English,Walmart,bazaarvoice
6770412872,Metro by T-Mobile TCL K23 - Prepaid Smartphone,Cell Phones,Walmart.com,F55CDC31AB754BB68FE0B39041159D63,34.88,IN_STOCK,3.6,1276,/ip/Metro-by-T-Mobile-TCL-K23/6770412872,Metro by T-Mobile TCL K23 - Prepaid Smartphone,Prepaid Android phones,1.0,No title,Went to Metro store and tried to have phone service changed over only learn the device is owned by assurance wireless not metropcs.,11/15/2024,No recommendation,0.0,0.0,brittney,English,Walmart,bazaarvoice
6770412872,Metro by T-Mobile TCL K23 - Prepaid Smartphone,Cell Phones,Walmart.com,F55CDC31AB754BB68FE0B39041159D63,34.88,IN_STOCK,3.6,1276,/ip/Metro-by-T-Mobile-TCL-K23/6770412872,Metro by T-Mobile TCL K23 - Prepaid Smartphone,Prepaid Android phones,1.0,No title,its. older then my samgung phone i dont want down grade u want up grade i want to return it and walmart wont let me,12-10-2024,No recommendation,0.0,0.0,Blanca,English,Walmart,bazaarvoice
6770412872,Metro by T-Mobile TCL K23 - Prepaid Smartphone,Cell Phones,Walmart.com,F55CDC31AB754BB68FE0B39041159D63,34.88,IN_STOCK,3.6,1276,/ip/Metro-by-T-Mobile-TCL-K23/6770412872,Metro by T-Mobile TCL K23 - Prepaid Smartphone,Prepaid Android phones,1.0,Walmart the butchery,I would never buy anything from walmart.com again I'll sabotage it all the way it wasn't what I ordered,10/21/2024,No recommendation,0.0,0.0,Ronnie,English,Walmart,bazaarvoice
6770412872,Metro by T-Mobile TCL K23 - Prepaid Smartphone,Cell Phones,Walmart.com,F55CDC31AB754BB68FE0B39041159D63,34.88,IN_STOCK,3.6,1276,/ip/Metro-by-T-Mobile-TCL-K23/6770412872,Metro by T-Mobile TCL K23 - Prepaid Smartphone,Prepaid Android phones,1.0,No title,i never received the my phone igot coffee ☕ instead i always order from Walmart this never happened to me,11/19/2024,No recommendation,0.0,0.0,Donna,English,Walmart,bazaarvoice
6770412872,Metro by T-Mobile TCL K23 - Prepaid Smartphone,Cell Phones,Walmart.com,F55CDC31AB754BB68FE0B39041159D63,34.88,IN_STOCK,3.6,1276,/ip/Metro-by-T-Mobile-TCL-K23/6770412872,Metro by T-Mobile TCL K23 - Prepaid Smartphone,Prepaid Android phones,1.0,The worst phone money can buy,One of the worst phones I have ever used. It struggles to do even phone calls. I guess I got what I paid for...,11/20/2024,No recommendation,0.0,0.0,Alfonso,English,Walmart,bazaarvoice
6770412872,Metro by T-Mobile TCL K23 - Prepaid Smartphone,Cell Phones,Walmart.com,F55CDC31AB754BB68FE0B39041159D63,34.88,IN_STOCK,3.6,1276,/ip/Metro-by-T-Mobile-TCL-K23/6770412872,Metro by T-Mobile TCL K23 - Prepaid Smartphone,Prepaid Android phones,1.0,phone I don't like.,its to slow and keep freezing up.,03-04-2025,False,0.0,0.0,Carolyn,English,Walmart,bazaarvoice
6770412872,Metro by T-Mobile TCL K23 - Prepaid Smartphone,Cell Phones,Walmart.com,F55CDC31AB754BB68FE0B39041159D63,34.88,IN_STOCK,3.6,1276,/ip/Metro-by-T-Mobile-TCL-K23/6770412872,Metro by T-Mobile TCL K23 - Prepaid Smartphone,Prepaid Android phones,1.0,No title,It sucks it freezes up all the time,2/23/2025,No recommendation,0.0,0.0,Tonyea,English,Walmart,bazaarvoice
6770412872,Metro by T-Mobile TCL K23 - Prepaid Smartphone,Cell Phones,Walmart.com,F55CDC31AB754BB68FE0B39041159D63,34.88,IN_STOCK,3.6,1276,/ip/Metro-by-T-Mobile-TCL-K23/6770412872,Metro by T-Mobile TCL K23 - Prepaid Smartphone,Prepaid Android phones,1.0,never got the item,item got delivered to the wrong adress never got it and no refund,04-07-2025,False,0.0,0.0,joel,English,Walmart,bazaarvoice
6770412872,Metro by T-Mobile TCL K23 - Prepaid Smartphone,Cell Phones,Walmart.com,F55CDC31AB754BB68FE0B39041159D63,34.88,IN_STOCK,3.6,1276,/ip/Metro-by-T-Mobile-TCL-K23/6770412872,Metro by T-Mobile TCL K23 - Prepaid Smartphone,Prepaid Android phones,2.0,No title,it is really slow and it is not 5g. and also could not get a screen protector for it or a case for protection,4/28/2025,False,0.0,0.0,Robert,English,Walmart,bazaarvoice
6770412872,Metro by T-Mobile TCL K23 - Prepaid Smartphone,Cell Phones,Walmart.com,F55CDC31AB754BB68FE0B39041159D63,34.88,IN_STOCK,3.6,1276,/ip/Metro-by-T-Mobile-TCL-K23/6770412872,Metro by T-Mobile TCL K23 - Prepaid Smartphone,Prepaid Android phones,1.0,No title,The phone did not come with all the pieces I called they said they would refund my money back within 7-10 business days and I still have yet to receive it.,12-02-2024,No recommendation,0.0,0.0,Deandrea,English,Walmart,bazaarvoice
6770412872,Metro by T-Mobile TCL K23 - Prepaid Smartphone,Cell Phones,Walmart.com,F55CDC31AB754BB68FE0B39041159D63,34.88,IN_STOCK,3.6,1276,/ip/Metro-by-T-Mobile-TCL-K23/6770412872,Metro by T-Mobile TCL K23 - Prepaid Smartphone,Prepaid Android phones,5.0,No title,"I BOUGHT THIS FOR MY WIFE SHE LIVES IN UTAH AND SHE LOVES IT, ITS A GREAT DEAL BIG SCREEN AND IT HAS A GOOD SOFTWARE PACKAGE, NOT LIKE A 1300$ S24 ULTRA, BUT FOR 34$ YOU GET A PHONE THATS AS GOOD AA A 400$ PHONE!",11-03-2024,No recommendation,0.0,0.0,james,English,Walmart,bazaarvoice
6770412872,Metro by T-Mobile TCL K23 - Prepaid Smartphone,Cell Phones,Walmart.com,F55CDC31AB754BB68FE0B39041159D63,34.88,IN_STOCK,3.6,1276,/ip/Metro-by-T-Mobile-TCL-K23/6770412872,Metro by T-Mobile TCL K23 - Prepaid Smartphone,Prepaid Android phones,5.0,Pleasantly surprised,"I was very pleasantly surprised about this phone.  Honestly I wasn't expecting too much (considering the low, low price) but to my dismay I actually am considering purchasing a couple more for my family.  Thank you Walmart!",11/30/2024,No recommendation,0.0,0.0,JanetZ,English,Walmart,bazaarvoice
6770412872,Metro by T-Mobile TCL K23 - Prepaid Smartphone,Cell Phones,Walmart.com,F55CDC31AB754BB68FE0B39041159D63,34.88,IN_STOCK,3.6,1276,/ip/Metro-by-T-Mobile-TCL-K23/6770412872,Metro by T-Mobile TCL K23 - Prepaid Smartphone,Prepaid Android phones,1.0,Not worth it,This phone was cheaply made. It has been running slow since the moment I took it out of the box and turned it on. The phone does not even ring and I have it turned on the highest volume setting. I would not recommend anyone to buy this phone.,11/16/2024,No recommendation,0.0,0.0,Ayana,English,Walmart,bazaarvoice
6770412872,Metro by T-Mobile TCL K23 - Prepaid Smartphone,Cell Phones,Walmart.com,F55CDC31AB754BB68FE0B39041159D63,34.88,IN_STOCK,3.6,1276,/ip/Metro-by-T-Mobile-TCL-K23/6770412872,Metro by T-Mobile TCL K23 - Prepaid Smartphone,Prepaid Android phones,4.0,Good lil phone,The phone is nice for what I needed it for. It's quick to load the Internet! Easy to start up! I switched service from one phone to this phone and it was an easy process.,11/19/2024,No recommendation,0.0,0.0,Syble,English,Walmart,bazaarvoice
6770412872,Metro by T-Mobile TCL K23 - Prepaid Smartphone,Cell Phones,Walmart.com,F55CDC31AB754BB68FE0B39041159D63,34.88,IN_STOCK,3.6,1276,/ip/Metro-by-T-Mobile-TCL-K23/6770412872,Metro by T-Mobile TCL K23 - Prepaid Smartphone,Prepaid Android phones,1.0,Terrible Service!,It doesn't work in my house tried to get a refund never heard back from anybody,09-08-2025,No recommendation,0.0,0.0,Yvette,English,Walmart,bazaarvoice
6770412872,Metro by T-Mobile TCL K23 - Prepaid Smartphone,Cell Phones,Walmart.com,F55CDC31AB754BB68FE0B39041159D63,34.88,IN_STOCK,3.6,1276,/ip/Metro-by-T-Mobile-TCL-K23/6770412872,Metro by T-Mobile TCL K23 - Prepaid Smartphone,Prepaid Android phones,1.0,Slow.,Slow slow slow. Have 5G and phone is so slow. Wouldn't even buy for my child.,9/15/2025,False,0.0,0.0,anonymous,English,Walmart,bazaarvoice
6770412872,Metro by T-Mobile TCL K23 - Prepaid Smartphone,Cell Phones,Walmart.com,F55CDC31AB754BB68FE0B39041159D63,34.88,IN_STOCK,3.6,1276,/ip/Metro-by-T-Mobile-TCL-K23/6770412872,Metro by T-Mobile TCL K23 - Prepaid Smartphone,Prepaid Android phones,1.0,No title,so slow and freezes up All the time,9/19/2025,False,0.0,0.0,grichardson,English,Walmart,bazaarvoice
6770412872,Metro by T-Mobile TCL K23 - Prepaid Smartphone,Cell Phones,Walmart.com,F55CDC31AB754BB68FE0B39041159D63,34.88,IN_STOCK,3.6,1276,/ip/Metro-by-T-Mobile-TCL-K23/6770412872,Metro by T-Mobile TCL K23 - Prepaid Smartphone,Prepaid Android phones,1.0,No title,"phone is not worth the purchase, and it's very slow you can't do nothing with it",9/20/2025,False,0.0,0.0,rennard,English,Walmart,bazaarvoice
12014964267,"Tracfone Samsung Galaxy A16, 128GB, 5G, Black - Prepaid Smartphone [Locked to Tracfone]",Cell Phones,Walmart.com,F55CDC31AB754BB68FE0B39041159D63,59.88,IN_STOCK,4.2,1646,/ip/TF-SAMSUNG-S166V-CDMA-LTE-HANDSET-WALMART-POSA/12014964267,"Tracfone Samsung Galaxy A16, 128GB, 5G, Black - Prepaid Smartphone [Locked to Tracfone]",Prepaid Android phones,3.0,samsung a16,"I don't like the new  phone! It changed the way my maps are on my screen in the car, don't really know how to use some of the items on the screens either and no instructions other then to go on line. I prefer to read paper instructions.",1/30/2026,False,0.0,0.0,thou art,English,unknown,bazaarvoice
12014964267,"Tracfone Samsung Galaxy A16, 128GB, 5G, Black - Prepaid Smartphone [Locked to Tracfone]",Cell Phones,Walmart.com,F55CDC31AB754BB68FE0B39041159D63,59.88,IN_STOCK,4.2,1646,/ip/TF-SAMSUNG-S166V-CDMA-LTE-HANDSET-WALMART-POSA/12014964267,"Tracfone Samsung Galaxy A16, 128GB, 5G, Black - Prepaid Smartphone [Locked to Tracfone]",Prepaid Android phones,3.0,Rating the Samsung GalaxyA16,"The phone won't hold a charge.I charge to 100% & with minimal.Im not a heavy phone user,I have a tablet I use for entertainment use it drains.I plugged it in with the cord sent& it charges one % per hour .",03-03-2026,False,0.0,0.0,Maryanne Plyler,English,unknown,bazaarvoice
12014964267,"Tracfone Samsung Galaxy A16, 128GB, 5G, Black - Prepaid Smartphone [Locked to Tracfone]",Cell Phones,Walmart.com,F55CDC31AB754BB68FE0B39041159D63,59.88,IN_STOCK,4.2,1646,/ip/TF-SAMSUNG-S166V-CDMA-LTE-HANDSET-WALMART-POSA/12014964267,"Tracfone Samsung Galaxy A16, 128GB, 5G, Black - Prepaid Smartphone [Locked to Tracfone]",Prepaid Android phones,4.0,A16 Review,"Have had the phone less than a month. Happy so far. Still learning my way around. AI chat bot has been helpful. A little bigger and heavier than my old phone, but OK.",1/27/2026,True,0.0,0.0,R Doug,English,unknown,bazaarvoice
12014964267,"Tracfone Samsung Galaxy A16, 128GB, 5G, Black - Prepaid Smartphone [Locked to Tracfone]",Cell Phones,Walmart.com,F55CDC31AB754BB68FE0B39041159D63,59.88,IN_STOCK,4.2,1646,/ip/TF-SAMSUNG-S166V-CDMA-LTE-HANDSET-WALMART-POSA/12014964267,"Tracfone Samsung Galaxy A16, 128GB, 5G, Black - Prepaid Smartphone [Locked to Tracfone]",Prepaid Android phones,4.0,"New phone, new features, new start!","I'm still learning how my new phone functions, but the more I learn the happier I am with my purchase.",3/26/2026,True,0.0,0.0,Khalil3x7,English,unknown,bazaarvoice
12014964267,"Tracfone Samsung Galaxy A16, 128GB, 5G, Black - Prepaid Smartphone [Locked to Tracfone]",Cell Phones,Walmart.com,F55CDC31AB754BB68FE0B39041159D63,59.88,IN_STOCK,4.2,1646,/ip/TF-SAMSUNG-S166V-CDMA-LTE-HANDSET-WALMART-POSA/12014964267,"Tracfone Samsung Galaxy A16, 128GB, 5G, Black - Prepaid Smartphone [Locked to Tracfone]",Prepaid Android phones,4.0,Great features,It’s a good phone. Works very well. My only issue is my Bluetooth connection comes and goes a bit but that may not be because of the phone.,04-03-2026,True,0.0,0.0,Popgun,English,unknown,bazaarvoice
12014964267,"Tracfone Samsung Galaxy A16, 128GB, 5G, Black - Prepaid Smartphone [Locked to Tracfone]",Cell Phones,Walmart.com,F55CDC31AB754BB68FE0B39041159D63,59.88,IN_STOCK,4.2,1646,/ip/TF-SAMSUNG-S166V-CDMA-LTE-HANDSET-WALMART-POSA/12014964267,"Tracfone Samsung Galaxy A16, 128GB, 5G, Black - Prepaid Smartphone [Locked to Tracfone]",Prepaid Android phones,5.0,Delightful phone,Easy to use. Fast response.  Holds a charge much longer than my previous phone. Camera takes awesome photos.,3/29/2026,True,0.0,0.0,BGrands,English,unknown,bazaarvoice
12014964267,"Tracfone Samsung Galaxy A16, 128GB, 5G, Black - Prepaid Smartphone [Locked to Tracfone]",Cell Phones,Walmart.com,F55CDC31AB754BB68FE0B39041159D63,59.88,IN_STOCK,4.2,1646,/ip/TF-SAMSUNG-S166V-CDMA-LTE-HANDSET-WALMART-POSA/12014964267,"Tracfone Samsung Galaxy A16, 128GB, 5G, Black - Prepaid Smartphone [Locked to Tracfone]",Prepaid Android phones,1.0,No title,Software lags even after clearing cache and restarts. Finger print sensor rarely works. Screen often unresponsive,3/13/2026,No recommendation,0.0,0.0,Eric,English,Walmart,bazaarvoice
12014964267,"Tracfone Samsung Galaxy A16, 128GB, 5G, Black - Prepaid Smartphone [Locked to Tracfone]",Cell Phones,Walmart.com,F55CDC31AB754BB68FE0B39041159D63,59.88,IN_STOCK,4.2,1646,/ip/TF-SAMSUNG-S166V-CDMA-LTE-HANDSET-WALMART-POSA/12014964267,"Tracfone Samsung Galaxy A16, 128GB, 5G, Black - Prepaid Smartphone [Locked to Tracfone]",Prepaid Android phones,5.0,No title,Like the smart switch and the overall appearance of the phone and the useful apps already on the cell phone.,03-10-2026,True,0.0,0.0,Bernice,English,Walmart,bazaarvoice
12014964267,"Tracfone Samsung Galaxy A16, 128GB, 5G, Black - Prepaid Smartphone [Locked to Tracfone]",Cell Phones,Walmart.com,F55CDC31AB754BB68FE0B39041159D63,59.88,IN_STOCK,4.2,1646,/ip/TF-SAMSUNG-S166V-CDMA-LTE-HANDSET-WALMART-POSA/12014964267,"Tracfone Samsung Galaxy A16, 128GB, 5G, Black - Prepaid Smartphone [Locked to Tracfone]",Prepaid Android phones,5.0,Solid Performer,Good memory makes this phone a solid performer. And of course the Samsung quality of product is nice also,3/13/2026,True,0.0,0.0,Unknown,English,unknown,bazaarvoice
12014964267,"Tracfone Samsung Galaxy A16, 128GB, 5G, Black - Prepaid Smartphone [Locked to Tracfone]",Cell Phones,Walmart.com,F55CDC31AB754BB68FE0B39041159D63,59.88,IN_STOCK,4.2,1646,/ip/TF-SAMSUNG-S166V-CDMA-LTE-HANDSET-WALMART-POSA/12014964267,"Tracfone Samsung Galaxy A16, 128GB, 5G, Black - Prepaid Smartphone [Locked to Tracfone]",Prepaid Android phones,1.0,do not like,i do not like this phone.  i can't find messages when i get a notification.  i really would like another phone,04-03-2026,False,0.0,0.0,geanie,English,unknown,bazaarvoice
12014964267,"Tracfone Samsung Galaxy A16, 128GB, 5G, Black - Prepaid Smartphone [Locked to Tracfone]",Cell Phones,Walmart.com,F55CDC31AB754BB68FE0B39041159D63,59.88,IN_STOCK,4.2,1646,/ip/TF-SAMSUNG-S166V-CDMA-LTE-HANDSET-WALMART-POSA/12014964267,"Tracfone Samsung Galaxy A16, 128GB, 5G, Black - Prepaid Smartphone [Locked to Tracfone]",Prepaid Android phones,4.0,Sweet device,"The screen is large, the image sharp. It's 5g and 5G uw that's great. I get wifi 5 at home. Sometimes it's a little bit slow to respond compared to the Galaxy S phones.",4/15/2026,True,0.0,0.0,mcvegan,English,unknown,bazaarvoice
12014964267,"Tracfone Samsung Galaxy A16, 128GB, 5G, Black - Prepaid Smartphone [Locked to Tracfone]",Cell Phones,Walmart.com,F55CDC31AB754BB68FE0B39041159D63,59.88,IN_STOCK,4.2,1646,/ip/TF-SAMSUNG-S166V-CDMA-LTE-HANDSET-WALMART-POSA/12014964267,"Tracfone Samsung Galaxy A16, 128GB, 5G, Black - Prepaid Smartphone [Locked to Tracfone]",Prepaid Android phones,5.0,Nice Phone,You have been a life saver when a need solution for work and ID information.  I stick with you guys because of the extreme practical value you provide!  Much praise!,04-12-2026,No recommendation,0.0,0.0,Savsonic,English,unknown,bazaarvoice
12014964267,"Tracfone Samsung Galaxy A16, 128GB, 5G, Black - Prepaid Smartphone [Locked to Tracfone]",Cell Phones,Walmart.com,F55CDC31AB754BB68FE0B39041159D63,59.88,IN_STOCK,4.2,1646,/ip/TF-SAMSUNG-S166V-CDMA-LTE-HANDSET-WALMART-POSA/12014964267,"Tracfone Samsung Galaxy A16, 128GB, 5G, Black - Prepaid Smartphone [Locked to Tracfone]",Prepaid Android phones,4.0,Good phone,"I like the phone.It seems to do everything that I need it to.  Sometimes though, the apps are a little slow so I'm giving it four stars instead of five.",4/18/2026,True,0.0,0.0,Wld5,English,unknown,bazaarvoice
12014964267,"Tracfone Samsung Galaxy A16, 128GB, 5G, Black - Prepaid Smartphone [Locked to Tracfone]",Cell Phones,Walmart.com,F55CDC31AB754BB68FE0B39041159D63,59.88,IN_STOCK,4.2,1646,/ip/TF-SAMSUNG-S166V-CDMA-LTE-HANDSET-WALMART-POSA/12014964267,"Tracfone Samsung Galaxy A16, 128GB, 5G, Black - Prepaid Smartphone [Locked to Tracfone]",Prepaid Android phones,2.0,Not very good,The finger print sensor isn't very responsive and the phone lags. I'm not very happy with this except the camera. That is actually really good quality.,5/14/2026,No recommendation,0.0,0.0,anonymous,English,Walmart,bazaarvoice
12014964267,"Tracfone Samsung Galaxy A16, 128GB, 5G, Black - Prepaid Smartphone [Locked to Tracfone]",Cell Phones,Walmart.com,F55CDC31AB754BB68FE0B39041159D63,59.88,IN_STOCK,4.2,1646,/ip/TF-SAMSUNG-S166V-CDMA-LTE-HANDSET-WALMART-POSA/12014964267,"Tracfone Samsung Galaxy A16, 128GB, 5G, Black - Prepaid Smartphone [Locked to Tracfone]",Prepaid Android phones,5.0,Nice 2nd phone,"Phone is quick to start up which I like a lot. Phone operates smoothly between apps, I highly recommend this phone for a second or backup, cost is nice too.",05-05-2026,True,0.0,0.0,Danicus,English,unknown,bazaarvoice
12014964267,"Tracfone Samsung Galaxy A16, 128GB, 5G, Black - Prepaid Smartphone [Locked to Tracfone]",Cell Phones,Walmart.com,F55CDC31AB754BB68FE0B39041159D63,59.88,IN_STOCK,4.2,1646,/ip/TF-SAMSUNG-S166V-CDMA-LTE-HANDSET-WALMART-POSA/12014964267,"Tracfone Samsung Galaxy A16, 128GB, 5G, Black - Prepaid Smartphone [Locked to Tracfone]",Prepaid Android phones,5.0,Like!,Phone is great. Light but powerful. You will need to get a jack for headphones or buy c type headphones as it doesn't have outlet for headphones. I am very pleased w this phone,05-08-2026,True,0.0,0.0,Olga Barney,English,unknown,bazaarvoice
12014964267,"Tracfone Samsung Galaxy A16, 128GB, 5G, Black - Prepaid Smartphone [Locked to Tracfone]",Cell Phones,Walmart.com,F55CDC31AB754BB68FE0B39041159D63,59.88,IN_STOCK,4.2,1646,/ip/TF-SAMSUNG-S166V-CDMA-LTE-HANDSET-WALMART-POSA/12014964267,"Tracfone Samsung Galaxy A16, 128GB, 5G, Black - Prepaid Smartphone [Locked to Tracfone]",Prepaid Android phones,1.0,Severely disappointed.,"The phone is laggy, glitchy, and overall slow as a phone. It's practically unusable. I've tried everything to get it to speed up, but it hasn't worked. Other than texting and calling, I've been using my old phone for everything.",05-11-2026,False,0.0,0.0,Rainna,English,unknown,bazaarvoice
12014964267,"Tracfone Samsung Galaxy A16, 128GB, 5G, Black - Prepaid Smartphone [Locked to Tracfone]",Cell Phones,Walmart.com,F55CDC31AB754BB68FE0B39041159D63,59.88,IN_STOCK,4.2,1646,/ip/TF-SAMSUNG-S166V-CDMA-LTE-HANDSET-WALMART-POSA/12014964267,"Tracfone Samsung Galaxy A16, 128GB, 5G, Black - Prepaid Smartphone [Locked to Tracfone]",Prepaid Android phones,4.0,No title,"It starts easy, but shutting it down is a little hard. I like the Geminar feature. It is very informative. For the price it is a lot of bang for the buck.",4/17/2026,No recommendation,0.0,0.0,dave10,English,unknown,bazaarvoice
12014964267,"Tracfone Samsung Galaxy A16, 128GB, 5G, Black - Prepaid Smartphone [Locked to Tracfone]",Cell Phones,Walmart.com,F55CDC31AB754BB68FE0B39041159D63,59.88,IN_STOCK,4.2,1646,/ip/TF-SAMSUNG-S166V-CDMA-LTE-HANDSET-WALMART-POSA/12014964267,"Tracfone Samsung Galaxy A16, 128GB, 5G, Black - Prepaid Smartphone [Locked to Tracfone]",Prepaid Android phones,3.0,Infrequent User,I know next to nothing about cellphones. I rarely use one. I carry it for emergencies. The A16 is bigger and heavier than my old Samsung S5. I liked the old one better but it died.,4/25/2026,No recommendation,0.0,0.0,Ezekiel,English,unknown,bazaarvoice
12014964267,"Tracfone Samsung Galaxy A16, 128GB, 5G, Black - Prepaid Smartphone [Locked to Tracfone]",Cell Phones,Walmart.com,F55CDC31AB754BB68FE0B39041159D63,59.88,IN_STOCK,4.2,1646,/ip/TF-SAMSUNG-S166V-CDMA-LTE-HANDSET-WALMART-POSA/12014964267,"Tracfone Samsung Galaxy A16, 128GB, 5G, Black - Prepaid Smartphone [Locked to Tracfone]",Prepaid Android phones,5.0,No title,My son loves his phone and the space he has now. Navigates well for him. Wish service strength was a little higher as we are rural and he misses some calls from friends. But over all a great phone.,4/13/2026,True,0.0,0.0,Tara,English,Walmart,bazaarvoice
14017716463,"AT&T Motorola moto g 2025, 128GB, Forest Gray-Prepaid Smartphone [Locked to AT&T]",Cell Phones,M&L Tech Store,F3E8D474F3954FFE96A028596F7F6E22,48.99,IN_STOCK,4.2,840,/ip/Motorola-moto-g-2025-Prepaid-Smartphone/14017716463,"AT&T Motorola moto g 2025, 128GB, Forest Gray-Prepaid Smartphone [Locked to AT&T]",Prepaid Android phones,5.0,No title,"I received the item faster than expected. for the price it's great, fantastic job.",10/23/2025,True,1.0,0.0,william,English,Walmart,bazaarvoice
14017716463,"AT&T Motorola moto g 2025, 128GB, Forest Gray-Prepaid Smartphone [Locked to AT&T]",Cell Phones,M&L Tech Store,F3E8D474F3954FFE96A028596F7F6E22,48.99,IN_STOCK,4.2,840,/ip/Motorola-moto-g-2025-Prepaid-Smartphone/14017716463,"AT&T Motorola moto g 2025, 128GB, Forest Gray-Prepaid Smartphone [Locked to AT&T]",Prepaid Android phones,5.0,Best phone for the price,"Long battery life, large 6.7 screen, great camera, quick responds. 
worth the money. Bought 3 times for main and extra phones.",12/16/2025,True,0.0,0.0,Joel,English,Walmart,bazaarvoice
14017716463,"AT&T Motorola moto g 2025, 128GB, Forest Gray-Prepaid Smartphone [Locked to AT&T]",Cell Phones,M&L Tech Store,F3E8D474F3954FFE96A028596F7F6E22,48.99,IN_STOCK,4.2,840,/ip/Motorola-moto-g-2025-Prepaid-Smartphone/14017716463,"AT&T Motorola moto g 2025, 128GB, Forest Gray-Prepaid Smartphone [Locked to AT&T]",Prepaid Android phones,5.0,No title,I love everything about this phone. The camera is awesome quality. It get good service at my house. I would highly recommend this phone.,09-05-2025,True,0.0,0.0,Katie,English,Walmart,bazaarvoice
14017716463,"AT&T Motorola moto g 2025, 128GB, Forest Gray-Prepaid Smartphone [Locked to AT&T]",Cell Phones,M&L Tech Store,F3E8D474F3954FFE96A028596F7F6E22,48.99,IN_STOCK,4.2,840,/ip/Motorola-moto-g-2025-Prepaid-Smartphone/14017716463,"AT&T Motorola moto g 2025, 128GB, Forest Gray-Prepaid Smartphone [Locked to AT&T]",Prepaid Android phones,5.0,No title,Because I love this phone I have bought one the last 4 years I get the updated version this year I just shattered my phone and had to get it early,09-03-2025,No recommendation,0.0,0.0,WalmartCustomer,English,unknown,bazaarvoice
14017716463,"AT&T Motorola moto g 2025, 128GB, Forest Gray-Prepaid Smartphone [Locked to AT&T]",Cell Phones,M&L Tech Store,F3E8D474F3954FFE96A028596F7F6E22,48.99,IN_STOCK,4.2,840,/ip/Motorola-moto-g-2025-Prepaid-Smartphone/14017716463,"AT&T Motorola moto g 2025, 128GB, Forest Gray-Prepaid Smartphone [Locked to AT&T]",Prepaid Android phones,5.0,No title,This phone is great and the price is even greater. It is easy to transfer the information to the phone.,1/23/2026,True,0.0,0.0,Mary,English,Walmart,bazaarvoice
14017716463,"AT&T Motorola moto g 2025, 128GB, Forest Gray-Prepaid Smartphone [Locked to AT&T]",Cell Phones,M&L Tech Store,F3E8D474F3954FFE96A028596F7F6E22,48.99,IN_STOCK,4.2,840,/ip/Motorola-moto-g-2025-Prepaid-Smartphone/14017716463,"AT&T Motorola moto g 2025, 128GB, Forest Gray-Prepaid Smartphone [Locked to AT&T]",Prepaid Android phones,5.0,No title,I like pretty much everything with the phone from the smart switch to being able to add more memory if needed,11/17/2025,True,0.0,0.0,Billie,English,Walmart,bazaarvoice
14017716463,"AT&T Motorola moto g 2025, 128GB, Forest Gray-Prepaid Smartphone [Locked to AT&T]",Cell Phones,M&L Tech Store,F3E8D474F3954FFE96A028596F7F6E22,48.99,IN_STOCK,4.2,840,/ip/Motorola-moto-g-2025-Prepaid-Smartphone/14017716463,"AT&T Motorola moto g 2025, 128GB, Forest Gray-Prepaid Smartphone [Locked to AT&T]",Prepaid Android phones,3.0,No title,for some reason the phone wasn't activated when it left the warehouse or store. this is the second time this has happened. very disappointed.,12/19/2025,True,0.0,0.0,joe,English,Walmart,bazaarvoice
14017716463,"AT&T Motorola moto g 2025, 128GB, Forest Gray-Prepaid Smartphone [Locked to AT&T]",Cell Phones,M&L Tech Store,F3E8D474F3954FFE96A028596F7F6E22,48.99,IN_STOCK,4.2,840,/ip/Motorola-moto-g-2025-Prepaid-Smartphone/14017716463,"AT&T Motorola moto g 2025, 128GB, Forest Gray-Prepaid Smartphone [Locked to AT&T]",Prepaid Android phones,1.0,No title,the carrier service (AT%26T) does not work meaning no 'call' and or 'text'. The device is not working as a phone for work and business.,2/22/2026,True,0.0,0.0,Pablo,English,Walmart,bazaarvoice
14017716463,"AT&T Motorola moto g 2025, 128GB, Forest Gray-Prepaid Smartphone [Locked to AT&T]",Cell Phones,M&L Tech Store,F3E8D474F3954FFE96A028596F7F6E22,48.99,IN_STOCK,4.2,840,/ip/Motorola-moto-g-2025-Prepaid-Smartphone/14017716463,"AT&T Motorola moto g 2025, 128GB, Forest Gray-Prepaid Smartphone [Locked to AT&T]",Prepaid Android phones,3.0,No title,"stupid propreitary software that wont let you use an att sim, even though its an att phone. other locked att phones work out the box",11-09-2025,False,0.0,0.0,joseph,English,Walmart,bazaarvoice
14017716463,"AT&T Motorola moto g 2025, 128GB, Forest Gray-Prepaid Smartphone [Locked to AT&T]",Cell Phones,M&L Tech Store,F3E8D474F3954FFE96A028596F7F6E22,48.99,IN_STOCK,4.2,840,/ip/Motorola-moto-g-2025-Prepaid-Smartphone/14017716463,"AT&T Motorola moto g 2025, 128GB, Forest Gray-Prepaid Smartphone [Locked to AT&T]",Prepaid Android phones,1.0,Will update.,"1 star, put old att sim into phone did a long transfer and unable to make phone calls. And it is the weekend.",11/23/2025,No recommendation,0.0,0.0,Customer1985,English,Walmart,bazaarvoice
14017716463,"AT&T Motorola moto g 2025, 128GB, Forest Gray-Prepaid Smartphone [Locked to AT&T]",Cell Phones,M&L Tech Store,F3E8D474F3954FFE96A028596F7F6E22,48.99,IN_STOCK,4.2,840,/ip/Motorola-moto-g-2025-Prepaid-Smartphone/14017716463,"AT&T Motorola moto g 2025, 128GB, Forest Gray-Prepaid Smartphone [Locked to AT&T]",Prepaid Android phones,5.0,No title,I love it...,2/17/2026,True,0.0,0.0,Tukita,English,Walmart,bazaarvoice
14017716463,"AT&T Motorola moto g 2025, 128GB, Forest Gray-Prepaid Smartphone [Locked to AT&T]",Cell Phones,M&L Tech Store,F3E8D474F3954FFE96A028596F7F6E22,48.99,IN_STOCK,4.2,840,/ip/Motorola-moto-g-2025-Prepaid-Smartphone/14017716463,"AT&T Motorola moto g 2025, 128GB, Forest Gray-Prepaid Smartphone [Locked to AT&T]",Prepaid Android phones,5.0,No title,Very good and cheap,2/17/2026,No recommendation,0.0,0.0,WalmartCustomer,English,unknown,bazaarvoice
14017716463,"AT&T Motorola moto g 2025, 128GB, Forest Gray-Prepaid Smartphone [Locked to AT&T]",Cell Phones,M&L Tech Store,F3E8D474F3954FFE96A028596F7F6E22,48.99,IN_STOCK,4.2,840,/ip/Motorola-moto-g-2025-Prepaid-Smartphone/14017716463,"AT&T Motorola moto g 2025, 128GB, Forest Gray-Prepaid Smartphone [Locked to AT&T]",Prepaid Android phones,5.0,moto g,love this phone,03-12-2026,True,0.0,0.0,Donald,English,Walmart,bazaarvoice
14017716463,"AT&T Motorola moto g 2025, 128GB, Forest Gray-Prepaid Smartphone [Locked to AT&T]",Cell Phones,M&L Tech Store,F3E8D474F3954FFE96A028596F7F6E22,48.99,IN_STOCK,4.2,840,/ip/Motorola-moto-g-2025-Prepaid-Smartphone/14017716463,"AT&T Motorola moto g 2025, 128GB, Forest Gray-Prepaid Smartphone [Locked to AT&T]",Prepaid Android phones,5.0,No title,Purchasing another one,12/31/2025,No recommendation,0.0,0.0,Stephanie,English,Walmart,bazaarvoice
14017716463,"AT&T Motorola moto g 2025, 128GB, Forest Gray-Prepaid Smartphone [Locked to AT&T]",Cell Phones,M&L Tech Store,F3E8D474F3954FFE96A028596F7F6E22,48.99,IN_STOCK,4.2,840,/ip/Motorola-moto-g-2025-Prepaid-Smartphone/14017716463,"AT&T Motorola moto g 2025, 128GB, Forest Gray-Prepaid Smartphone [Locked to AT&T]",Prepaid Android phones,1.0,No title,I didn't gety package,02-06-2026,No recommendation,0.0,0.0,Alfred,English,Walmart,bazaarvoice
14017716463,"AT&T Motorola moto g 2025, 128GB, Forest Gray-Prepaid Smartphone [Locked to AT&T]",Cell Phones,M&L Tech Store,F3E8D474F3954FFE96A028596F7F6E22,48.99,IN_STOCK,4.2,840,/ip/Motorola-moto-g-2025-Prepaid-Smartphone/14017716463,"AT&T Motorola moto g 2025, 128GB, Forest Gray-Prepaid Smartphone [Locked to AT&T]",Prepaid Android phones,5.0,No title,Great experience,8/23/2025,No recommendation,0.0,0.0,WalmartCustomer,English,unknown,bazaarvoice
14017716463,"AT&T Motorola moto g 2025, 128GB, Forest Gray-Prepaid Smartphone [Locked to AT&T]",Cell Phones,M&L Tech Store,F3E8D474F3954FFE96A028596F7F6E22,48.99,IN_STOCK,4.2,840,/ip/Motorola-moto-g-2025-Prepaid-Smartphone/14017716463,"AT&T Motorola moto g 2025, 128GB, Forest Gray-Prepaid Smartphone [Locked to AT&T]",Prepaid Android phones,1.0,No title,my phone won't activate and Walmart refuse to refund my money and I took out insurance so I have contacted my attorney,7/29/2025,False,1.0,2.0,Marilyn,English,Walmart,bazaarvoice
14017716463,"AT&T Motorola moto g 2025, 128GB, Forest Gray-Prepaid Smartphone [Locked to AT&T]",Cell Phones,M&L Tech Store,F3E8D474F3954FFE96A028596F7F6E22,48.99,IN_STOCK,4.2,840,/ip/Motorola-moto-g-2025-Prepaid-Smartphone/14017716463,"AT&T Motorola moto g 2025, 128GB, Forest Gray-Prepaid Smartphone [Locked to AT&T]",Prepaid Android phones,2.0,No title,not a good phone hard to get set up seems cheap,7/26/2025,False,0.0,2.0,Me,English,Walmart,bazaarvoice
13977952928,"Verizon Prepaid Samsung Galaxy A16, 128GB, 5G, Black -Prepaid Smartphone [Locked to Verizon Prepaid]",Cell Phones,Walmart.com,F55CDC31AB754BB68FE0B39041159D63,49.88,IN_STOCK,4.1,584,/ip/Verizon-Samsung-A16-5G-128GB-Black-Prepaid-Smartphone-Locked-to-Verizon-Prepaid/13977952928,"Verizon Samsung A16 5G, 128GB, Black - Prepaid Smartphone [Locked to Verizon Prepaid]",Prepaid Android phones,4.0,No title,picture zoom is ehh but  otherwise decent phone,5/15/2026,No recommendation,0.0,0.0,Unknown,English,Walmart,bazaarvoice
13977952928,"Verizon Prepaid Samsung Galaxy A16, 128GB, 5G, Black -Prepaid Smartphone [Locked to Verizon Prepaid]",Cell Phones,Walmart.com,F55CDC31AB754BB68FE0B39041159D63,49.88,IN_STOCK,4.1,584,/ip/Verizon-Samsung-A16-5G-128GB-Black-Prepaid-Smartphone-Locked-to-Verizon-Prepaid/13977952928,"Verizon Samsung A16 5G, 128GB, Black - Prepaid Smartphone [Locked to Verizon Prepaid]",Prepaid Android phones,5.0,BEST,This is a terrific phone. Thank you,1/31/2026,True,0.0,0.0,lori,English,Walmart,bazaarvoice
13977952928,"Verizon Prepaid Samsung Galaxy A16, 128GB, 5G, Black -Prepaid Smartphone [Locked to Verizon Prepaid]",Cell Phones,Walmart.com,F55CDC31AB754BB68FE0B39041159D63,49.88,IN_STOCK,4.1,584,/ip/Verizon-Samsung-A16-5G-128GB-Black-Prepaid-Smartphone-Locked-to-Verizon-Prepaid/13977952928,"Verizon Samsung A16 5G, 128GB, Black - Prepaid Smartphone [Locked to Verizon Prepaid]",Prepaid Android phones,5.0,No title,can do whatever you want to on it.,2/20/2026,True,0.0,0.0,Troy,English,Walmart,bazaarvoice
13977952928,"Verizon Prepaid Samsung Galaxy A16, 128GB, 5G, Black -Prepaid Smartphone [Locked to Verizon Prepaid]",Cell Phones,Walmart.com,F55CDC31AB754BB68FE0B39041159D63,49.88,IN_STOCK,4.1,584,/ip/Verizon-Samsung-A16-5G-128GB-Black-Prepaid-Smartphone-Locked-to-Verizon-Prepaid/13977952928,"Verizon Samsung A16 5G, 128GB, Black - Prepaid Smartphone [Locked to Verizon Prepaid]",Prepaid Android phones,5.0,No title,came as ordered and expected,3/24/2026,True,0.0,0.0,Keith,English,Walmart,bazaarvoice
13977952928,"Verizon Prepaid Samsung Galaxy A16, 128GB, 5G, Black -Prepaid Smartphone [Locked to Verizon Prepaid]",Cell Phones,Walmart.com,F55CDC31AB754BB68FE0B39041159D63,49.88,IN_STOCK,4.1,584,/ip/Verizon-Samsung-A16-5G-128GB-Black-Prepaid-Smartphone-Locked-to-Verizon-Prepaid/13977952928,"Verizon Samsung A16 5G, 128GB, Black - Prepaid Smartphone [Locked to Verizon Prepaid]",Prepaid Android phones,1.0,No title,i have to pay first in order to use it,05-03-2026,False,0.0,0.0,Raniya,English,Walmart,bazaarvoice
13977952928,"Verizon Prepaid Samsung Galaxy A16, 128GB, 5G, Black -Prepaid Smartphone [Locked to Verizon Prepaid]",Cell Phones,Walmart.com,F55CDC31AB754BB68FE0B39041159D63,49.88,IN_STOCK,4.1,584,/ip/Verizon-Samsung-A16-5G-128GB-Black-Prepaid-Smartphone-Locked-to-Verizon-Prepaid/13977952928,"Verizon Samsung A16 5G, 128GB, Black - Prepaid Smartphone [Locked to Verizon Prepaid]",Prepaid Android phones,5.0,i really like the phone very nice it as great weat,i really like al the features,4/18/2026,No recommendation,0.0,0.0,anonymous,English,Walmart,bazaarvoice
13977952928,"Verizon Prepaid Samsung Galaxy A16, 128GB, 5G, Black -Prepaid Smartphone [Locked to Verizon Prepaid]",Cell Phones,Walmart.com,F55CDC31AB754BB68FE0B39041159D63,49.88,IN_STOCK,4.1,584,/ip/Verizon-Samsung-A16-5G-128GB-Black-Prepaid-Smartphone-Locked-to-Verizon-Prepaid/13977952928,"Verizon Samsung A16 5G, 128GB, Black - Prepaid Smartphone [Locked to Verizon Prepaid]",Prepaid Android phones,5.0,No title,love that it fast and affordable,4/21/2026,True,0.0,0.0,Ashley,English,Walmart,bazaarvoice
13977952928,"Verizon Prepaid Samsung Galaxy A16, 128GB, 5G, Black -Prepaid Smartphone [Locked to Verizon Prepaid]",Cell Phones,Walmart.com,F55CDC31AB754BB68FE0B39041159D63,49.88,IN_STOCK,4.1,584,/ip/Verizon-Samsung-A16-5G-128GB-Black-Prepaid-Smartphone-Locked-to-Verizon-Prepaid/13977952928,"Verizon Samsung A16 5G, 128GB, Black - Prepaid Smartphone [Locked to Verizon Prepaid]",Prepaid Android phones,5.0,No title,So far so good. Its awhole lot clearer %26 faster,4/28/2026,True,0.0,0.0,Amber,English,Walmart,bazaarvoice
13977952928,"Verizon Prepaid Samsung Galaxy A16, 128GB, 5G, Black -Prepaid Smartphone [Locked to Verizon Prepaid]",Cell Phones,Walmart.com,F55CDC31AB754BB68FE0B39041159D63,49.88,IN_STOCK,4.1,584,/ip/Verizon-Samsung-A16-5G-128GB-Black-Prepaid-Smartphone-Locked-to-Verizon-Prepaid/13977952928,"Verizon Samsung A16 5G, 128GB, Black - Prepaid Smartphone [Locked to Verizon Prepaid]",Prepaid Android phones,2.0,Samsung A series gets an F,Voice command is awful. Hey Google rarely responds. The camera is terrible. Zoom is blurry at best.,11/29/2025,False,0.0,0.0,Daryl,English,Seller,bazaarvoice
13977952928,"Verizon Prepaid Samsung Galaxy A16, 128GB, 5G, Black -Prepaid Smartphone [Locked to Verizon Prepaid]",Cell Phones,Walmart.com,F55CDC31AB754BB68FE0B39041159D63,49.88,IN_STOCK,4.1,584,/ip/Verizon-Samsung-A16-5G-128GB-Black-Prepaid-Smartphone-Locked-to-Verizon-Prepaid/13977952928,"Verizon Samsung A16 5G, 128GB, Black - Prepaid Smartphone [Locked to Verizon Prepaid]",Prepaid Android phones,5.0,No title,"Nice, smooth lot of storage",5/21/2026,No recommendation,0.0,0.0,Yvette,English,Walmart,bazaarvoice
12024768241,"Straight Talk Samsung Galaxy A16, 128GB, 5G, Black - Prepaid Smartphone [Locked to Straight Talk]",Cell Phones,Walmart.com,F55CDC31AB754BB68FE0B39041159D63,39.88,IN_STOCK,4.0,6953,/ip/Straight-Talk-Samsung-Galaxy-A16-128GB-5G-Black-Prepaid-Smartphone-Locked-to-Straight-Talk/12024768241,"Straight Talk Samsung Galaxy A16, 128GB, 5G, Black - Prepaid Smartphone [Locked to Straight Talk]",Prepaid Android phones,5.0,No title,"This phone has been a dream! Seriously! My previous phone was a Motorola, and while i love the brand, the quality has been slipping for some time now. Replaced with Samsung Galaxy A16 and let me tell you! It was like night and day! It was so simple to set up and use right away. You can't go wrong with this phone! The value is amazing!",4/15/2026,True,1.0,0.0,Kimberly,English,Walmart,bazaarvoice
12024768241,"Straight Talk Samsung Galaxy A16, 128GB, 5G, Black - Prepaid Smartphone [Locked to Straight Talk]",Cell Phones,Walmart.com,F55CDC31AB754BB68FE0B39041159D63,39.88,IN_STOCK,4.0,6953,/ip/Straight-Talk-Samsung-Galaxy-A16-128GB-5G-Black-Prepaid-Smartphone-Locked-to-Straight-Talk/12024768241,"Straight Talk Samsung Galaxy A16, 128GB, 5G, Black - Prepaid Smartphone [Locked to Straight Talk]",Prepaid Android phones,5.0,Best Phone I've Ever Owned – Highly Recommend!,"I really enjoy this type of phone. I’ve been using Samsung phones for many years, and they’ve always been reliable for me. When it’s time to upgrade, I’m able to get a great price through Walmart’s phone services, and they always offer plenty of options for the carrier I use.",01-03-2026,True,2.0,0.0,Evelyn,English,Walmart,bazaarvoice
12024768241,"Straight Talk Samsung Galaxy A16, 128GB, 5G, Black - Prepaid Smartphone [Locked to Straight Talk]",Cell Phones,Walmart.com,F55CDC31AB754BB68FE0B39041159D63,39.88,IN_STOCK,4.0,6953,/ip/Straight-Talk-Samsung-Galaxy-A16-128GB-5G-Black-Prepaid-Smartphone-Locked-to-Straight-Talk/12024768241,"Straight Talk Samsung Galaxy A16, 128GB, 5G, Black - Prepaid Smartphone [Locked to Straight Talk]",Prepaid Android phones,5.0,No title,"This is a slight upgrade to my Samsung Galaxy a14. It runs very smoothly and charges up faster than my old phone. But I like the security using biometrics fingerprint, so if someone picks up my phone and the fingerprint doesn't match, they have to log in using a 4 number code. I haven't used the camera yet, but I imagine it's good.",10-05-2025,True,2.0,0.0,Kathy,English,Seller,bazaarvoice
12024768241,"Straight Talk Samsung Galaxy A16, 128GB, 5G, Black - Prepaid Smartphone [Locked to Straight Talk]",Cell Phones,Walmart.com,F55CDC31AB754BB68FE0B39041159D63,39.88,IN_STOCK,4.0,6953,/ip/Straight-Talk-Samsung-Galaxy-A16-128GB-5G-Black-Prepaid-Smartphone-Locked-to-Straight-Talk/12024768241,"Straight Talk Samsung Galaxy A16, 128GB, 5G, Black - Prepaid Smartphone [Locked to Straight Talk]",Prepaid Android phones,5.0,Great Phone dope price,"really like my Samsung A16. It works great for everything I need. The phone is easy to use, runs smoothly, and the battery lasts a good amount of time. The screen looks nice and clear, and overall it has been a reliable phone for everyday use. For the price, I think it’s a really good phone and I’m happy with it.",3/26/2026,No recommendation,1.0,0.0,sheila,English,Walmart,bazaarvoice
12024768241,"Straight Talk Samsung Galaxy A16, 128GB, 5G, Black - Prepaid Smartphone [Locked to Straight Talk]",Cell Phones,Walmart.com,F55CDC31AB754BB68FE0B39041159D63,39.88,IN_STOCK,4.0,6953,/ip/Straight-Talk-Samsung-Galaxy-A16-128GB-5G-Black-Prepaid-Smartphone-Locked-to-Straight-Talk/12024768241,"Straight Talk Samsung Galaxy A16, 128GB, 5G, Black - Prepaid Smartphone [Locked to Straight Talk]",Prepaid Android phones,3.0,No title,I really wanted to love this phone and it is a good phone for basic everyday use but if you are a heavy data user and or gamer the battery can just barely keep up. It verges on overheating if i don't watch the temperature on the battery. I bought this phone because it was a good price but if you want a true gamer phone this isn't it.,04-04-2026,False,1.0,0.0,LisaC,English,Walmart,bazaarvoice
12024768241,"Straight Talk Samsung Galaxy A16, 128GB, 5G, Black - Prepaid Smartphone [Locked to Straight Talk]",Cell Phones,Walmart.com,F55CDC31AB754BB68FE0B39041159D63,39.88,IN_STOCK,4.0,6953,/ip/Straight-Talk-Samsung-Galaxy-A16-128GB-5G-Black-Prepaid-Smartphone-Locked-to-Straight-Talk/12024768241,"Straight Talk Samsung Galaxy A16, 128GB, 5G, Black - Prepaid Smartphone [Locked to Straight Talk]",Prepaid Android phones,3.0,Ball buster cellphone,"It doesn't come with any time to use ! 
You need to buy a card with time to use on phone ! 
It likely means another trip to where you bought it ! 
So far we have a clock and a camera !
They should include a card that can be reloaded with a hours worth of use !
But no! They want to bust balls !

I gave it as a gift and I'm disappointed but they still said thank you !",05-07-2026,No recommendation,0.0,0.0,Wayne,English,Walmart,bazaarvoice
12024768241,"Straight Talk Samsung Galaxy A16, 128GB, 5G, Black - Prepaid Smartphone [Locked to Straight Talk]",Cell Phones,Walmart.com,F55CDC31AB754BB68FE0B39041159D63,39.88,IN_STOCK,4.0,6953,/ip/Straight-Talk-Samsung-Galaxy-A16-128GB-5G-Black-Prepaid-Smartphone-Locked-to-Straight-Talk/12024768241,"Straight Talk Samsung Galaxy A16, 128GB, 5G, Black - Prepaid Smartphone [Locked to Straight Talk]",Prepaid Android phones,1.0,No title,I had the worst experience in my life at the Walmart at 4838 Virginia Beach boulevard yesterday I ordered a cell phone off my app and had it delivered they did not send a phone card with it which was paid for I went down to the Walmart at that location went to electronics the employee which was handling the department was on a personal call for 15 minutes while I sat there and waited for her finally she got off the phone I told her my situation that the phone I purchased was supposed to come with the phone card well she knew nothing about it so I told her I was going to go up to customer service get a refund for the phone that I had ordered and had delivered and come back there and buy a new one so I can get the phone card that came with it cuz they did not send me the phone card with the phone cell phone I ordered after her talking 15 minutes on the phone she tells me well I'm leaving here in 5 minutes 7:00 p.m.so you need to go get it done within the next 5 minutes or you'll have to wait till tomorrow what crappy service Thursday the 8th of January at 6:30 p.m. is when I got there she didn't get off the phone till 10 minutes before 7:00 at what time she was leaving you don't need to straighten up your your employees not allowed them to have private phone calls and make their customers wait for their convenience and this is not the only bad experience I had there I went there today before that to cash a check got there at 7:00 will customer service was closed the check cashing place was closed which said it closed at 8:00 and nobody would help me they told me the computers were down so I go down to the Walmarts supermarket on kempsville road and they cashed it for me for no problem they told me the computers were never down they're a bunch of liars at this Walmart on Virginia Beach boulevard,01-09-2026,True,3.0,0.0,cary,English,Walmart,bazaarvoice
12024768241,"Straight Talk Samsung Galaxy A16, 128GB, 5G, Black - Prepaid Smartphone [Locked to Straight Talk]",Cell Phones,Walmart.com,F55CDC31AB754BB68FE0B39041159D63,39.88,IN_STOCK,4.0,6953,/ip/Straight-Talk-Samsung-Galaxy-A16-128GB-5G-Black-Prepaid-Smartphone-Locked-to-Straight-Talk/12024768241,"Straight Talk Samsung Galaxy A16, 128GB, 5G, Black - Prepaid Smartphone [Locked to Straight Talk]",Prepaid Android phones,1.0,No title,"the phone is not the Samsung you think you're gonna get..it's Samsung in NAME only 

its constantly freezing up shuts off no warning  and with  a full battery.. doesn't restart either..goes completely black screen and it takes a long time for it to reboot it's self.. doesn't handle general tasks smooth or efficient and the battery is gone in a few hours.. slow to recharge total opposite of what is stated on the label and it's ads.its definitely a 50 or 30 dollars phone out the box brand new..real money pit.. plus I didn't get the phone reimbursement of the 99 Walmart deal .. got screwed and bambosled stuck with a crappy phone and paying for it 
. don't fall for the hype remember it's only a Samsung in name.. plus they don't honer their own marketing games..I haven't been reimbursed to date 3 months after I purchased the junk phone..",7/27/2025,False,3.0,0.0,Rachel,English,Walmart,bazaarvoice
12024768241,"Straight Talk Samsung Galaxy A16, 128GB, 5G, Black - Prepaid Smartphone [Locked to Straight Talk]",Cell Phones,Walmart.com,F55CDC31AB754BB68FE0B39041159D63,39.88,IN_STOCK,4.0,6953,/ip/Straight-Talk-Samsung-Galaxy-A16-128GB-5G-Black-Prepaid-Smartphone-Locked-to-Straight-Talk/12024768241,"Straight Talk Samsung Galaxy A16, 128GB, 5G, Black - Prepaid Smartphone [Locked to Straight Talk]",Prepaid Android phones,1.0,False Advertising!!!,"Says 8 GB of ram in the listing, but only came with 4 GB, which simply isn't going to cut it for me, if you advertise 8 GB of ram, then 8 GB of ram is expected, I wouldn't have bought it otherwise!!!  What a waste of time, all that waiting for nothing!!! Wouldn't recommend to anyone, you're not getting what is advertised, just a bunch of scammers!!! Get your heads out of the sewers %26 learn how to list the specs of things accurately on your site!!!  I bet y'all don't even make an 8 GB ram model %26 just lie to get ignorant people to buy these crappy 4 GB models which aren't worth buying, even for $50.",06-06-2025,False,10.0,0.0,Zach,English,Seller,bazaarvoice
12024768241,"Straight Talk Samsung Galaxy A16, 128GB, 5G, Black - Prepaid Smartphone [Locked to Straight Talk]",Cell Phones,Walmart.com,F55CDC31AB754BB68FE0B39041159D63,39.88,IN_STOCK,4.0,6953,/ip/Straight-Talk-Samsung-Galaxy-A16-128GB-5G-Black-Prepaid-Smartphone-Locked-to-Straight-Talk/12024768241,"Straight Talk Samsung Galaxy A16, 128GB, 5G, Black - Prepaid Smartphone [Locked to Straight Talk]",Prepaid Android phones,1.0,No title,This was actually a purchase made for a friend. She tried for five (5) hours straight to get this phone turned on with Straight Talk. The representative could not figure out how to instruct her with getting the phone set up. Just say NO to Straight Talk and these phones.,11-11-2025,False,2.0,0.0,PattyCake,English,Walmart,bazaarvoice
12024768241,"Straight Talk Samsung Galaxy A16, 128GB, 5G, Black - Prepaid Smartphone [Locked to Straight Talk]",Cell Phones,Walmart.com,F55CDC31AB754BB68FE0B39041159D63,39.88,IN_STOCK,4.0,6953,/ip/Straight-Talk-Samsung-Galaxy-A16-128GB-5G-Black-Prepaid-Smartphone-Locked-to-Straight-Talk/12024768241,"Straight Talk Samsung Galaxy A16, 128GB, 5G, Black - Prepaid Smartphone [Locked to Straight Talk]",Prepaid Android phones,1.0,This phone is horrible,"Vefy slow processor, onling lagging. Poor reception. It doesn't matter where you or what particular location you nay travel to, the signal strength is very subpar and weak. The camera is all that great as well. Voice and speakers, I was will them a 2 star. Otherwise, this phone is like a  cheap starter phone with the Samsung name 🙄 I would not recommend this cell phone to anyone.  The touchscreen is faulty as well. It freezes 🥶 up on you frequently. So with all this being said, don't waste your time, energy and money on this phone !!!!! You can get Better phone anywhere  with better screen performance and signal strengths. If you just have to have a phone, don't waste your money on the Samsung A 16 phone. It's  best for you to save up and get a quality cell phone instead of try to save a few dollars.You definitely get what you pay for these days",10/30/2025,False,0.0,0.0,Disappointed by Sams A16,English,unknown,bazaarvoice
12024768241,"Straight Talk Samsung Galaxy A16, 128GB, 5G, Black - Prepaid Smartphone [Locked to Straight Talk]",Cell Phones,Walmart.com,F55CDC31AB754BB68FE0B39041159D63,39.88,IN_STOCK,4.0,6953,/ip/Straight-Talk-Samsung-Galaxy-A16-128GB-5G-Black-Prepaid-Smartphone-Locked-to-Straight-Talk/12024768241,"Straight Talk Samsung Galaxy A16, 128GB, 5G, Black - Prepaid Smartphone [Locked to Straight Talk]",Prepaid Android phones,5.0,Review of A16,"Love the phone, I have always had a galaxy,  my last one was the galaxy 23 and I'm surprised to say this is just as good as the more expensive galaxy I wish I would have none that before, love the phone , the service has been great!! Overall I have been so happy with my purchase,",11-05-2025,True,0.0,0.0,Unknown,English,unknown,bazaarvoice
12024768241,"Straight Talk Samsung Galaxy A16, 128GB, 5G, Black - Prepaid Smartphone [Locked to Straight Talk]",Cell Phones,Walmart.com,F55CDC31AB754BB68FE0B39041159D63,39.88,IN_STOCK,4.0,6953,/ip/Straight-Talk-Samsung-Galaxy-A16-128GB-5G-Black-Prepaid-Smartphone-Locked-to-Straight-Talk/12024768241,"Straight Talk Samsung Galaxy A16, 128GB, 5G, Black - Prepaid Smartphone [Locked to Straight Talk]",Prepaid Android phones,1.0,Sluggish phone that runs one app at a time.,"This phone is the definition of clunky and sluggish. You can only run one program at a time, becuase if you try to do something such as play music while scrolling your phones browser, nothing will want to work as it should. Simple task become infuriating. Imagine waiting 4 seconds for a keyboard to appear everytime you want to type. Want to check your email to enter a code to login somewhere,  goodluck. Everything will refresh the minute you switch screens.",10-01-2025,False,0.0,0.0,Ma27,English,unknown,bazaarvoice
12024768241,"Straight Talk Samsung Galaxy A16, 128GB, 5G, Black - Prepaid Smartphone [Locked to Straight Talk]",Cell Phones,Walmart.com,F55CDC31AB754BB68FE0B39041159D63,39.88,IN_STOCK,4.0,6953,/ip/Straight-Talk-Samsung-Galaxy-A16-128GB-5G-Black-Prepaid-Smartphone-Locked-to-Straight-Talk/12024768241,"Straight Talk Samsung Galaxy A16, 128GB, 5G, Black - Prepaid Smartphone [Locked to Straight Talk]",Prepaid Android phones,1.0,This phone is total junk,This phone is junk why would you even sell a product like this the A15 is a lot better you think this would be an improvement but it's not the touch screen really sucks it only works part of the time you got to constantly restart the phone and it's slow,10-10-2025,False,0.0,0.0,Unknown,English,unknown,bazaarvoice
12024768241,"Straight Talk Samsung Galaxy A16, 128GB, 5G, Black - Prepaid Smartphone [Locked to Straight Talk]",Cell Phones,Walmart.com,F55CDC31AB754BB68FE0B39041159D63,39.88,IN_STOCK,4.0,6953,/ip/Straight-Talk-Samsung-Galaxy-A16-128GB-5G-Black-Prepaid-Smartphone-Locked-to-Straight-Talk/12024768241,"Straight Talk Samsung Galaxy A16, 128GB, 5G, Black - Prepaid Smartphone [Locked to Straight Talk]",Prepaid Android phones,3.0,sucks big time,"never could get a ny tech support tried computer 1 hr only message got was are you still there and could not text support ?
tried 800-726-7864 computer asked still there ? around hour on hold ? never got any help computer AI are live person 
So returning Walmart for different company cell phone.",09-11-2025,False,0.0,0.0,kenneth,English,Walmart,bazaarvoice
12024768241,"Straight Talk Samsung Galaxy A16, 128GB, 5G, Black - Prepaid Smartphone [Locked to Straight Talk]",Cell Phones,Walmart.com,F55CDC31AB754BB68FE0B39041159D63,39.88,IN_STOCK,4.0,6953,/ip/Straight-Talk-Samsung-Galaxy-A16-128GB-5G-Black-Prepaid-Smartphone-Locked-to-Straight-Talk/12024768241,"Straight Talk Samsung Galaxy A16, 128GB, 5G, Black - Prepaid Smartphone [Locked to Straight Talk]",Prepaid Android phones,5.0,Great for a basic upgrade phone. Does it all,I like it basic but high functioning. Free is always gonna sell me. And it was right on time for my other phone to stop working. I only wish the screens were better about not cracking. I already have 2 hairline cracks from a bounce or 2 in my case. But all in all great functioning phone. Does all i need it to do. Thanks,12/23/2025,No recommendation,0.0,0.0,Hurricane spirit,English,unknown,bazaarvoice
12024768241,"Straight Talk Samsung Galaxy A16, 128GB, 5G, Black - Prepaid Smartphone [Locked to Straight Talk]",Cell Phones,Walmart.com,F55CDC31AB754BB68FE0B39041159D63,39.88,IN_STOCK,4.0,6953,/ip/Straight-Talk-Samsung-Galaxy-A16-128GB-5G-Black-Prepaid-Smartphone-Locked-to-Straight-Talk/12024768241,"Straight Talk Samsung Galaxy A16, 128GB, 5G, Black - Prepaid Smartphone [Locked to Straight Talk]",Prepaid Android phones,4.0,"It's ok, but problems","It's like every other Samsung phone. I had problem with the same phone and they tried to fixed and could not fixes. Since i had it less than a year, they replaced it with another one. I didn't want the same phone the convinced me it was a brand new phone that was a lie.cause i started putting apps in and names with password popped up.  So i had to clear the phone. And start all over. I'm still having problems here and there so, i decided not to use the apps.  I like Samsung  but not this one.",11/15/2025,False,0.0,0.0,Lexi kB,English,unknown,bazaarvoice
12024768241,"Straight Talk Samsung Galaxy A16, 128GB, 5G, Black - Prepaid Smartphone [Locked to Straight Talk]",Cell Phones,Walmart.com,F55CDC31AB754BB68FE0B39041159D63,39.88,IN_STOCK,4.0,6953,/ip/Straight-Talk-Samsung-Galaxy-A16-128GB-5G-Black-Prepaid-Smartphone-Locked-to-Straight-Talk/12024768241,"Straight Talk Samsung Galaxy A16, 128GB, 5G, Black - Prepaid Smartphone [Locked to Straight Talk]",Prepaid Android phones,5.0,Great,"It was a gift but he loves it. Has already switched carriers. He loves that it has 128gb of memory. He has a lot of apps plus games downloaded and still has plenty of memory. It's a cool little phone. Easy to learn to use, takes great pictures. It's a good phone. Would purchase it again in a heartbeat.",01-01-2026,True,0.0,0.0,Amy Hamm,English,unknown,bazaarvoice
12024768241,"Straight Talk Samsung Galaxy A16, 128GB, 5G, Black - Prepaid Smartphone [Locked to Straight Talk]",Cell Phones,Walmart.com,F55CDC31AB754BB68FE0B39041159D63,39.88,IN_STOCK,4.0,6953,/ip/Straight-Talk-Samsung-Galaxy-A16-128GB-5G-Black-Prepaid-Smartphone-Locked-to-Straight-Talk/12024768241,"Straight Talk Samsung Galaxy A16, 128GB, 5G, Black - Prepaid Smartphone [Locked to Straight Talk]",Prepaid Android phones,3.0,Samsung Galaxy S16 5G,Some parts of the phone are a little slow. Not much for audio adjustment other than Dolby Atmos. Battery drains fast and takes forever to charge. Takes decent pictures phone call audio is good and Bluetooth connection is easy and decent. Other than that can't complain for a free phone,11-10-2025,No recommendation,0.0,0.0,Richard Cranium,English,unknown,bazaarvoice
12024768241,"Straight Talk Samsung Galaxy A16, 128GB, 5G, Black - Prepaid Smartphone [Locked to Straight Talk]",Cell Phones,Walmart.com,F55CDC31AB754BB68FE0B39041159D63,39.88,IN_STOCK,4.0,6953,/ip/Straight-Talk-Samsung-Galaxy-A16-128GB-5G-Black-Prepaid-Smartphone-Locked-to-Straight-Talk/12024768241,"Straight Talk Samsung Galaxy A16, 128GB, 5G, Black - Prepaid Smartphone [Locked to Straight Talk]",Prepaid Android phones,3.0,No title,my main issue is that the phone could not be activated. its a pretty good phone. i have one and this was to be for a family member. but i had to return it because its inoperable without activation. thats more of a seller issue really. its a lotlle lagy but it charges super fast,12/14/2025,False,0.0,0.0,Kelley,English,Walmart,bazaarvoice
1034090760,"Straight Talk Samsung Galaxy A54, 5G, 128GB, Black - Prepaid Smartphone",Cell Phones,Accipio technologies Inc,03743A66B9384C869C23D8DC4C6EAB59,235.0,IN_STOCK,4.2,1896,/ip/Straight-Talk-Samsung-Galaxy-A54-5G-128GB-Black-Prepaid-Smartphone/1034090760,"Straight Talk Samsung Galaxy A54, 5G, 128GB, Black - Prepaid Smartphone",Straight Talk Phones & Plans,1.0,No title,i but this phone and trying to get service walmart forgot to scan my phone after 14 days can not  be returned and now i got a new  phone that i can not use,2/17/2024,No recommendation,1.0,0.0,yoni,English,unknown,bazaarvoice
1034090760,"Straight Talk Samsung Galaxy A54, 5G, 128GB, Black - Prepaid Smartphone",Cell Phones,Accipio technologies Inc,03743A66B9384C869C23D8DC4C6EAB59,235.0,IN_STOCK,4.2,1896,/ip/Straight-Talk-Samsung-Galaxy-A54-5G-128GB-Black-Prepaid-Smartphone/1034090760,"Straight Talk Samsung Galaxy A54, 5G, 128GB, Black - Prepaid Smartphone",Straight Talk Phones & Plans,1.0,No title,"the phone was great, for the 5 minutes i had it on. considering walmart didnt scan my phone correctly i had to make multi calls %26 a trip there to just find out. ""electionics didnt scan it properly, we will issue a refund""",7/30/2023,No recommendation,4.0,3.0,Unknown,English,unknown,bazaarvoice
1034090760,"Straight Talk Samsung Galaxy A54, 5G, 128GB, Black - Prepaid Smartphone",Cell Phones,Accipio technologies Inc,03743A66B9384C869C23D8DC4C6EAB59,235.0,IN_STOCK,4.2,1896,/ip/Straight-Talk-Samsung-Galaxy-A54-5G-128GB-Black-Prepaid-Smartphone/1034090760,"Straight Talk Samsung Galaxy A54, 5G, 128GB, Black - Prepaid Smartphone",Straight Talk Phones & Plans,1.0,No title,I wasn't able to activate the phone. Says phone ein is invalid. Customer service said to take it to the store. The store was clueless. Got a refund. Really wanted that phone. A lot of work and aggrevation for nothing. Major disappointment.,08-01-2023,No recommendation,4.0,3.0,dave,English,unknown,bazaarvoice
1034090760,"Straight Talk Samsung Galaxy A54, 5G, 128GB, Black - Prepaid Smartphone",Cell Phones,Accipio technologies Inc,03743A66B9384C869C23D8DC4C6EAB59,235.0,IN_STOCK,4.2,1896,/ip/Straight-Talk-Samsung-Galaxy-A54-5G-128GB-Black-Prepaid-Smartphone/1034090760,"Straight Talk Samsung Galaxy A54, 5G, 128GB, Black - Prepaid Smartphone",Straight Talk Phones & Plans,1.0,No title,the store did not scan it right and i cannot activate it.  i can put sim card from my old phone and it works but not right.  they are refusing to fix it,8/14/2023,No recommendation,6.0,5.0,David,English,unknown,bazaarvoice
1034090760,"Straight Talk Samsung Galaxy A54, 5G, 128GB, Black - Prepaid Smartphone",Cell Phones,Accipio technologies Inc,03743A66B9384C869C23D8DC4C6EAB59,235.0,IN_STOCK,4.2,1896,/ip/Straight-Talk-Samsung-Galaxy-A54-5G-128GB-Black-Prepaid-Smartphone/1034090760,"Straight Talk Samsung Galaxy A54, 5G, 128GB, Black - Prepaid Smartphone",Straight Talk Phones & Plans,5.0,Samsung Galaxy A54 Review,It's an amazing 5G phone! The 6GB Ram make the phone super responsive also the extra storage is a plus given the fact that it has 128gb of storage last but least it has a long lasting battery. you won't be disappointed in the this purchase,12/21/2023,No recommendation,1.0,0.0,Rod,English,unknown,bazaarvoice
1034090760,"Straight Talk Samsung Galaxy A54, 5G, 128GB, Black - Prepaid Smartphone",Cell Phones,Accipio technologies Inc,03743A66B9384C869C23D8DC4C6EAB59,235.0,IN_STOCK,4.2,1896,/ip/Straight-Talk-Samsung-Galaxy-A54-5G-128GB-Black-Prepaid-Smartphone/1034090760,"Straight Talk Samsung Galaxy A54, 5G, 128GB, Black - Prepaid Smartphone",Straight Talk Phones & Plans,5.0,Made the switch!,Had had iPhone for many years and made the switch over to this a54 and it was so easy. Took a little to get it down but it was very seamless. Love the long battery life and the accessories like buying extra plugs are cheaper.,12-07-2023,No recommendation,1.0,0.0,Bob,English,unknown,bazaarvoice
1034090760,"Straight Talk Samsung Galaxy A54, 5G, 128GB, Black - Prepaid Smartphone",Cell Phones,Accipio technologies Inc,03743A66B9384C869C23D8DC4C6EAB59,235.0,IN_STOCK,4.2,1896,/ip/Straight-Talk-Samsung-Galaxy-A54-5G-128GB-Black-Prepaid-Smartphone/1034090760,"Straight Talk Samsung Galaxy A54, 5G, 128GB, Black - Prepaid Smartphone",Straight Talk Phones & Plans,5.0,Overall happy,"Very fast with a sleek design. Camera quality is amazing as well. Definitely worth grabbing for the Black Friday deal. I'd pay 140$ for this phone with the deal, not 300$ as it is regularly priced.",11/27/2023,No recommendation,1.0,0.0,breezyyxo,English,unknown,bazaarvoice
1034090760,"Straight Talk Samsung Galaxy A54, 5G, 128GB, Black - Prepaid Smartphone",Cell Phones,Accipio technologies Inc,03743A66B9384C869C23D8DC4C6EAB59,235.0,IN_STOCK,4.2,1896,/ip/Straight-Talk-Samsung-Galaxy-A54-5G-128GB-Black-Prepaid-Smartphone/1034090760,"Straight Talk Samsung Galaxy A54, 5G, 128GB, Black - Prepaid Smartphone",Straight Talk Phones & Plans,5.0,Great Price,Been loking at the Galaxy a54 and price was 285 to 385. Saw it for 202 and jumped on it. Cheaper cause it was locked to Straight Talk but thats what I use. Good find,08-02-2024,No recommendation,1.0,0.0,Todd,English,Seller,bazaarvoice
1034090760,"Straight Talk Samsung Galaxy A54, 5G, 128GB, Black - Prepaid Smartphone",Cell Phones,Accipio technologies Inc,03743A66B9384C869C23D8DC4C6EAB59,235.0,IN_STOCK,4.2,1896,/ip/Straight-Talk-Samsung-Galaxy-A54-5G-128GB-Black-Prepaid-Smartphone/1034090760,"Straight Talk Samsung Galaxy A54, 5G, 128GB, Black - Prepaid Smartphone",Straight Talk Phones & Plans,3.0,good phone,takes great pictures. good service where ever i go. only thing i dont like is the battery life not as long as my Motorola g but also has more apps and faster than the old one,12-09-2023,No recommendation,1.0,0.0,Adam,English,unknown,bazaarvoice
1034090760,"Straight Talk Samsung Galaxy A54, 5G, 128GB, Black - Prepaid Smartphone",Cell Phones,Accipio technologies Inc,03743A66B9384C869C23D8DC4C6EAB59,235.0,IN_STOCK,4.2,1896,/ip/Straight-Talk-Samsung-Galaxy-A54-5G-128GB-Black-Prepaid-Smartphone/1034090760,"Straight Talk Samsung Galaxy A54, 5G, 128GB, Black - Prepaid Smartphone",Straight Talk Phones & Plans,3.0,Not a fan of verizon,"It's OK. I mainly got it for the camera. It's a Verizon phone so of corse it had MMS issues right out of the box. Surprisingly, it only took an hour or so to resolve this time. I'm used to the S series phones and this is lacking some of the features I like but I got this free with a promo so I guess it was worth it.",03-04-2024,No recommendation,0.0,0.0,MyPublicName,English,unknown,bazaarvoice
1034090760,"Straight Talk Samsung Galaxy A54, 5G, 128GB, Black - Prepaid Smartphone",Cell Phones,Accipio technologies Inc,03743A66B9384C869C23D8DC4C6EAB59,235.0,IN_STOCK,4.2,1896,/ip/Straight-Talk-Samsung-Galaxy-A54-5G-128GB-Black-Prepaid-Smartphone/1034090760,"Straight Talk Samsung Galaxy A54, 5G, 128GB, Black - Prepaid Smartphone",Straight Talk Phones & Plans,5.0,"Great phone, crappy service!","The phone itself is amazing. The straight talk service, on the other hand, is a mess. It's almost impossible to get to an actual person. You always get trapped by the AI system, and then when you get sent thru to an actual person, the wait is 20 to 45 minutes, always. So, you finally make it to a person, then they don't understand your needs and just start doing things on your account without telling you what they are doing or even why they are doing it. After 3 or 4 hours of dealing with the service reps, you think that your issue(s) have been sorted, finally, only to find out 2 days later, nothing was reaolved and your phone was shut off in the middle of your shift, at work, and have zero time to deal with any of it. Get off work, call, and deal with the problem(s) all over again! 
Everything has been remotely fixed, but a month of dealing with the service makes me shy away for it in the future. 
So, yeah, the phone is amazing. And you really dont know the difference between the phone you've spent $1500 on in the past and the one you just spent $300 on in your hand in the present! Battery life is amazing. Goes all day long with no charge, charges quickly when battery needs it. Typical samsung is easy to use and has all the tutorials if you dont know how to use it. And comes with all the bells and whistles the $1500 samsungs have.",5/30/2025,True,0.0,0.0,Stephanie,English,Seller,bazaarvoice
1034090760,"Straight Talk Samsung Galaxy A54, 5G, 128GB, Black - Prepaid Smartphone",Cell Phones,Accipio technologies Inc,03743A66B9384C869C23D8DC4C6EAB59,235.0,IN_STOCK,4.2,1896,/ip/Straight-Talk-Samsung-Galaxy-A54-5G-128GB-Black-Prepaid-Smartphone/1034090760,"Straight Talk Samsung Galaxy A54, 5G, 128GB, Black - Prepaid Smartphone",Straight Talk Phones & Plans,2.0,Not a fan of Samsung,Samsung is like the iPhone of Androids. It isn't use friendly when switching from Motorola. Most of my settings didn't transfer the way they do when switching to other Android devices. There is too much Samsung Android apps that are the same and do the same thing. I don't need 2 passkey accounts and I don't need Samsung to remember everything my Google account is already set up for. I am not a fan of Samsung.,11-01-2024,False,0.0,0.0,Jackie85,English,unknown,bazaarvoice
1034090760,"Straight Talk Samsung Galaxy A54, 5G, 128GB, Black - Prepaid Smartphone",Cell Phones,Accipio technologies Inc,03743A66B9384C869C23D8DC4C6EAB59,235.0,IN_STOCK,4.2,1896,/ip/Straight-Talk-Samsung-Galaxy-A54-5G-128GB-Black-Prepaid-Smartphone/1034090760,"Straight Talk Samsung Galaxy A54, 5G, 128GB, Black - Prepaid Smartphone",Straight Talk Phones & Plans,1.0,No title,"Do your research on this company before buying! I did get a refund by taking it to Walmart, not new phones!!!",01-09-2026,No recommendation,0.0,0.0,Tami,English,Seller,bazaarvoice
1034090760,"Straight Talk Samsung Galaxy A54, 5G, 128GB, Black - Prepaid Smartphone",Cell Phones,Accipio technologies Inc,03743A66B9384C869C23D8DC4C6EAB59,235.0,IN_STOCK,4.2,1896,/ip/Straight-Talk-Samsung-Galaxy-A54-5G-128GB-Black-Prepaid-Smartphone/1034090760,"Straight Talk Samsung Galaxy A54, 5G, 128GB, Black - Prepaid Smartphone",Straight Talk Phones & Plans,1.0,Sold me a Straight Talk phone without a sim card!,Shame on you Walmart! Sold me a Straight Talk phone without a sim card! U suck. Got it for a gift and cant even use the phone!,2/16/2026,False,0.0,0.0,John,English,Seller,bazaarvoice
1034090760,"Straight Talk Samsung Galaxy A54, 5G, 128GB, Black - Prepaid Smartphone",Cell Phones,Accipio technologies Inc,03743A66B9384C869C23D8DC4C6EAB59,235.0,IN_STOCK,4.2,1896,/ip/Straight-Talk-Samsung-Galaxy-A54-5G-128GB-Black-Prepaid-Smartphone/1034090760,"Straight Talk Samsung Galaxy A54, 5G, 128GB, Black - Prepaid Smartphone",Straight Talk Phones & Plans,5.0,Excellent Upgrade,"My new phone has been amazing so far! I'm able to use apps I was no longer able to use on my previous phone and so much more! Plus, the refresh rate and performance of my new phone in general is just amazing!",11-08-2024,True,0.0,0.0,Devinchi,English,unknown,bazaarvoice
1034090760,"Straight Talk Samsung Galaxy A54, 5G, 128GB, Black - Prepaid Smartphone",Cell Phones,Accipio technologies Inc,03743A66B9384C869C23D8DC4C6EAB59,235.0,IN_STOCK,4.2,1896,/ip/Straight-Talk-Samsung-Galaxy-A54-5G-128GB-Black-Prepaid-Smartphone/1034090760,"Straight Talk Samsung Galaxy A54, 5G, 128GB, Black - Prepaid Smartphone",Straight Talk Phones & Plans,4.0,A decent phone,Really good device but is missing features from Samsung A12 (upgrade from) that i liked and i also can't find a way to get some settings the some way too. It seems to work better and holds more apps i use.,11-10-2024,True,0.0,0.0,Ictorvay25,English,unknown,bazaarvoice
1034090760,"Straight Talk Samsung Galaxy A54, 5G, 128GB, Black - Prepaid Smartphone",Cell Phones,Accipio technologies Inc,03743A66B9384C869C23D8DC4C6EAB59,235.0,IN_STOCK,4.2,1896,/ip/Straight-Talk-Samsung-Galaxy-A54-5G-128GB-Black-Prepaid-Smartphone/1034090760,"Straight Talk Samsung Galaxy A54, 5G, 128GB, Black - Prepaid Smartphone",Straight Talk Phones & Plans,5.0,No title,"I was desperately due for an upgrade and its just what I needed. Please buy in store though and not online or else you won't be able to properly activate the phone, soeaking from experience.",08-07-2023,No recommendation,5.0,0.0,Liv,English,unknown,bazaarvoice
1034090760,"Straight Talk Samsung Galaxy A54, 5G, 128GB, Black - Prepaid Smartphone",Cell Phones,Accipio technologies Inc,03743A66B9384C869C23D8DC4C6EAB59,235.0,IN_STOCK,4.2,1896,/ip/Straight-Talk-Samsung-Galaxy-A54-5G-128GB-Black-Prepaid-Smartphone/1034090760,"Straight Talk Samsung Galaxy A54, 5G, 128GB, Black - Prepaid Smartphone",Straight Talk Phones & Plans,2.0,Do not have phone shipped. Buy in store.,"The phone was great but, we were unable to set it up due to Walmart not scanning the phone correctly before shipping it. Straight talk pretty much though I stole the phone.",9/19/2023,No recommendation,3.0,0.0,Jess,English,unknown,bazaarvoice
1034090760,"Straight Talk Samsung Galaxy A54, 5G, 128GB, Black - Prepaid Smartphone",Cell Phones,Accipio technologies Inc,03743A66B9384C869C23D8DC4C6EAB59,235.0,IN_STOCK,4.2,1896,/ip/Straight-Talk-Samsung-Galaxy-A54-5G-128GB-Black-Prepaid-Smartphone/1034090760,"Straight Talk Samsung Galaxy A54, 5G, 128GB, Black - Prepaid Smartphone",Straight Talk Phones & Plans,1.0,cannot activate this phone,i just received this phone by FedEx and i called straight talk and they said this phone was not scanned out correctly so it will not let me activate this phone so i need this phone where i can activate it.,9/26/2023,No recommendation,9.0,2.0,Sheri,English,unknown,bazaarvoice
1034090760,"Straight Talk Samsung Galaxy A54, 5G, 128GB, Black - Prepaid Smartphone",Cell Phones,Accipio technologies Inc,03743A66B9384C869C23D8DC4C6EAB59,235.0,IN_STOCK,4.2,1896,/ip/Straight-Talk-Samsung-Galaxy-A54-5G-128GB-Black-Prepaid-Smartphone/1034090760,"Straight Talk Samsung Galaxy A54, 5G, 128GB, Black - Prepaid Smartphone",Straight Talk Phones & Plans,4.0,Samsung galaxy a54 5g review,"I love my mew phone. My only gripe with the phone is that the battery seems to die kind of quick. Other than that I love it, it's an amazing phone with a super competitive camera.",12-06-2024,True,0.0,0.0,Mads,English,unknown,bazaarvoice
14621564492,"Walmart Family Mobile Motorola moto g Power 2025, 5G, 128GB, Gray - Prepaid Smartphone [Locked to Walmart Family Mobile]",Cell Phones,Walmart.com,F55CDC31AB754BB68FE0B39041159D63,99.88,IN_STOCK,4.6,89,/ip/Walmart-Family-Mobile-Motorola-Moto-g-Power-2025-5G-128GB-Gray-Prepaid-Smartphone-Locked-to-Walmart-Family-Mobile/14621564492,"Walmart Family Mobile Motorola moto g Power 2025, 5G, 128GB, Gray - Prepaid Smartphone [Locked to Walmart Family Mobile]",5G Prepaid Phones,5.0,No title,phone memory is amazing an built sorta tough dropped a couple times an still oerfect,9/14/2025,True,0.0,0.0,Mark,English,Walmart,bazaarvoice
14621564492,"Walmart Family Mobile Motorola moto g Power 2025, 5G, 128GB, Gray - Prepaid Smartphone [Locked to Walmart Family Mobile]",Cell Phones,Walmart.com,F55CDC31AB754BB68FE0B39041159D63,99.88,IN_STOCK,4.6,89,/ip/Walmart-Family-Mobile-Motorola-Moto-g-Power-2025-5G-128GB-Gray-Prepaid-Smartphone-Locked-to-Walmart-Family-Mobile/14621564492,"Walmart Family Mobile Motorola moto g Power 2025, 5G, 128GB, Gray - Prepaid Smartphone [Locked to Walmart Family Mobile]",5G Prepaid Phones,5.0,No title,works wonderfully,5/17/2026,True,0.0,0.0,Cat,English,Walmart,bazaarvoice
14538802170,"Straight Talk Motorola Moto g Stylus 2025, 5G, 128GB, Blue - Prepaid Smartphone [Locked to Straight Talk]",Cell Phones,Walmart.com,F55CDC31AB754BB68FE0B39041159D63,199.0,IN_STOCK,4.3,1124,/ip/Straight-Talk-Motorola-Moto-g-Stylus-2025-5G-128GB-Blue-Prepaid-Smartphone-Locked-to-Straight-Talk/14538802170,"Straight Talk Motorola Moto g Stylus 2025, 5G, 128GB, Blue - Prepaid Smartphone [Locked to Straight Talk]",5G Prepaid Phones,5.0,Great phone for the money,I'm pleasantly surprised in the performance and function that my new moto g has provided. And which the added stylus for extra versatility makes it even better,12-09-2025,True,0.0,0.0,SSp8,English,unknown,bazaarvoice
14538802170,"Straight Talk Motorola Moto g Stylus 2025, 5G, 128GB, Blue - Prepaid Smartphone [Locked to Straight Talk]",Cell Phones,Walmart.com,F55CDC31AB754BB68FE0B39041159D63,199.0,IN_STOCK,4.3,1124,/ip/Straight-Talk-Motorola-Moto-g-Stylus-2025-5G-128GB-Blue-Prepaid-Smartphone-Locked-to-Straight-Talk/14538802170,"Straight Talk Motorola Moto g Stylus 2025, 5G, 128GB, Blue - Prepaid Smartphone [Locked to Straight Talk]",5G Prepaid Phones,4.0,Better than Most.,Does all the things I needed it to do - Not the worst but not the best - Camera could be better and CPU could be faster- battery life could be better.,02-03-2026,True,0.0,0.0,Chiller,English,unknown,bazaarvoice
14538802170,"Straight Talk Motorola Moto g Stylus 2025, 5G, 128GB, Blue - Prepaid Smartphone [Locked to Straight Talk]",Cell Phones,Walmart.com,F55CDC31AB754BB68FE0B39041159D63,199.0,IN_STOCK,4.3,1124,/ip/Straight-Talk-Motorola-Moto-g-Stylus-2025-5G-128GB-Blue-Prepaid-Smartphone-Locked-to-Straight-Talk/14538802170,"Straight Talk Motorola Moto g Stylus 2025, 5G, 128GB, Blue - Prepaid Smartphone [Locked to Straight Talk]",5G Prepaid Phones,5.0,Awesome,"This is yet to be the best phone I've purchased.
I love the Dolby Atmos sound when my music plays. My phone is fast and is by far the best phone I've ever purchased",04-09-2026,True,0.0,0.0,Unknown,English,unknown,bazaarvoice
14538802170,"Straight Talk Motorola Moto g Stylus 2025, 5G, 128GB, Blue - Prepaid Smartphone [Locked to Straight Talk]",Cell Phones,Walmart.com,F55CDC31AB754BB68FE0B39041159D63,199.0,IN_STOCK,4.3,1124,/ip/Straight-Talk-Motorola-Moto-g-Stylus-2025-5G-128GB-Blue-Prepaid-Smartphone-Locked-to-Straight-Talk/14538802170,"Straight Talk Motorola Moto g Stylus 2025, 5G, 128GB, Blue - Prepaid Smartphone [Locked to Straight Talk]",5G Prepaid Phones,5.0,Nice Upgrade,"I had the 2024 version of the stylus. I really think this upgrade is well worth it. Faster response time, better pictures. I really like this phone and would highly recommend it",11/15/2025,True,0.0,0.0,Unknown,English,unknown,bazaarvoice
14538802170,"Straight Talk Motorola Moto g Stylus 2025, 5G, 128GB, Blue - Prepaid Smartphone [Locked to Straight Talk]",Cell Phones,Walmart.com,F55CDC31AB754BB68FE0B39041159D63,199.0,IN_STOCK,4.3,1124,/ip/Straight-Talk-Motorola-Moto-g-Stylus-2025-5G-128GB-Blue-Prepaid-Smartphone-Locked-to-Straight-Talk/14538802170,"Straight Talk Motorola Moto g Stylus 2025, 5G, 128GB, Blue - Prepaid Smartphone [Locked to Straight Talk]",5G Prepaid Phones,5.0,excellent all around device with active stylus,"this is a fast device with great 5g performance, excellent screen, excellent battery life, charge limiting to save battery health, and an excellent built in active stylus. i'm very impressed with this phone.",01-10-2026,True,0.0,0.0,ab121212,English,unknown,bazaarvoice
14538802170,"Straight Talk Motorola Moto g Stylus 2025, 5G, 128GB, Blue - Prepaid Smartphone [Locked to Straight Talk]",Cell Phones,Walmart.com,F55CDC31AB754BB68FE0B39041159D63,199.0,IN_STOCK,4.3,1124,/ip/Straight-Talk-Motorola-Moto-g-Stylus-2025-5G-128GB-Blue-Prepaid-Smartphone-Locked-to-Straight-Talk/14538802170,"Straight Talk Motorola Moto g Stylus 2025, 5G, 128GB, Blue - Prepaid Smartphone [Locked to Straight Talk]",5G Prepaid Phones,5.0,Great phone,This phone is one of the toughest phones I've ever had.  Only have had it 3 weeks and have dropped it numerous times and still looks and performs like straight outta the box!,2/24/2026,True,0.0,0.0,Brandino,English,unknown,bazaarvoice
14538802170,"Straight Talk Motorola Moto g Stylus 2025, 5G, 128GB, Blue - Prepaid Smartphone [Locked to Straight Talk]",Cell Phones,Walmart.com,F55CDC31AB754BB68FE0B39041159D63,199.0,IN_STOCK,4.3,1124,/ip/Straight-Talk-Motorola-Moto-g-Stylus-2025-5G-128GB-Blue-Prepaid-Smartphone-Locked-to-Straight-Talk/14538802170,"Straight Talk Motorola Moto g Stylus 2025, 5G, 128GB, Blue - Prepaid Smartphone [Locked to Straight Talk]",5G Prepaid Phones,5.0,No title,I've been wanting a new phone for my Wife. Finally got it for her. happy I did. I have a moto 5 g Stylus 2024 and it been a Awesome phone. I'm sure the 2025 model is even better. Thanks,05-02-2026,True,0.0,0.0,Frederick,English,Walmart,bazaarvoice
14538802170,"Straight Talk Motorola Moto g Stylus 2025, 5G, 128GB, Blue - Prepaid Smartphone [Locked to Straight Talk]",Cell Phones,Walmart.com,F55CDC31AB754BB68FE0B39041159D63,199.0,IN_STOCK,4.3,1124,/ip/Straight-Talk-Motorola-Moto-g-Stylus-2025-5G-128GB-Blue-Prepaid-Smartphone-Locked-to-Straight-Talk/14538802170,"Straight Talk Motorola Moto g Stylus 2025, 5G, 128GB, Blue - Prepaid Smartphone [Locked to Straight Talk]",5G Prepaid Phones,3.0,Motorola Moto g stylus 2025 5g,It's a good phone but the lack of noticable upgrades from last year's model is disappointing. Had I not got the phone for a massive discount I would have never bought it and I have owned every g stylus model since the 2023 model.,12/19/2025,False,0.0,0.0,BriYan91,English,unknown,bazaarvoice
14538802170,"Straight Talk Motorola Moto g Stylus 2025, 5G, 128GB, Blue - Prepaid Smartphone [Locked to Straight Talk]",Cell Phones,Walmart.com,F55CDC31AB754BB68FE0B39041159D63,199.0,IN_STOCK,4.3,1124,/ip/Straight-Talk-Motorola-Moto-g-Stylus-2025-5G-128GB-Blue-Prepaid-Smartphone-Locked-to-Straight-Talk/14538802170,"Straight Talk Motorola Moto g Stylus 2025, 5G, 128GB, Blue - Prepaid Smartphone [Locked to Straight Talk]",5G Prepaid Phones,1.0,"The service is slow, it will not get 5G","I don't know why this phone will not get 5G in my location because we have very strong Verizon in the area I live in.
It's a shame because the phone itself is nice but the service is bad.",12/19/2025,False,0.0,0.0,Katja,English,unknown,bazaarvoice
14538802170,"Straight Talk Motorola Moto g Stylus 2025, 5G, 128GB, Blue - Prepaid Smartphone [Locked to Straight Talk]",Cell Phones,Walmart.com,F55CDC31AB754BB68FE0B39041159D63,199.0,IN_STOCK,4.3,1124,/ip/Straight-Talk-Motorola-Moto-g-Stylus-2025-5G-128GB-Blue-Prepaid-Smartphone-Locked-to-Straight-Talk/14538802170,"Straight Talk Motorola Moto g Stylus 2025, 5G, 128GB, Blue - Prepaid Smartphone [Locked to Straight Talk]",5G Prepaid Phones,4.0,good phone,I like it much better than the older version but the pen still isn't very convenient.it stays in better then the older version but it doesn't like to go in very easy.,10/25/2025,True,0.0,0.0,Bethany,English,Walmart,bazaarvoice
14538802170,"Straight Talk Motorola Moto g Stylus 2025, 5G, 128GB, Blue - Prepaid Smartphone [Locked to Straight Talk]",Cell Phones,Walmart.com,F55CDC31AB754BB68FE0B39041159D63,199.0,IN_STOCK,4.3,1124,/ip/Straight-Talk-Motorola-Moto-g-Stylus-2025-5G-128GB-Blue-Prepaid-Smartphone-Locked-to-Straight-Talk/14538802170,"Straight Talk Motorola Moto g Stylus 2025, 5G, 128GB, Blue - Prepaid Smartphone [Locked to Straight Talk]",5G Prepaid Phones,5.0,Great phone and service!,Bought this phone for my daughter for Christmas and she absolutely loves it! We love straight talk because it's a great monthly price and great service!,01-01-2026,No recommendation,0.0,0.0,JessicaG0916,English,unknown,bazaarvoice
14538802170,"Straight Talk Motorola Moto g Stylus 2025, 5G, 128GB, Blue - Prepaid Smartphone [Locked to Straight Talk]",Cell Phones,Walmart.com,F55CDC31AB754BB68FE0B39041159D63,199.0,IN_STOCK,4.3,1124,/ip/Straight-Talk-Motorola-Moto-g-Stylus-2025-5G-128GB-Blue-Prepaid-Smartphone-Locked-to-Straight-Talk/14538802170,"Straight Talk Motorola Moto g Stylus 2025, 5G, 128GB, Blue - Prepaid Smartphone [Locked to Straight Talk]",5G Prepaid Phones,4.0,Great.,Possible software issues as apps keep closing other than that things work. Even my texting/messages crashes from time to time. Notes also crashes when using wifi or phone service.,01-02-2026,True,0.0,0.0,Felicia defrancesco,English,unknown,bazaarvoice
14538802170,"Straight Talk Motorola Moto g Stylus 2025, 5G, 128GB, Blue - Prepaid Smartphone [Locked to Straight Talk]",Cell Phones,Walmart.com,F55CDC31AB754BB68FE0B39041159D63,199.0,IN_STOCK,4.3,1124,/ip/Straight-Talk-Motorola-Moto-g-Stylus-2025-5G-128GB-Blue-Prepaid-Smartphone-Locked-to-Straight-Talk/14538802170,"Straight Talk Motorola Moto g Stylus 2025, 5G, 128GB, Blue - Prepaid Smartphone [Locked to Straight Talk]",5G Prepaid Phones,5.0,Love,Love the phone it is much more than I expected and the stylus is a nice add too... My pictures are so much better than my old motoG 5 Maxx. Plenty of storage and,12-12-2025,True,0.0,0.0,JodiA,English,unknown,bazaarvoice
14538802170,"Straight Talk Motorola Moto g Stylus 2025, 5G, 128GB, Blue - Prepaid Smartphone [Locked to Straight Talk]",Cell Phones,Walmart.com,F55CDC31AB754BB68FE0B39041159D63,199.0,IN_STOCK,4.3,1124,/ip/Straight-Talk-Motorola-Moto-g-Stylus-2025-5G-128GB-Blue-Prepaid-Smartphone-Locked-to-Straight-Talk/14538802170,"Straight Talk Motorola Moto g Stylus 2025, 5G, 128GB, Blue - Prepaid Smartphone [Locked to Straight Talk]",5G Prepaid Phones,5.0,Phone,Kool 😎 nice phone...the close button should be in a different spot than at the bottom of the phone because every time I turn around It closes out my apps.. when am Im in the middle of doing something,12-11-2025,True,0.0,0.0,Backwoods,English,unknown,bazaarvoice
14538802170,"Straight Talk Motorola Moto g Stylus 2025, 5G, 128GB, Blue - Prepaid Smartphone [Locked to Straight Talk]",Cell Phones,Walmart.com,F55CDC31AB754BB68FE0B39041159D63,199.0,IN_STOCK,4.3,1124,/ip/Straight-Talk-Motorola-Moto-g-Stylus-2025-5G-128GB-Blue-Prepaid-Smartphone-Locked-to-Straight-Talk/14538802170,"Straight Talk Motorola Moto g Stylus 2025, 5G, 128GB, Blue - Prepaid Smartphone [Locked to Straight Talk]",5G Prepaid Phones,5.0,Moto G Stylus 2025 5G,"It's a great phone. I love taking notes with the stylus. I love the fast charging capability and how long the battery lasts. For androids I would say second to Samsung, but still very good for the price.",12-03-2025,True,0.0,0.0,Lily123,English,unknown,bazaarvoice
14538802170,"Straight Talk Motorola Moto g Stylus 2025, 5G, 128GB, Blue - Prepaid Smartphone [Locked to Straight Talk]",Cell Phones,Walmart.com,F55CDC31AB754BB68FE0B39041159D63,199.0,IN_STOCK,4.3,1124,/ip/Straight-Talk-Motorola-Moto-g-Stylus-2025-5G-128GB-Blue-Prepaid-Smartphone-Locked-to-Straight-Talk/14538802170,"Straight Talk Motorola Moto g Stylus 2025, 5G, 128GB, Blue - Prepaid Smartphone [Locked to Straight Talk]",5G Prepaid Phones,5.0,Great Phone,I watched reviews on this phone before I made a decision to purchase. I was going to get the iPhone (again) but I'm glad I switched back to android and with this phone ! Fives stars,12-09-2025,No recommendation,0.0,0.0,Recent customer,English,unknown,bazaarvoice
14538802170,"Straight Talk Motorola Moto g Stylus 2025, 5G, 128GB, Blue - Prepaid Smartphone [Locked to Straight Talk]",Cell Phones,Walmart.com,F55CDC31AB754BB68FE0B39041159D63,199.0,IN_STOCK,4.3,1124,/ip/Straight-Talk-Motorola-Moto-g-Stylus-2025-5G-128GB-Blue-Prepaid-Smartphone-Locked-to-Straight-Talk/14538802170,"Straight Talk Motorola Moto g Stylus 2025, 5G, 128GB, Blue - Prepaid Smartphone [Locked to Straight Talk]",5G Prepaid Phones,5.0,Great budget phone,"I have two previous generation of moto stylus and a g power. This phone is best of both worlds. It has everything i wanted(5g, nfc, wireless charging, stylus, oled, decent speed etc) highly recommended if you care about value than big brand names.",12/20/2025,No recommendation,0.0,0.0,HelloMoto,English,unknown,bazaarvoice
14538802170,"Straight Talk Motorola Moto g Stylus 2025, 5G, 128GB, Blue - Prepaid Smartphone [Locked to Straight Talk]",Cell Phones,Walmart.com,F55CDC31AB754BB68FE0B39041159D63,199.0,IN_STOCK,4.3,1124,/ip/Straight-Talk-Motorola-Moto-g-Stylus-2025-5G-128GB-Blue-Prepaid-Smartphone-Locked-to-Straight-Talk/14538802170,"Straight Talk Motorola Moto g Stylus 2025, 5G, 128GB, Blue - Prepaid Smartphone [Locked to Straight Talk]",5G Prepaid Phones,4.0,Decent phone,"Pretty decent phone , but door dash program repeatedly crashed and resulted in multiple phone restarts; sometimes the map program will ""lose position"".",12/15/2025,True,0.0,0.0,SAWallace,English,unknown,bazaarvoice
14538802170,"Straight Talk Motorola Moto g Stylus 2025, 5G, 128GB, Blue - Prepaid Smartphone [Locked to Straight Talk]",Cell Phones,Walmart.com,F55CDC31AB754BB68FE0B39041159D63,199.0,IN_STOCK,4.3,1124,/ip/Straight-Talk-Motorola-Moto-g-Stylus-2025-5G-128GB-Blue-Prepaid-Smartphone-Locked-to-Straight-Talk/14538802170,"Straight Talk Motorola Moto g Stylus 2025, 5G, 128GB, Blue - Prepaid Smartphone [Locked to Straight Talk]",5G Prepaid Phones,5.0,I love these phones,I've been a big fan of the stylus since day one they are easy to use and have fun and useful features other phones fail to incorporate or can incorporate,12/17/2025,True,0.0,0.0,Amos lakethatoneguy2,English,unknown,bazaarvoice
14538802170,"Straight Talk Motorola Moto g Stylus 2025, 5G, 128GB, Blue - Prepaid Smartphone [Locked to Straight Talk]",Cell Phones,Walmart.com,F55CDC31AB754BB68FE0B39041159D63,199.0,IN_STOCK,4.3,1124,/ip/Straight-Talk-Motorola-Moto-g-Stylus-2025-5G-128GB-Blue-Prepaid-Smartphone-Locked-to-Straight-Talk/14538802170,"Straight Talk Motorola Moto g Stylus 2025, 5G, 128GB, Blue - Prepaid Smartphone [Locked to Straight Talk]",5G Prepaid Phones,5.0,Love my new phone,I absolutely love my new Motorola g stylus the camera quality alone is worth the price of the phone alone then the speed and storage are an added bonus..,11/16/2025,No recommendation,0.0,0.0,Unknown,English,unknown,bazaarvoice
5321123189,"AT&T Moto G Play 2024, 64GB, Sapphire Blue -Prepaid Smartphone",Cell Phones,Walmart.com,F55CDC31AB754BB68FE0B39041159D63,49.88,IN_STOCK,4.1,1743,/ip/AT-T-Moto-G-Play-2024-64GB-Sapphire-Blue-Prepaid-Smartphone/5321123189,"AT&T Moto G Play 2024, 64GB, Sapphire Blue -Prepaid Smartphone",Prepaid Android phones,5.0,No title,I had another phone just like it which I purcahsed from AT%26T for twice as much. My phone screen got smashed and I needed a new one. Was really happy to know walmart had it for a lot less.,3/28/2025,No recommendation,1.0,0.0,WalmartCustomer,English,unknown,bazaarvoice
5321123189,"AT&T Moto G Play 2024, 64GB, Sapphire Blue -Prepaid Smartphone",Cell Phones,Walmart.com,F55CDC31AB754BB68FE0B39041159D63,49.88,IN_STOCK,4.1,1743,/ip/AT-T-Moto-G-Play-2024-64GB-Sapphire-Blue-Prepaid-Smartphone/5321123189,"AT&T Moto G Play 2024, 64GB, Sapphire Blue -Prepaid Smartphone",Prepaid Android phones,4.0,No title,"Bought this for my bf, so far it seems to be a pretty decent phone. He's only had it for about a week or so. We'll see in about a month how well it holds up.",05-03-2025,No recommendation,1.0,0.0,anonymous,English,Walmart,bazaarvoice
5321123189,"AT&T Moto G Play 2024, 64GB, Sapphire Blue -Prepaid Smartphone",Cell Phones,Walmart.com,F55CDC31AB754BB68FE0B39041159D63,49.88,IN_STOCK,4.1,1743,/ip/AT-T-Moto-G-Play-2024-64GB-Sapphire-Blue-Prepaid-Smartphone/5321123189,"AT&T Moto G Play 2024, 64GB, Sapphire Blue -Prepaid Smartphone",Prepaid Android phones,1.0,flagged as stolen upon activation,"As soon as I tried to load the phone with my smart chip to activate it. It caused the phone to lock down, also locking my smart card, flagging it all as stolen.",3/14/2025,False,1.0,0.0,Robert,English,Walmart,bazaarvoice
5321123189,"AT&T Moto G Play 2024, 64GB, Sapphire Blue -Prepaid Smartphone",Cell Phones,Walmart.com,F55CDC31AB754BB68FE0B39041159D63,49.88,IN_STOCK,4.1,1743,/ip/AT-T-Moto-G-Play-2024-64GB-Sapphire-Blue-Prepaid-Smartphone/5321123189,"AT&T Moto G Play 2024, 64GB, Sapphire Blue -Prepaid Smartphone",Prepaid Android phones,3.0,No title,i would recomed it for a alternative phone or a back up. not for a adult everyday use. its perfect for my kids. and for the price you really cant ask for better,03-05-2025,True,1.0,0.0,kayla,English,Walmart,bazaarvoice
5321123189,"AT&T Moto G Play 2024, 64GB, Sapphire Blue -Prepaid Smartphone",Cell Phones,Walmart.com,F55CDC31AB754BB68FE0B39041159D63,49.88,IN_STOCK,4.1,1743,/ip/AT-T-Moto-G-Play-2024-64GB-Sapphire-Blue-Prepaid-Smartphone/5321123189,"AT&T Moto G Play 2024, 64GB, Sapphire Blue -Prepaid Smartphone",Prepaid Android phones,5.0,Great Phone for the price!,"Bought this phone as an emergency because my s24 need fix..but this is a great phone for the price. I was surprise how good the phone is. it doesn't have many features as my s24, but its a great phone overall. Highly recommend the phone.",4/16/2025,True,1.0,0.0,anonymous,English,Walmart,bazaarvoice
5321123189,"AT&T Moto G Play 2024, 64GB, Sapphire Blue -Prepaid Smartphone",Cell Phones,Walmart.com,F55CDC31AB754BB68FE0B39041159D63,49.88,IN_STOCK,4.1,1743,/ip/AT-T-Moto-G-Play-2024-64GB-Sapphire-Blue-Prepaid-Smartphone/5321123189,"AT&T Moto G Play 2024, 64GB, Sapphire Blue -Prepaid Smartphone",Prepaid Android phones,1.0,No title,First the item was broken when I got it then as I returned it to the store the store lost or misplaced the refund that was supposed to be on the card from the time I walk from the front counter to the electronics counter to pick a new device with the money that they refunded they lost the money in the computer then I've been calling and calling about my refund and it says the refund was issued actually it was issue but the store never allowed me to get it so yeah I'm not shopping with Walmart or anyone  of their online services .the customer care manager was very rude even after seeing I was upset,03-04-2025,True,1.0,1.0,Catina,English,Walmart,bazaarvoice
5321123189,"AT&T Moto G Play 2024, 64GB, Sapphire Blue -Prepaid Smartphone",Cell Phones,Walmart.com,F55CDC31AB754BB68FE0B39041159D63,49.88,IN_STOCK,4.1,1743,/ip/AT-T-Moto-G-Play-2024-64GB-Sapphire-Blue-Prepaid-Smartphone/5321123189,"AT&T Moto G Play 2024, 64GB, Sapphire Blue -Prepaid Smartphone",Prepaid Android phones,5.0,No title,I am not tech savvy at all but still after a couple hours I managed to get the phone going. I love it it's pretty. Plus it has voice text which I haven't had for a long time and I really like it.,5/18/2025,True,0.0,0.0,Ked,English,Walmart,bazaarvoice
5321123189,"AT&T Moto G Play 2024, 64GB, Sapphire Blue -Prepaid Smartphone",Cell Phones,Walmart.com,F55CDC31AB754BB68FE0B39041159D63,49.88,IN_STOCK,4.1,1743,/ip/AT-T-Moto-G-Play-2024-64GB-Sapphire-Blue-Prepaid-Smartphone/5321123189,"AT&T Moto G Play 2024, 64GB, Sapphire Blue -Prepaid Smartphone",Prepaid Android phones,1.0,Walmart plus is a joke,I ordered a phone it never came so I ordered another phone and they cancel it saying I had excessive orders because nobody knows how to go shopping at Walmart for your items they give up and just say they're not there,07-06-2025,False,0.0,0.0,Dani,English,Walmart,bazaarvoice
5321123189,"AT&T Moto G Play 2024, 64GB, Sapphire Blue -Prepaid Smartphone",Cell Phones,Walmart.com,F55CDC31AB754BB68FE0B39041159D63,49.88,IN_STOCK,4.1,1743,/ip/AT-T-Moto-G-Play-2024-64GB-Sapphire-Blue-Prepaid-Smartphone/5321123189,"AT&T Moto G Play 2024, 64GB, Sapphire Blue -Prepaid Smartphone",Prepaid Android phones,1.0,No title,Have bought 2 so far and returned both because Walmart didn't properly scan the phone before shipping and it has made a handicapped man be without a phone for a week,4/14/2025,No recommendation,0.0,0.0,Jennifer,English,Walmart,bazaarvoice
5321123189,"AT&T Moto G Play 2024, 64GB, Sapphire Blue -Prepaid Smartphone",Cell Phones,Walmart.com,F55CDC31AB754BB68FE0B39041159D63,49.88,IN_STOCK,4.1,1743,/ip/AT-T-Moto-G-Play-2024-64GB-Sapphire-Blue-Prepaid-Smartphone/5321123189,"AT&T Moto G Play 2024, 64GB, Sapphire Blue -Prepaid Smartphone",Prepaid Android phones,1.0,No title,I still have not received my refund back to my Paypal account I'm extremely angry and I don't even want to order anything else from you guys I knew that there would be a problem and sure enough there is,5/22/2025,No recommendation,0.0,0.0,Laura,English,Walmart,bazaarvoice
5321123189,"AT&T Moto G Play 2024, 64GB, Sapphire Blue -Prepaid Smartphone",Cell Phones,Walmart.com,F55CDC31AB754BB68FE0B39041159D63,49.88,IN_STOCK,4.1,1743,/ip/AT-T-Moto-G-Play-2024-64GB-Sapphire-Blue-Prepaid-Smartphone/5321123189,"AT&T Moto G Play 2024, 64GB, Sapphire Blue -Prepaid Smartphone",Prepaid Android phones,1.0,No title,Did not receive it was delayed with no delivery update,10/21/2025,No recommendation,0.0,0.0,WalmartCustomer,English,unknown,bazaarvoice
5321123189,"AT&T Moto G Play 2024, 64GB, Sapphire Blue -Prepaid Smartphone",Cell Phones,Walmart.com,F55CDC31AB754BB68FE0B39041159D63,49.88,IN_STOCK,4.1,1743,/ip/AT-T-Moto-G-Play-2024-64GB-Sapphire-Blue-Prepaid-Smartphone/5321123189,"AT&T Moto G Play 2024, 64GB, Sapphire Blue -Prepaid Smartphone",Prepaid Android phones,1.0,No title,i hate this phone. it fried our sim cards and says its locked. i want a refund. This phone is crap,7/17/2025,False,0.0,0.0,Paige,English,Walmart,bazaarvoice
5321123189,"AT&T Moto G Play 2024, 64GB, Sapphire Blue -Prepaid Smartphone",Cell Phones,Walmart.com,F55CDC31AB754BB68FE0B39041159D63,49.88,IN_STOCK,4.1,1743,/ip/AT-T-Moto-G-Play-2024-64GB-Sapphire-Blue-Prepaid-Smartphone/5321123189,"AT&T Moto G Play 2024, 64GB, Sapphire Blue -Prepaid Smartphone",Prepaid Android phones,5.0,No title,The battery last all day I love it ♥️,10/23/2025,No recommendation,0.0,0.0,Jt,English,Walmart,bazaarvoice
5321123189,"AT&T Moto G Play 2024, 64GB, Sapphire Blue -Prepaid Smartphone",Cell Phones,Walmart.com,F55CDC31AB754BB68FE0B39041159D63,49.88,IN_STOCK,4.1,1743,/ip/AT-T-Moto-G-Play-2024-64GB-Sapphire-Blue-Prepaid-Smartphone/5321123189,"AT&T Moto G Play 2024, 64GB, Sapphire Blue -Prepaid Smartphone",Prepaid Android phones,5.0,No title,Less expensive but just as good as a Samsung.,4/20/2026,True,0.0,0.0,laceyd,English,Walmart,bazaarvoice
5321123189,"AT&T Moto G Play 2024, 64GB, Sapphire Blue -Prepaid Smartphone",Cell Phones,Walmart.com,F55CDC31AB754BB68FE0B39041159D63,49.88,IN_STOCK,4.1,1743,/ip/AT-T-Moto-G-Play-2024-64GB-Sapphire-Blue-Prepaid-Smartphone/5321123189,"AT&T Moto G Play 2024, 64GB, Sapphire Blue -Prepaid Smartphone",Prepaid Android phones,5.0,Love My Phone,I love my android smart phone.,09-06-2025,No recommendation,0.0,0.0,Frances,English,Walmart,bazaarvoice
5321123189,"AT&T Moto G Play 2024, 64GB, Sapphire Blue -Prepaid Smartphone",Cell Phones,Walmart.com,F55CDC31AB754BB68FE0B39041159D63,49.88,IN_STOCK,4.1,1743,/ip/AT-T-Moto-G-Play-2024-64GB-Sapphire-Blue-Prepaid-Smartphone/5321123189,"AT&T Moto G Play 2024, 64GB, Sapphire Blue -Prepaid Smartphone",Prepaid Android phones,1.0,No title,horrible quality. slows down immediately out box,2/24/2026,False,0.0,0.0,Ashley,English,Walmart,bazaarvoice
5321123189,"AT&T Moto G Play 2024, 64GB, Sapphire Blue -Prepaid Smartphone",Cell Phones,Walmart.com,F55CDC31AB754BB68FE0B39041159D63,49.88,IN_STOCK,4.1,1743,/ip/AT-T-Moto-G-Play-2024-64GB-Sapphire-Blue-Prepaid-Smartphone/5321123189,"AT&T Moto G Play 2024, 64GB, Sapphire Blue -Prepaid Smartphone",Prepaid Android phones,1.0,Don't waste your $,"this is worthless, freezes up daily and camera is lousy!",2/23/2026,False,0.0,0.0,Unknown,English,Walmart,bazaarvoice
5321123189,"AT&T Moto G Play 2024, 64GB, Sapphire Blue -Prepaid Smartphone",Cell Phones,Walmart.com,F55CDC31AB754BB68FE0B39041159D63,49.88,IN_STOCK,4.1,1743,/ip/AT-T-Moto-G-Play-2024-64GB-Sapphire-Blue-Prepaid-Smartphone/5321123189,"AT&T Moto G Play 2024, 64GB, Sapphire Blue -Prepaid Smartphone",Prepaid Android phones,5.0,Gets the job done!,"For a budget device, it works and functions just as if not better than my Samsung Galaxy phone.",08-02-2025,True,0.0,0.0,David,English,Walmart,bazaarvoice
5321123189,"AT&T Moto G Play 2024, 64GB, Sapphire Blue -Prepaid Smartphone",Cell Phones,Walmart.com,F55CDC31AB754BB68FE0B39041159D63,49.88,IN_STOCK,4.1,1743,/ip/AT-T-Moto-G-Play-2024-64GB-Sapphire-Blue-Prepaid-Smartphone/5321123189,"AT&T Moto G Play 2024, 64GB, Sapphire Blue -Prepaid Smartphone",Prepaid Android phones,5.0,No title,great phone affordable and convenient!!,08-08-2025,True,0.0,0.0,anonymous,English,Walmart,bazaarvoice
5321123189,"AT&T Moto G Play 2024, 64GB, Sapphire Blue -Prepaid Smartphone",Cell Phones,Walmart.com,F55CDC31AB754BB68FE0B39041159D63,49.88,IN_STOCK,4.1,1743,/ip/AT-T-Moto-G-Play-2024-64GB-Sapphire-Blue-Prepaid-Smartphone/5321123189,"AT&T Moto G Play 2024, 64GB, Sapphire Blue -Prepaid Smartphone",Prepaid Android phones,3.0,No title,"I searched for SafeLink pre-paid Motorola,
and got this. But it's locked to AT",08-10-2025,False,0.0,0.0,Robert,English,Walmart,bazaarvoice
18353958345,"AT&T Motorola moto g Power 2026,128GB, PANTONE Evening Blue - Prepaid Smartphone[Locked to AT&T]",Cell Phones,Walmart.com,F55CDC31AB754BB68FE0B39041159D63,99.0,IN_STOCK,4.1,89,/ip/Moto-G-Power-2026-Prepaid-Smartphone/18353958345,"AT&T Motorola moto g Power 2026,128GB, PANTONE Evening Blue - Prepaid Smartphone[Locked to AT&T]",Prepaid Android phones,5.0,Excellent Value,"I upgraded my 2021 Motorola One 5G Ace to a 2026 Moto G Power. For the price I paid, this phone is an excellent value. Super smooth and responsive, good connectivity, adequate storage and RAM, and easy to customize. No complaints and I hope to rock this phone for another 5 years.",03-08-2026,True,4.0,0.0,Woody,English,Walmart,bazaarvoice
18353958345,"AT&T Motorola moto g Power 2026,128GB, PANTONE Evening Blue - Prepaid Smartphone[Locked to AT&T]",Cell Phones,Walmart.com,F55CDC31AB754BB68FE0B39041159D63,99.0,IN_STOCK,4.1,89,/ip/Moto-G-Power-2026-Prepaid-Smartphone/18353958345,"AT&T Motorola moto g Power 2026,128GB, PANTONE Evening Blue - Prepaid Smartphone[Locked to AT&T]",Prepaid Android phones,5.0,No title,"I needed a new phone as my 8 year old Samsung took a nose dive.  I researched and thought I would try a Motorola phone. I just got it So I'm having to learn how to navigate all the bells and whistles. So far, lobe the phone. It's so fast and updated.",03-08-2026,No recommendation,6.0,0.0,PG,English,unknown,bazaarvoice
18353958345,"AT&T Motorola moto g Power 2026,128GB, PANTONE Evening Blue - Prepaid Smartphone[Locked to AT&T]",Cell Phones,Walmart.com,F55CDC31AB754BB68FE0B39041159D63,99.0,IN_STOCK,4.1,89,/ip/Moto-G-Power-2026-Prepaid-Smartphone/18353958345,"AT&T Motorola moto g Power 2026,128GB, PANTONE Evening Blue - Prepaid Smartphone[Locked to AT&T]",Prepaid Android phones,5.0,No title,"I love the price, the phone is smooth running and android.",2/28/2026,True,3.0,0.0,Sarah,English,Walmart,bazaarvoice
18353958345,"AT&T Motorola moto g Power 2026,128GB, PANTONE Evening Blue - Prepaid Smartphone[Locked to AT&T]",Cell Phones,Walmart.com,F55CDC31AB754BB68FE0B39041159D63,99.0,IN_STOCK,4.1,89,/ip/Moto-G-Power-2026-Prepaid-Smartphone/18353958345,"AT&T Motorola moto g Power 2026,128GB, PANTONE Evening Blue - Prepaid Smartphone[Locked to AT&T]",Prepaid Android phones,5.0,No title,"My present cell crapped out last Friday so I went to Walmart online. After looking at iPhones, which I wanted I decided I would buy a Android device and then take my time to shop around.  Later I saw a Android phone, brand new for $115.00. I bought one, a Motorola, it's fast easy to get use and I decided I'll keep it since I paid only a fraction of what I expected to pay and it's not working great. Can you believe a phone, fast, with plenty of room for $115 bucks?",05-10-2026,True,0.0,0.0,Michael,English,Walmart,bazaarvoice
18353958345,"AT&T Motorola moto g Power 2026,128GB, PANTONE Evening Blue - Prepaid Smartphone[Locked to AT&T]",Cell Phones,Walmart.com,F55CDC31AB754BB68FE0B39041159D63,99.0,IN_STOCK,4.1,89,/ip/Moto-G-Power-2026-Prepaid-Smartphone/18353958345,"AT&T Motorola moto g Power 2026,128GB, PANTONE Evening Blue - Prepaid Smartphone[Locked to AT&T]",Prepaid Android phones,5.0,No title,it's a great phone. I'm horrible with phones so I would rather spend $50 but I decided to kinda splurge lol and glad I did! has rubber back so won't just slide out of your hand. I was smart this time and got the insurance since I'm so bad with phones for $23 for 2 yrs. super happy so far,5/14/2026,True,0.0,0.0,erica,English,Walmart,bazaarvoice
18353958345,"AT&T Motorola moto g Power 2026,128GB, PANTONE Evening Blue - Prepaid Smartphone[Locked to AT&T]",Cell Phones,Walmart.com,F55CDC31AB754BB68FE0B39041159D63,99.0,IN_STOCK,4.1,89,/ip/Moto-G-Power-2026-Prepaid-Smartphone/18353958345,"AT&T Motorola moto g Power 2026,128GB, PANTONE Evening Blue - Prepaid Smartphone[Locked to AT&T]",Prepaid Android phones,5.0,No title,"it's fast. clean, sleek looking. I really like it. For what I paid I am amazed. beats the heck out of the Samsung I had.",4/27/2026,True,0.0,0.0,JenDB,English,Walmart,bazaarvoice
18353958345,"AT&T Motorola moto g Power 2026,128GB, PANTONE Evening Blue - Prepaid Smartphone[Locked to AT&T]",Cell Phones,Walmart.com,F55CDC31AB754BB68FE0B39041159D63,99.0,IN_STOCK,4.1,89,/ip/Moto-G-Power-2026-Prepaid-Smartphone/18353958345,"AT&T Motorola moto g Power 2026,128GB, PANTONE Evening Blue - Prepaid Smartphone[Locked to AT&T]",Prepaid Android phones,1.0,buyer beware,be careful ordering these phones for delivery or pickup! Walmart never scans them out correctly so the carrier flags them as stolen and locks your SIM card!,04-11-2026,True,2.0,0.0,morgan,English,Walmart,bazaarvoice
18353958345,"AT&T Motorola moto g Power 2026,128GB, PANTONE Evening Blue - Prepaid Smartphone[Locked to AT&T]",Cell Phones,Walmart.com,F55CDC31AB754BB68FE0B39041159D63,99.0,IN_STOCK,4.1,89,/ip/Moto-G-Power-2026-Prepaid-Smartphone/18353958345,"AT&T Motorola moto g Power 2026,128GB, PANTONE Evening Blue - Prepaid Smartphone[Locked to AT&T]",Prepaid Android phones,1.0,No title,the price isn't bad but I would not recommend this phone I could be texting and then it my phone locks it's hard to find the settings it charges pretty good and stays charged but wouldn't recommend,3/27/2026,False,2.0,0.0,Mona,English,Walmart,bazaarvoice
18353958345,"AT&T Motorola moto g Power 2026,128GB, PANTONE Evening Blue - Prepaid Smartphone[Locked to AT&T]",Cell Phones,Walmart.com,F55CDC31AB754BB68FE0B39041159D63,99.0,IN_STOCK,4.1,89,/ip/Moto-G-Power-2026-Prepaid-Smartphone/18353958345,"AT&T Motorola moto g Power 2026,128GB, PANTONE Evening Blue - Prepaid Smartphone[Locked to AT&T]",Prepaid Android phones,1.0,No title,when calling AT%26t to activate my phone the support staff was rude disc courteous unprofessional and lacking in knowledge. what should have taken no more than 15 minutes once I got connected took hours I had to make multiple phone calls and finally was told that there was a known issue with the SIM card that came included and I needed to go to an AT%26t store. once I got to the AT%26t store the local agent had me up and running in 15 minutes. the phone's okay the AT%26t prepaid service is deplorable. not worth the aggravation just to get a phone to work,5/15/2026,False,0.0,0.0,Jeffrey,English,Walmart,bazaarvoice
18353958345,"AT&T Motorola moto g Power 2026,128GB, PANTONE Evening Blue - Prepaid Smartphone[Locked to AT&T]",Cell Phones,Walmart.com,F55CDC31AB754BB68FE0B39041159D63,99.0,IN_STOCK,4.1,89,/ip/Moto-G-Power-2026-Prepaid-Smartphone/18353958345,"AT&T Motorola moto g Power 2026,128GB, PANTONE Evening Blue - Prepaid Smartphone[Locked to AT&T]",Prepaid Android phones,1.0,not at%26t compatible,it's an at%26t phone...but doesn't connect to my at%26t because it's not compatible...make it make sense?,4/28/2026,False,0.0,0.0,Rosario,English,Walmart,bazaarvoice
14056966895,"AT&T Motorola moto g Power 2025, 128GB, Slate Gray -Prepaid Smartphone [Locked to AT&T]",Cell Phones,VIPOUTLET,66656029CC6541CBADDFA17547A98DE0,60.0,IN_STOCK,4.0,266,/ip/Motorola-moto-g-Power-2025-Prepaid-Smartphone/14056966895,"AT&T Motorola moto g Power 2025, 128GB, Slate Gray -Prepaid Smartphone [Locked to AT&T]",Prepaid Android phones,3.0,battery drainer,only thing I don't like about this phone is the battery it dies so fast actually it's kinda really annoying tbh...  but other than that it's a great phone for the price,01-01-2026,True,0.0,0.0,LilRed,English,Seller,bazaarvoice
14056966895,"AT&T Motorola moto g Power 2025, 128GB, Slate Gray -Prepaid Smartphone [Locked to AT&T]",Cell Phones,VIPOUTLET,66656029CC6541CBADDFA17547A98DE0,60.0,IN_STOCK,4.0,266,/ip/Motorola-moto-g-Power-2025-Prepaid-Smartphone/14056966895,"AT&T Motorola moto g Power 2025, 128GB, Slate Gray -Prepaid Smartphone [Locked to AT&T]",Prepaid Android phones,2.0,Walmart didn't scan it as sold,"I love the phone! It is amazing. However, I gave it a low rating because Walmart, as with several others on here, did not scan it as sold. It took a great deal of stress and time to get it cleared through AT%26T. It's working now and doing well.",9/30/2025,True,0.0,0.0,Barbara,English,Walmart,bazaarvoice
14056966895,"AT&T Motorola moto g Power 2025, 128GB, Slate Gray -Prepaid Smartphone [Locked to AT&T]",Cell Phones,VIPOUTLET,66656029CC6541CBADDFA17547A98DE0,60.0,IN_STOCK,4.0,266,/ip/Motorola-moto-g-Power-2025-Prepaid-Smartphone/14056966895,"AT&T Motorola moto g Power 2025, 128GB, Slate Gray -Prepaid Smartphone [Locked to AT&T]",Prepaid Android phones,5.0,No title,"I thought the phone was bad, it was not. my sim card went bad and they cut the service off until I received a new sim card. i would like to have another one.",12-04-2025,True,0.0,0.0,Rebecca,English,Walmart,bazaarvoice
14056966895,"AT&T Motorola moto g Power 2025, 128GB, Slate Gray -Prepaid Smartphone [Locked to AT&T]",Cell Phones,VIPOUTLET,66656029CC6541CBADDFA17547A98DE0,60.0,IN_STOCK,4.0,266,/ip/Motorola-moto-g-Power-2025-Prepaid-Smartphone/14056966895,"AT&T Motorola moto g Power 2025, 128GB, Slate Gray -Prepaid Smartphone [Locked to AT&T]",Prepaid Android phones,1.0,Do Better Walmart.com,"Walmart.com did not make available for activation before shipping to me. Resulted in returning to physical store, then charged higher price when repurchasing at counter. Ridiculous.",02-09-2026,False,0.0,0.0,Minesh,English,Walmart,bazaarvoice
14056966895,"AT&T Motorola moto g Power 2025, 128GB, Slate Gray -Prepaid Smartphone [Locked to AT&T]",Cell Phones,VIPOUTLET,66656029CC6541CBADDFA17547A98DE0,60.0,IN_STOCK,4.0,266,/ip/Motorola-moto-g-Power-2025-Prepaid-Smartphone/14056966895,"AT&T Motorola moto g Power 2025, 128GB, Slate Gray -Prepaid Smartphone [Locked to AT&T]",Prepaid Android phones,5.0,large screen fast operating system .Phone is a lit,Wife says it is heavy for her to hold . screen is large.They put too much technology on phones making them hard to operate. Power button is hard to operate with case on it.,02-10-2026,True,0.0,0.0,Wayne,English,Walmart,bazaarvoice
14056966895,"AT&T Motorola moto g Power 2025, 128GB, Slate Gray -Prepaid Smartphone [Locked to AT&T]",Cell Phones,VIPOUTLET,66656029CC6541CBADDFA17547A98DE0,60.0,IN_STOCK,4.0,266,/ip/Motorola-moto-g-Power-2025-Prepaid-Smartphone/14056966895,"AT&T Motorola moto g Power 2025, 128GB, Slate Gray -Prepaid Smartphone [Locked to AT&T]",Prepaid Android phones,1.0,No title,Finally got around to switching to this phone and can't do to not verifying that I purchased it and I'm sure the other one will be the same way. Something wasn't clicked on the order that said it was paid for.,09-09-2025,No recommendation,0.0,0.0,Teresa,English,Walmart,bazaarvoice
14056966895,"AT&T Motorola moto g Power 2025, 128GB, Slate Gray -Prepaid Smartphone [Locked to AT&T]",Cell Phones,VIPOUTLET,66656029CC6541CBADDFA17547A98DE0,60.0,IN_STOCK,4.0,266,/ip/Motorola-moto-g-Power-2025-Prepaid-Smartphone/14056966895,"AT&T Motorola moto g Power 2025, 128GB, Slate Gray -Prepaid Smartphone [Locked to AT&T]",Prepaid Android phones,3.0,Cheap temporary phone,eh; it's a phone... screen is pretty bright; it's rather slow I'd say it takes me an extra 10 min to order from the Walmart app waiting for it to load every page. If you don't smash it while trying to activate with AT%26T you're good,10/27/2025,True,0.0,0.0,T,English,Walmart,bazaarvoice
14056966895,"AT&T Motorola moto g Power 2025, 128GB, Slate Gray -Prepaid Smartphone [Locked to AT&T]",Cell Phones,VIPOUTLET,66656029CC6541CBADDFA17547A98DE0,60.0,IN_STOCK,4.0,266,/ip/Motorola-moto-g-Power-2025-Prepaid-Smartphone/14056966895,"AT&T Motorola moto g Power 2025, 128GB, Slate Gray -Prepaid Smartphone [Locked to AT&T]",Prepaid Android phones,5.0,You won't regret buying this phone,My husband bought this phone 1st and said he loved it So I went and bought 1 I absolutely love it really easy to maneuver beautiful colors when taking a picture everything is very vivid on the camera,09-04-2025,True,0.0,0.0,Unknown,English,Walmart,bazaarvoice
14056966895,"AT&T Motorola moto g Power 2025, 128GB, Slate Gray -Prepaid Smartphone [Locked to AT&T]",Cell Phones,VIPOUTLET,66656029CC6541CBADDFA17547A98DE0,60.0,IN_STOCK,4.0,266,/ip/Motorola-moto-g-Power-2025-Prepaid-Smartphone/14056966895,"AT&T Motorola moto g Power 2025, 128GB, Slate Gray -Prepaid Smartphone [Locked to AT&T]",Prepaid Android phones,1.0,"Loose SIM, will brick the phone","Do not buy this phone. They added an app ""Telecoms Client"" that will brick your phone if the SIM gets loose. Other brand phones just give a notification. This app will completely lock you out of your phone.",11/22/2025,False,0.0,0.0,walmartshopper,English,Walmart,bazaarvoice
14056966895,"AT&T Motorola moto g Power 2025, 128GB, Slate Gray -Prepaid Smartphone [Locked to AT&T]",Cell Phones,VIPOUTLET,66656029CC6541CBADDFA17547A98DE0,60.0,IN_STOCK,4.0,266,/ip/Motorola-moto-g-Power-2025-Prepaid-Smartphone/14056966895,"AT&T Motorola moto g Power 2025, 128GB, Slate Gray -Prepaid Smartphone [Locked to AT&T]",Prepaid Android phones,5.0,Great phone for parents and youth.,"This is a great value for a good smartphone. Everything is fast, and the screen is bright. Plenty of storage. These are great phones for older parents or for kids. They are durable and worth it.",2/24/2026,True,0.0,0.0,Sara,English,Walmart,bazaarvoice
14056966895,"AT&T Motorola moto g Power 2025, 128GB, Slate Gray -Prepaid Smartphone [Locked to AT&T]",Cell Phones,VIPOUTLET,66656029CC6541CBADDFA17547A98DE0,60.0,IN_STOCK,4.0,266,/ip/Motorola-moto-g-Power-2025-Prepaid-Smartphone/14056966895,"AT&T Motorola moto g Power 2025, 128GB, Slate Gray -Prepaid Smartphone [Locked to AT&T]",Prepaid Android phones,1.0,No title,Doesn't come with charger,7/27/2025,False,0.0,0.0,Shaquana,English,Walmart,bazaarvoice
14056966895,"AT&T Motorola moto g Power 2025, 128GB, Slate Gray -Prepaid Smartphone [Locked to AT&T]",Cell Phones,VIPOUTLET,66656029CC6541CBADDFA17547A98DE0,60.0,IN_STOCK,4.0,266,/ip/Motorola-moto-g-Power-2025-Prepaid-Smartphone/14056966895,"AT&T Motorola moto g Power 2025, 128GB, Slate Gray -Prepaid Smartphone [Locked to AT&T]",Prepaid Android phones,5.0,Power,Great deal for a great phone.,7/19/2025,True,0.0,0.0,anonymous,English,Walmart,bazaarvoice
14056966895,"AT&T Motorola moto g Power 2025, 128GB, Slate Gray -Prepaid Smartphone [Locked to AT&T]",Cell Phones,VIPOUTLET,66656029CC6541CBADDFA17547A98DE0,60.0,IN_STOCK,4.0,266,/ip/Motorola-moto-g-Power-2025-Prepaid-Smartphone/14056966895,"AT&T Motorola moto g Power 2025, 128GB, Slate Gray -Prepaid Smartphone [Locked to AT&T]",Prepaid Android phones,5.0,No title,great phone,08-12-2025,No recommendation,0.0,0.0,Kathleen,English,Walmart,bazaarvoice
14056966895,"AT&T Motorola moto g Power 2025, 128GB, Slate Gray -Prepaid Smartphone [Locked to AT&T]",Cell Phones,VIPOUTLET,66656029CC6541CBADDFA17547A98DE0,60.0,IN_STOCK,4.0,266,/ip/Motorola-moto-g-Power-2025-Prepaid-Smartphone/14056966895,"AT&T Motorola moto g Power 2025, 128GB, Slate Gray -Prepaid Smartphone [Locked to AT&T]",Prepaid Android phones,3.0,No title,it don't work at times,02-05-2026,False,0.0,0.0,jav,English,Walmart,bazaarvoice
14056966895,"AT&T Motorola moto g Power 2025, 128GB, Slate Gray -Prepaid Smartphone [Locked to AT&T]",Cell Phones,VIPOUTLET,66656029CC6541CBADDFA17547A98DE0,60.0,IN_STOCK,4.0,266,/ip/Motorola-moto-g-Power-2025-Prepaid-Smartphone/14056966895,"AT&T Motorola moto g Power 2025, 128GB, Slate Gray -Prepaid Smartphone [Locked to AT&T]",Prepaid Android phones,1.0,att locked phone can't use via consumer cellular,it's locked and I can't use it,10-02-2025,False,0.0,1.0,Sharon,English,Walmart,bazaarvoice
14056966895,"AT&T Motorola moto g Power 2025, 128GB, Slate Gray -Prepaid Smartphone [Locked to AT&T]",Cell Phones,VIPOUTLET,66656029CC6541CBADDFA17547A98DE0,60.0,IN_STOCK,4.0,266,/ip/Motorola-moto-g-Power-2025-Prepaid-Smartphone/14056966895,"AT&T Motorola moto g Power 2025, 128GB, Slate Gray -Prepaid Smartphone [Locked to AT&T]",Prepaid Android phones,5.0,battery life,"great phone with a big screen the battery last ,it doesn't die right away. very similar to a android.",7/16/2025,True,0.0,1.0,sabrina,English,Walmart,bazaarvoice
16872900919,"Walmart Family Mobile Motorola Moto g Power 5G 2024, 128GB, Black - Prepaid Smartphone [Locked to Walmart Family Mobile]",Cell Phones,Walmart.com,F55CDC31AB754BB68FE0B39041159D63,49.88,IN_STOCK,4.5,13,/ip/Family-Mobile-Moto-g-power-5G-128GB-Prepaid-Smartphone-Black/16872900919,"Walmart Family Mobile Motorola Moto g Power 5G 2024, 128GB, Black - Prepaid Smartphone [Locked to Walmart Family Mobile]",Prepaid Android phones,5.0,Great phone,I was a bit skeptical at first buying this phone. But since getting it out the box and activating it.. It's been a pretty decent phone so far.. I would improve the camera quality but for the price range a steal.. Everything runs smooth it's runs android 15 once you update it.. It has the latest security patch.. Keep in mind it is locked to family mobile service.. I fully recommend this phone and shipping was fast also..,12/30/2025,True,3.0,0.0,MizzBabyDoll,English,Walmart,bazaarvoice
16872900919,"Walmart Family Mobile Motorola Moto g Power 5G 2024, 128GB, Black - Prepaid Smartphone [Locked to Walmart Family Mobile]",Cell Phones,Walmart.com,F55CDC31AB754BB68FE0B39041159D63,49.88,IN_STOCK,4.5,13,/ip/Family-Mobile-Moto-g-power-5G-128GB-Prepaid-Smartphone-Black/16872900919,"Walmart Family Mobile Motorola Moto g Power 5G 2024, 128GB, Black - Prepaid Smartphone [Locked to Walmart Family Mobile]",Prepaid Android phones,5.0,No title,Fantastic price for a great quality product,12/29/2025,No recommendation,1.0,0.0,WalmartCustomer,English,unknown,bazaarvoice
16872900919,"Walmart Family Mobile Motorola Moto g Power 5G 2024, 128GB, Black - Prepaid Smartphone [Locked to Walmart Family Mobile]",Cell Phones,Walmart.com,F55CDC31AB754BB68FE0B39041159D63,49.88,IN_STOCK,4.5,13,/ip/Family-Mobile-Moto-g-power-5G-128GB-Prepaid-Smartphone-Black/16872900919,"Walmart Family Mobile Motorola Moto g Power 5G 2024, 128GB, Black - Prepaid Smartphone [Locked to Walmart Family Mobile]",Prepaid Android phones,5.0,No title,It's a great price for the kind of product it is,02-04-2026,No recommendation,0.0,0.0,WalmartCustomer,English,unknown,bazaarvoice
16872900919,"Walmart Family Mobile Motorola Moto g Power 5G 2024, 128GB, Black - Prepaid Smartphone [Locked to Walmart Family Mobile]",Cell Phones,Walmart.com,F55CDC31AB754BB68FE0B39041159D63,49.88,IN_STOCK,4.5,13,/ip/Family-Mobile-Moto-g-power-5G-128GB-Prepaid-Smartphone-Black/16872900919,"Walmart Family Mobile Motorola Moto g Power 5G 2024, 128GB, Black - Prepaid Smartphone [Locked to Walmart Family Mobile]",Prepaid Android phones,4.0,No title,"""I have had several of these phones over the last 5 years because of theft, accidents, and loss.  The Moto G Power 5G is a completely dependable, everyday, """"Meat-n-Potatoes"""" Smart Phone",01-10-2026,No recommendation,0.0,0.0,WalmartCustomer,English,unknown,bazaarvoice
16137050607,"Straight Talk Motorola Moto Razr 2025, 5G, 256GB, Blue - Prepaid Smartphone [Locked to Straight Talk]",Cell Phones,Walmart.com,F55CDC31AB754BB68FE0B39041159D63,349.0,IN_STOCK,4.2,242,/ip/Straight-Talk-Motorola-Razr-2025-5G-256GB-Blue-Prepaid-Smartphone/16137050607,"Straight Talk Motorola Moto Razr 2025, 5G, 256GB, Blue - Prepaid Smartphone [Locked to Straight Talk]",5G Prepaid Phones,5.0,No title,awesome phone would definitely recommend,12-03-2025,True,0.0,0.0,Brittany,English,Walmart,bazaarvoice
16137050607,"Straight Talk Motorola Moto Razr 2025, 5G, 256GB, Blue - Prepaid Smartphone [Locked to Straight Talk]",Cell Phones,Walmart.com,F55CDC31AB754BB68FE0B39041159D63,349.0,IN_STOCK,4.2,242,/ip/Straight-Talk-Motorola-Razr-2025-5G-256GB-Blue-Prepaid-Smartphone/16137050607,"Straight Talk Motorola Moto Razr 2025, 5G, 256GB, Blue - Prepaid Smartphone [Locked to Straight Talk]",5G Prepaid Phones,5.0,Works great,So far so good I like it I just need to find a case for it and so far yeah it works straight,10/17/2025,True,0.0,0.0,Chris  B Denton,English,unknown,bazaarvoice
16137050607,"Straight Talk Motorola Moto Razr 2025, 5G, 256GB, Blue - Prepaid Smartphone [Locked to Straight Talk]",Cell Phones,Walmart.com,F55CDC31AB754BB68FE0B39041159D63,349.0,IN_STOCK,4.2,242,/ip/Straight-Talk-Motorola-Razr-2025-5G-256GB-Blue-Prepaid-Smartphone/16137050607,"Straight Talk Motorola Moto Razr 2025, 5G, 256GB, Blue - Prepaid Smartphone [Locked to Straight Talk]",5G Prepaid Phones,5.0,No title,its a decent phone ive had one day,12-04-2025,True,0.0,0.0,darrin,English,Walmart,bazaarvoice
16137050607,"Straight Talk Motorola Moto Razr 2025, 5G, 256GB, Blue - Prepaid Smartphone [Locked to Straight Talk]",Cell Phones,Walmart.com,F55CDC31AB754BB68FE0B39041159D63,349.0,IN_STOCK,4.2,242,/ip/Straight-Talk-Motorola-Razr-2025-5G-256GB-Blue-Prepaid-Smartphone/16137050607,"Straight Talk Motorola Moto Razr 2025, 5G, 256GB, Blue - Prepaid Smartphone [Locked to Straight Talk]",5G Prepaid Phones,5.0,No title,good quality for the price,12-03-2025,No recommendation,0.0,0.0,Liz,English,Walmart,bazaarvoice
16137050607,"Straight Talk Motorola Moto Razr 2025, 5G, 256GB, Blue - Prepaid Smartphone [Locked to Straight Talk]",Cell Phones,Walmart.com,F55CDC31AB754BB68FE0B39041159D63,349.0,IN_STOCK,4.2,242,/ip/Straight-Talk-Motorola-Razr-2025-5G-256GB-Blue-Prepaid-Smartphone/16137050607,"Straight Talk Motorola Moto Razr 2025, 5G, 256GB, Blue - Prepaid Smartphone [Locked to Straight Talk]",5G Prepaid Phones,5.0,make the change,"I love my phone, super glad I swapped from an iPhone!!",12/13/2025,True,0.0,0.0,rachel,English,Walmart,bazaarvoice
16137050607,"Straight Talk Motorola Moto Razr 2025, 5G, 256GB, Blue - Prepaid Smartphone [Locked to Straight Talk]",Cell Phones,Walmart.com,F55CDC31AB754BB68FE0B39041159D63,349.0,IN_STOCK,4.2,242,/ip/Straight-Talk-Motorola-Razr-2025-5G-256GB-Blue-Prepaid-Smartphone/16137050607,"Straight Talk Motorola Moto Razr 2025, 5G, 256GB, Blue - Prepaid Smartphone [Locked to Straight Talk]",5G Prepaid Phones,5.0,Love it!,It's been a great phone so far! It takes amazing photos and every thing else is awesome also!,11/23/2025,No recommendation,0.0,0.0,Elissa Claggett,English,unknown,bazaarvoice
16137050607,"Straight Talk Motorola Moto Razr 2025, 5G, 256GB, Blue - Prepaid Smartphone [Locked to Straight Talk]",Cell Phones,Walmart.com,F55CDC31AB754BB68FE0B39041159D63,349.0,IN_STOCK,4.2,242,/ip/Straight-Talk-Motorola-Razr-2025-5G-256GB-Blue-Prepaid-Smartphone/16137050607,"Straight Talk Motorola Moto Razr 2025, 5G, 256GB, Blue - Prepaid Smartphone [Locked to Straight Talk]",5G Prepaid Phones,5.0,No title,this phone is awesome! hands down my favorite phone ever!!!!!!!! i recommend getting 1 to all!,12/15/2025,True,0.0,0.0,Tarena,English,Walmart,bazaarvoice
16137050607,"Straight Talk Motorola Moto Razr 2025, 5G, 256GB, Blue - Prepaid Smartphone [Locked to Straight Talk]",Cell Phones,Walmart.com,F55CDC31AB754BB68FE0B39041159D63,349.0,IN_STOCK,4.2,242,/ip/Straight-Talk-Motorola-Razr-2025-5G-256GB-Blue-Prepaid-Smartphone/16137050607,"Straight Talk Motorola Moto Razr 2025, 5G, 256GB, Blue - Prepaid Smartphone [Locked to Straight Talk]",5G Prepaid Phones,5.0,Nice Moto Razr,I was having trouble navigating the phone but I got the hang of it. I love this phone.,10/17/2025,True,0.0,0.0,rs perc80,English,unknown,bazaarvoice
16137050607,"Straight Talk Motorola Moto Razr 2025, 5G, 256GB, Blue - Prepaid Smartphone [Locked to Straight Talk]",Cell Phones,Walmart.com,F55CDC31AB754BB68FE0B39041159D63,349.0,IN_STOCK,4.2,242,/ip/Straight-Talk-Motorola-Razr-2025-5G-256GB-Blue-Prepaid-Smartphone/16137050607,"Straight Talk Motorola Moto Razr 2025, 5G, 256GB, Blue - Prepaid Smartphone [Locked to Straight Talk]",5G Prepaid Phones,5.0,Love this device,Very nice slim phone . Easy to use and very cute phone,11-12-2025,True,0.0,0.0,Motorola Razr,English,unknown,bazaarvoice
16137050607,"Straight Talk Motorola Moto Razr 2025, 5G, 256GB, Blue - Prepaid Smartphone [Locked to Straight Talk]",Cell Phones,Walmart.com,F55CDC31AB754BB68FE0B39041159D63,349.0,IN_STOCK,4.2,242,/ip/Straight-Talk-Motorola-Razr-2025-5G-256GB-Blue-Prepaid-Smartphone/16137050607,"Straight Talk Motorola Moto Razr 2025, 5G, 256GB, Blue - Prepaid Smartphone [Locked to Straight Talk]",5G Prepaid Phones,5.0,No title,what an awesome little phone for the price!,11-10-2025,True,0.0,0.0,Dan,English,Walmart,bazaarvoice
16137050607,"Straight Talk Motorola Moto Razr 2025, 5G, 256GB, Blue - Prepaid Smartphone [Locked to Straight Talk]",Cell Phones,Walmart.com,F55CDC31AB754BB68FE0B39041159D63,349.0,IN_STOCK,4.2,242,/ip/Straight-Talk-Motorola-Razr-2025-5G-256GB-Blue-Prepaid-Smartphone/16137050607,"Straight Talk Motorola Moto Razr 2025, 5G, 256GB, Blue - Prepaid Smartphone [Locked to Straight Talk]",5G Prepaid Phones,1.0,Defective on Arrival,"Device's touchscreen capabilities were defective, right out the box upon arrival. Top half of the touchscreen 'did not respond' to prompt.",11-09-2025,False,0.0,0.0,Meya,English,unknown,bazaarvoice
16137050607,"Straight Talk Motorola Moto Razr 2025, 5G, 256GB, Blue - Prepaid Smartphone [Locked to Straight Talk]",Cell Phones,Walmart.com,F55CDC31AB754BB68FE0B39041159D63,349.0,IN_STOCK,4.2,242,/ip/Straight-Talk-Motorola-Razr-2025-5G-256GB-Blue-Prepaid-Smartphone/16137050607,"Straight Talk Motorola Moto Razr 2025, 5G, 256GB, Blue - Prepaid Smartphone [Locked to Straight Talk]",5G Prepaid Phones,5.0,Impressed!,I really do love this phone. It’s been 3 weeks and I’m learning something new everyday. It’s compact and just super cute,10/31/2025,True,0.0,0.0,Jazz94,English,unknown,bazaarvoice
16137050607,"Straight Talk Motorola Moto Razr 2025, 5G, 256GB, Blue - Prepaid Smartphone [Locked to Straight Talk]",Cell Phones,Walmart.com,F55CDC31AB754BB68FE0B39041159D63,349.0,IN_STOCK,4.2,242,/ip/Straight-Talk-Motorola-Razr-2025-5G-256GB-Blue-Prepaid-Smartphone/16137050607,"Straight Talk Motorola Moto Razr 2025, 5G, 256GB, Blue - Prepaid Smartphone [Locked to Straight Talk]",5G Prepaid Phones,5.0,No title,Absolutely love this Razr flip phone!!!,1/14/2026,No recommendation,0.0,0.0,Toni,English,Walmart,bazaarvoice
16137050607,"Straight Talk Motorola Moto Razr 2025, 5G, 256GB, Blue - Prepaid Smartphone [Locked to Straight Talk]",Cell Phones,Walmart.com,F55CDC31AB754BB68FE0B39041159D63,349.0,IN_STOCK,4.2,242,/ip/Straight-Talk-Motorola-Razr-2025-5G-256GB-Blue-Prepaid-Smartphone/16137050607,"Straight Talk Motorola Moto Razr 2025, 5G, 256GB, Blue - Prepaid Smartphone [Locked to Straight Talk]",5G Prepaid Phones,5.0,Nice nice,Love it love it love itfunnnnnmmmnnmnnnmhhhhhjjjhh,01-08-2026,No recommendation,0.0,0.0,Unknown,English,unknown,bazaarvoice
16137050607,"Straight Talk Motorola Moto Razr 2025, 5G, 256GB, Blue - Prepaid Smartphone [Locked to Straight Talk]",Cell Phones,Walmart.com,F55CDC31AB754BB68FE0B39041159D63,349.0,IN_STOCK,4.2,242,/ip/Straight-Talk-Motorola-Razr-2025-5G-256GB-Blue-Prepaid-Smartphone/16137050607,"Straight Talk Motorola Moto Razr 2025, 5G, 256GB, Blue - Prepaid Smartphone [Locked to Straight Talk]",5G Prepaid Phones,5.0,Razr,Very pleased. The Phone is very easy to use. Love everything about it,01-10-2026,No recommendation,0.0,0.0,Anna Brown 72,English,unknown,bazaarvoice
16137050607,"Straight Talk Motorola Moto Razr 2025, 5G, 256GB, Blue - Prepaid Smartphone [Locked to Straight Talk]",Cell Phones,Walmart.com,F55CDC31AB754BB68FE0B39041159D63,349.0,IN_STOCK,4.2,242,/ip/Straight-Talk-Motorola-Razr-2025-5G-256GB-Blue-Prepaid-Smartphone/16137050607,"Straight Talk Motorola Moto Razr 2025, 5G, 256GB, Blue - Prepaid Smartphone [Locked to Straight Talk]",5G Prepaid Phones,1.0,Not a very good phone,This is not a very good phone I had it for 7days and it had a white line all the way down the phone,1/26/2026,False,0.0,0.0,Lamejoe34,English,unknown,bazaarvoice
16137050607,"Straight Talk Motorola Moto Razr 2025, 5G, 256GB, Blue - Prepaid Smartphone [Locked to Straight Talk]",Cell Phones,Walmart.com,F55CDC31AB754BB68FE0B39041159D63,349.0,IN_STOCK,4.2,242,/ip/Straight-Talk-Motorola-Razr-2025-5G-256GB-Blue-Prepaid-Smartphone/16137050607,"Straight Talk Motorola Moto Razr 2025, 5G, 256GB, Blue - Prepaid Smartphone [Locked to Straight Talk]",5G Prepaid Phones,1.0,No title,Had the phone for a week and a half and the camera crashed on me,02-10-2026,False,0.0,0.0,Eric,English,Walmart,bazaarvoice
16137050607,"Straight Talk Motorola Moto Razr 2025, 5G, 256GB, Blue - Prepaid Smartphone [Locked to Straight Talk]",Cell Phones,Walmart.com,F55CDC31AB754BB68FE0B39041159D63,349.0,IN_STOCK,4.2,242,/ip/Straight-Talk-Motorola-Razr-2025-5G-256GB-Blue-Prepaid-Smartphone/16137050607,"Straight Talk Motorola Moto Razr 2025, 5G, 256GB, Blue - Prepaid Smartphone [Locked to Straight Talk]",5G Prepaid Phones,5.0,absolutely love the flip,best phone ever ...,05-09-2026,True,0.0,0.0,nicholas,English,Walmart,bazaarvoice
16137050607,"Straight Talk Motorola Moto Razr 2025, 5G, 256GB, Blue - Prepaid Smartphone [Locked to Straight Talk]",Cell Phones,Walmart.com,F55CDC31AB754BB68FE0B39041159D63,349.0,IN_STOCK,4.2,242,/ip/Straight-Talk-Motorola-Razr-2025-5G-256GB-Blue-Prepaid-Smartphone/16137050607,"Straight Talk Motorola Moto Razr 2025, 5G, 256GB, Blue - Prepaid Smartphone [Locked to Straight Talk]",5G Prepaid Phones,5.0,A good decision and a good value...,Really excellent - solid phone given the folding hinge. Has all the features you need and more.,12-02-2025,True,0.0,0.0,jeffmc,English,unknown,bazaarvoice
16137050607,"Straight Talk Motorola Moto Razr 2025, 5G, 256GB, Blue - Prepaid Smartphone [Locked to Straight Talk]",Cell Phones,Walmart.com,F55CDC31AB754BB68FE0B39041159D63,349.0,IN_STOCK,4.2,242,/ip/Straight-Talk-Motorola-Razr-2025-5G-256GB-Blue-Prepaid-Smartphone/16137050607,"Straight Talk Motorola Moto Razr 2025, 5G, 256GB, Blue - Prepaid Smartphone [Locked to Straight Talk]",5G Prepaid Phones,5.0,I love it,I love it. Easy to get use to and it works great.  So far its the best phone I've  ever had.,11-05-2025,No recommendation,0.0,0.0,Unknown,English,unknown,bazaarvoice
6867950546,"TOTAL WIRELESS TCL K24, 32GB, CDMA LTE, GRAY - PREPAID SMARTPHONE [Locked to Total Wireless]",Cell Phones,Walmart.com,F55CDC31AB754BB68FE0B39041159D63,39.0,IN_STOCK,4.0,69,/ip/Total-Wireless-TCL-K24-32GB-CDMA-LTE-Gray-Prepaid-Smartphone-Locked-to-Total-Wireless/6867950546,"Total Wireless TCL K24, 32GB, CDMA LTE, Gray - Prepaid Smartphone [Locked to Total Wireless]",Prepaid Android phones,1.0,No title,its slow and having trouble with sim card.,04-06-2025,False,0.0,0.0,Amy,English,Walmart,bazaarvoice
6867950546,"TOTAL WIRELESS TCL K24, 32GB, CDMA LTE, GRAY - PREPAID SMARTPHONE [Locked to Total Wireless]",Cell Phones,Walmart.com,F55CDC31AB754BB68FE0B39041159D63,39.0,IN_STOCK,4.0,69,/ip/Total-Wireless-TCL-K24-32GB-CDMA-LTE-Gray-Prepaid-Smartphone-Locked-to-Total-Wireless/6867950546,"Total Wireless TCL K24, 32GB, CDMA LTE, Gray - Prepaid Smartphone [Locked to Total Wireless]",Prepaid Android phones,5.0,No title,The price is very fair and the quality of the product is excellent,03-09-2025,No recommendation,0.0,0.0,WalmartCustomer,English,unknown,bazaarvoice
6867950546,"TOTAL WIRELESS TCL K24, 32GB, CDMA LTE, GRAY - PREPAID SMARTPHONE [Locked to Total Wireless]",Cell Phones,Walmart.com,F55CDC31AB754BB68FE0B39041159D63,39.0,IN_STOCK,4.0,69,/ip/Total-Wireless-TCL-K24-32GB-CDMA-LTE-Gray-Prepaid-Smartphone-Locked-to-Total-Wireless/6867950546,"Total Wireless TCL K24, 32GB, CDMA LTE, Gray - Prepaid Smartphone [Locked to Total Wireless]",Prepaid Android phones,3.0,Gets job done,Easy to use. Great for money. Gets the job done,04-03-2025,No recommendation,0.0,0.0,Beionca,English,Walmart,bazaarvoice
6867950546,"TOTAL WIRELESS TCL K24, 32GB, CDMA LTE, GRAY - PREPAID SMARTPHONE [Locked to Total Wireless]",Cell Phones,Walmart.com,F55CDC31AB754BB68FE0B39041159D63,39.0,IN_STOCK,4.0,69,/ip/Total-Wireless-TCL-K24-32GB-CDMA-LTE-Gray-Prepaid-Smartphone-Locked-to-Total-Wireless/6867950546,"Total Wireless TCL K24, 32GB, CDMA LTE, Gray - Prepaid Smartphone [Locked to Total Wireless]",Prepaid Android phones,5.0,best bang for ur buck,for the price its an amazing phone and the camera is great,02-04-2025,True,0.0,0.0,charol,English,Walmart,bazaarvoice
6867950546,"TOTAL WIRELESS TCL K24, 32GB, CDMA LTE, GRAY - PREPAID SMARTPHONE [Locked to Total Wireless]",Cell Phones,Walmart.com,F55CDC31AB754BB68FE0B39041159D63,39.0,IN_STOCK,4.0,69,/ip/Total-Wireless-TCL-K24-32GB-CDMA-LTE-Gray-Prepaid-Smartphone-Locked-to-Total-Wireless/6867950546,"Total Wireless TCL K24, 32GB, CDMA LTE, Gray - Prepaid Smartphone [Locked to Total Wireless]",Prepaid Android phones,4.0,No title,Easy setup great value,6/27/2025,True,0.0,0.0,Betty,English,Walmart,bazaarvoice
962786054,"Straight Talk Apple iPhone 12, 64GB, Black - Prepaid Smartphone [Locked to Straight Talk]",Cell Phones,Walmart.com,F55CDC31AB754BB68FE0B39041159D63,531.53,IN_STOCK,4.4,4843,/ip/Straight-Talk-Apple-iPhone-12-64GB-Black-Prepaid-Smartphone-Locked-to-Straight-Talk/962786054,"Straight Talk Apple iPhone 12, 64GB, Black - Prepaid Smartphone [Locked to Straight Talk]",Straight Talk Phones & Plans,4.0,Great phone,The phone is excellent. Set up and data transfer was easy. StraightTalk service is great. Customer service via phone or online is horrible though. It took 3 orders and 3 phone calls to get service started. They kept cancelling the order with no explanation.,12-09-2024,No recommendation,1.0,0.0,Chariane,English,Walmart,bazaarvoice
962786054,"Straight Talk Apple iPhone 12, 64GB, Black - Prepaid Smartphone [Locked to Straight Talk]",Cell Phones,Walmart.com,F55CDC31AB754BB68FE0B39041159D63,531.53,IN_STOCK,4.4,4843,/ip/Straight-Talk-Apple-iPhone-12-64GB-Black-Prepaid-Smartphone-Locked-to-Straight-Talk/962786054,"Straight Talk Apple iPhone 12, 64GB, Black - Prepaid Smartphone [Locked to Straight Talk]",Straight Talk Phones & Plans,1.0,Straight Talk's agreement has a lot of loopholes,"Straight Talk did not honor the 12 month promotion from Walmart. I only purchased my phone from here to get the deal, so beware!!! You'd be better off purchasing one from another source because when you read the disclosure, you realize that Straight Talk's agreements has a lot of loopholes.",3/29/2025,No recommendation,0.0,0.0,anonymous,English,Walmart,bazaarvoice
962786054,"Straight Talk Apple iPhone 12, 64GB, Black - Prepaid Smartphone [Locked to Straight Talk]",Cell Phones,Walmart.com,F55CDC31AB754BB68FE0B39041159D63,531.53,IN_STOCK,4.4,4843,/ip/Straight-Talk-Apple-iPhone-12-64GB-Black-Prepaid-Smartphone-Locked-to-Straight-Talk/962786054,"Straight Talk Apple iPhone 12, 64GB, Black - Prepaid Smartphone [Locked to Straight Talk]",Straight Talk Phones & Plans,5.0,The price is right,"For the price, it was a very nice upgrade with majority of the features that the more expensive ones have but without going overboard and spending a bunch of money. So far I’m happy with the phone overall, and I would definitely buy it again and recommend to people. The camera as well as the extra features are amazing",10/16/2023,No recommendation,15.0,2.0,Kara,English,unknown,bazaarvoice
962786054,"Straight Talk Apple iPhone 12, 64GB, Black - Prepaid Smartphone [Locked to Straight Talk]",Cell Phones,Walmart.com,F55CDC31AB754BB68FE0B39041159D63,531.53,IN_STOCK,4.4,4843,/ip/Straight-Talk-Apple-iPhone-12-64GB-Black-Prepaid-Smartphone-Locked-to-Straight-Talk/962786054,"Straight Talk Apple iPhone 12, 64GB, Black - Prepaid Smartphone [Locked to Straight Talk]",Straight Talk Phones & Plans,5.0,Amazing order no complain,I ordered my husband phone yesterday and arrived today and when I set up the phone it was all good until I put the old SIM card straight talk of my husband and it was so great a smooth setting everything up for only a few minutes. It is a great order I did,7/26/2023,No recommendation,5.0,0.0,PJ,English,unknown,bazaarvoice
962786054,"Straight Talk Apple iPhone 12, 64GB, Black - Prepaid Smartphone [Locked to Straight Talk]",Cell Phones,Walmart.com,F55CDC31AB754BB68FE0B39041159D63,531.53,IN_STOCK,4.4,4843,/ip/Straight-Talk-Apple-iPhone-12-64GB-Black-Prepaid-Smartphone-Locked-to-Straight-Talk/962786054,"Straight Talk Apple iPhone 12, 64GB, Black - Prepaid Smartphone [Locked to Straight Talk]",Straight Talk Phones & Plans,1.0,Just don't do it,"I did not receive the phone. I received a box with a packing slip and bubble wrap, but no phone. My daughter was home when it was delivered and received another package the same day with the items in it. I jumped on my app and messaged Walmart that I did not receive the phone, customer service called me, said “That is very strange”, and asked if I wanted a replacement or refund. I asked for a refund (because I obviously don't want to receive an empty box again). The lady told me it would be 7-10 days for the refund. It's been 20 days and no refund on a $200 phone. Very disappointed with Walmart customer service and whoever is stealing these phones, whether it's Walmart distribution or FedEx distribution. Don't buy phones from Walmart online!",5/27/2025,No recommendation,0.0,0.0,MamaOf4inGa,English,Walmart,bazaarvoice
962786054,"Straight Talk Apple iPhone 12, 64GB, Black - Prepaid Smartphone [Locked to Straight Talk]",Cell Phones,Walmart.com,F55CDC31AB754BB68FE0B39041159D63,531.53,IN_STOCK,4.4,4843,/ip/Straight-Talk-Apple-iPhone-12-64GB-Black-Prepaid-Smartphone-Locked-to-Straight-Talk/962786054,"Straight Talk Apple iPhone 12, 64GB, Black - Prepaid Smartphone [Locked to Straight Talk]",Straight Talk Phones & Plans,1.0,Not as described,"This phone was supposed to be new And after activation I seen there was previous voicemails on the phone, 12 of them And 3 of those was actually from my cell number, 2 from my mom's. I purchased this phone and activated it for my daughter for Christmas Not only is it not new as described but I can hear my daughter, my mom's, and my voice in the voicemail And I can not make out the name of who had the phone previously",12/21/2024,No recommendation,2.0,1.0,Angie,English,Walmart,bazaarvoice
962786054,"Straight Talk Apple iPhone 12, 64GB, Black - Prepaid Smartphone [Locked to Straight Talk]",Cell Phones,Walmart.com,F55CDC31AB754BB68FE0B39041159D63,531.53,IN_STOCK,4.4,4843,/ip/Straight-Talk-Apple-iPhone-12-64GB-Black-Prepaid-Smartphone-Locked-to-Straight-Talk/962786054,"Straight Talk Apple iPhone 12, 64GB, Black - Prepaid Smartphone [Locked to Straight Talk]",Straight Talk Phones & Plans,1.0,Buyer Beware,"DO NOT BUY THIS PHONE! I have been. StraightTalk subscriber for at least 10 years and have never had a problem with my service until I attempted to activate this phone. I got the runaround from the Customer Service « Management «  Team and after 7 days without anyone being able to get my new phone activated and no service, I just went back to my old SE. Do not waste your time or money.",6/21/2024,No recommendation,11.0,2.0,Cas,English,unknown,bazaarvoice
962786054,"Straight Talk Apple iPhone 12, 64GB, Black - Prepaid Smartphone [Locked to Straight Talk]",Cell Phones,Walmart.com,F55CDC31AB754BB68FE0B39041159D63,531.53,IN_STOCK,4.4,4843,/ip/Straight-Talk-Apple-iPhone-12-64GB-Black-Prepaid-Smartphone-Locked-to-Straight-Talk/962786054,"Straight Talk Apple iPhone 12, 64GB, Black - Prepaid Smartphone [Locked to Straight Talk]",Straight Talk Phones & Plans,2.0,No title,First of all when I received this phone for my fiancé we tried to transfer her number over from her old phone to the new phone and when we did straight talk told us that the phone was not properly scanned from Walmart basically saying to phone was stolen but it was not I ordered this online. So he told us to go to the store and tell them we did they said they don't know what to do but issue a refund so I said screw it im going back home when I did I called straight talk back and they were able to transfer it at the time I do not know if the person at straight talk diddnt know what he was doing but we got it straight  very frustrating.,04-09-2025,No recommendation,0.0,0.0,Shane,English,Walmart,bazaarvoice
962786054,"Straight Talk Apple iPhone 12, 64GB, Black - Prepaid Smartphone [Locked to Straight Talk]",Cell Phones,Walmart.com,F55CDC31AB754BB68FE0B39041159D63,531.53,IN_STOCK,4.4,4843,/ip/Straight-Talk-Apple-iPhone-12-64GB-Black-Prepaid-Smartphone-Locked-to-Straight-Talk/962786054,"Straight Talk Apple iPhone 12, 64GB, Black - Prepaid Smartphone [Locked to Straight Talk]",Straight Talk Phones & Plans,1.0,Frozen screen after purchasing brand new,"I purchased this iphone brand new, Black Friday shopping %26 it stopped working a few days later. It's currently just stuck on the Apple logo. I've tried force restart a computer connection to restore it %26 nothing is working. Considering the money I spent I definitely expected my brand new phone to work. I'm not sure what to do as far as returning it since my information is still on it, it's just frozen. I have set up a Apple support appointment to see if they can fix it. Overall I'm not impressed. I didn't expect all this nonsense or I would've saved my money %26 purchased something else.",12-12-2024,No recommendation,1.0,0.0,Liss,English,Walmart,bazaarvoice
962786054,"Straight Talk Apple iPhone 12, 64GB, Black - Prepaid Smartphone [Locked to Straight Talk]",Cell Phones,Walmart.com,F55CDC31AB754BB68FE0B39041159D63,531.53,IN_STOCK,4.4,4843,/ip/Straight-Talk-Apple-iPhone-12-64GB-Black-Prepaid-Smartphone-Locked-to-Straight-Talk/962786054,"Straight Talk Apple iPhone 12, 64GB, Black - Prepaid Smartphone [Locked to Straight Talk]",Straight Talk Phones & Plans,1.0,Horrible customer service,"Absolutely the worst online shopping experience I've ever had. I ordered a phone for nearly $300 from Walmart.com, and over a month later, I still have no phone and no refund. The package was supposedly delivered by FedEx, but I never received it. After going back and forth between FedEx and Walmart, no one is taking responsibility.

What's worse, Walmart's customer service was a complete nightmare. Timeframes for a refund kept changing, and I was given conflicting and incorrect information by multiple reps. When I finally spoke to a manager, they admitted that their staff wasn't properly trained and that I was repeatedly misinformed. And yet — no accountability, no solution, no remorse.

They've made it clear they don't value their customers or their money. It's infuriating to lose $300 over their incompetence. If you're thinking of ordering anything valuable from Walmart.com, don't. You risk losing your money and getting absolutely nowhere with customer service.

Never again.",06-09-2025,No recommendation,0.0,0.0,anonymous,English,Walmart,bazaarvoice
962786054,"Straight Talk Apple iPhone 12, 64GB, Black - Prepaid Smartphone [Locked to Straight Talk]",Cell Phones,Walmart.com,F55CDC31AB754BB68FE0B39041159D63,531.53,IN_STOCK,4.4,4843,/ip/Straight-Talk-Apple-iPhone-12-64GB-Black-Prepaid-Smartphone-Locked-to-Straight-Talk/962786054,"Straight Talk Apple iPhone 12, 64GB, Black - Prepaid Smartphone [Locked to Straight Talk]",Straight Talk Phones & Plans,1.0,Did not save $300,"I order my iPhone by pick up
There was nothing on line about having to open a NEW line to be able to take advantage of the $20 silver plan for a year with Straight Talk. I also noticed that it does say $20 in one place and $25 in another. Very confusing. I was told it was advertised on a really big sign in the store. I did not go into the store. I saw it online and order pick up. I’m upset that I missed out on a $300 savings because it wasn’t properly worded on line.",08-07-2024,No recommendation,4.0,3.0,Merci,English,Walmart,bazaarvoice
962786054,"Straight Talk Apple iPhone 12, 64GB, Black - Prepaid Smartphone [Locked to Straight Talk]",Cell Phones,Walmart.com,F55CDC31AB754BB68FE0B39041159D63,531.53,IN_STOCK,4.4,4843,/ip/Straight-Talk-Apple-iPhone-12-64GB-Black-Prepaid-Smartphone-Locked-to-Straight-Talk/962786054,"Straight Talk Apple iPhone 12, 64GB, Black - Prepaid Smartphone [Locked to Straight Talk]",Straight Talk Phones & Plans,2.0,So much complication and confusion,"I bought this phone through the Walmart grocery pick up. Simply because inside the store, it was $100 more and they were not willing to price match the amount that was online. Well I tried to activate the phone and straight talk, advised me that this phone had not been scanned properly and then I would have to go back up to Walmart and have them rescan it. This is so much hassle.",9/21/2023,No recommendation,2.0,1.0,Ashleigh,English,unknown,bazaarvoice
962786054,"Straight Talk Apple iPhone 12, 64GB, Black - Prepaid Smartphone [Locked to Straight Talk]",Cell Phones,Walmart.com,F55CDC31AB754BB68FE0B39041159D63,531.53,IN_STOCK,4.4,4843,/ip/Straight-Talk-Apple-iPhone-12-64GB-Black-Prepaid-Smartphone-Locked-to-Straight-Talk/962786054,"Straight Talk Apple iPhone 12, 64GB, Black - Prepaid Smartphone [Locked to Straight Talk]",Straight Talk Phones & Plans,5.0,"Former Android user, now I’m an iPhone guy","This iPhone has a faster processor than my last Android. It scans stuff super fast. The iPhone takes a little getting used to but it is worth it. Storage is not really an issue because Apple uses the cloud for storage and backup. Also, this phone is watertight for up to 30 minutes in 6feet of water. I like it so much, bought one for my wife, too.",12-07-2023,No recommendation,1.0,0.0,thatGuyinFlorida,English,unknown,bazaarvoice
962786054,"Straight Talk Apple iPhone 12, 64GB, Black - Prepaid Smartphone [Locked to Straight Talk]",Cell Phones,Walmart.com,F55CDC31AB754BB68FE0B39041159D63,531.53,IN_STOCK,4.4,4843,/ip/Straight-Talk-Apple-iPhone-12-64GB-Black-Prepaid-Smartphone-Locked-to-Straight-Talk/962786054,"Straight Talk Apple iPhone 12, 64GB, Black - Prepaid Smartphone [Locked to Straight Talk]",Straight Talk Phones & Plans,5.0,Would buy again,"No issues with phone. Stays charged, good service.",12-03-2024,No recommendation,1.0,0.0,Briana,English,Walmart,bazaarvoice
962786054,"Straight Talk Apple iPhone 12, 64GB, Black - Prepaid Smartphone [Locked to Straight Talk]",Cell Phones,Walmart.com,F55CDC31AB754BB68FE0B39041159D63,531.53,IN_STOCK,4.4,4843,/ip/Straight-Talk-Apple-iPhone-12-64GB-Black-Prepaid-Smartphone-Locked-to-Straight-Talk/962786054,"Straight Talk Apple iPhone 12, 64GB, Black - Prepaid Smartphone [Locked to Straight Talk]",Straight Talk Phones & Plans,4.0,No title,These are Christmas gifts for my grandchildren.   Very affordable since I am on a fixed income!,12-09-2024,No recommendation,1.0,0.0,WalmartCustomer,English,unknown,bazaarvoice
962786054,"Straight Talk Apple iPhone 12, 64GB, Black - Prepaid Smartphone [Locked to Straight Talk]",Cell Phones,Walmart.com,F55CDC31AB754BB68FE0B39041159D63,531.53,IN_STOCK,4.4,4843,/ip/Straight-Talk-Apple-iPhone-12-64GB-Black-Prepaid-Smartphone-Locked-to-Straight-Talk/962786054,"Straight Talk Apple iPhone 12, 64GB, Black - Prepaid Smartphone [Locked to Straight Talk]",Straight Talk Phones & Plans,5.0,No title,"I liked how cheap it was for a fully functional iPhone 12, and it was pretty good",12/24/2024,No recommendation,1.0,0.0,Donna,English,unknown,bazaarvoice
962786054,"Straight Talk Apple iPhone 12, 64GB, Black - Prepaid Smartphone [Locked to Straight Talk]",Cell Phones,Walmart.com,F55CDC31AB754BB68FE0B39041159D63,531.53,IN_STOCK,4.4,4843,/ip/Straight-Talk-Apple-iPhone-12-64GB-Black-Prepaid-Smartphone-Locked-to-Straight-Talk/962786054,"Straight Talk Apple iPhone 12, 64GB, Black - Prepaid Smartphone [Locked to Straight Talk]",Straight Talk Phones & Plans,4.0,Apple I Phone,it ok just wish it was big to small,12-12-2024,No recommendation,1.0,0.0,WILLIA,English,Walmart,bazaarvoice
962786054,"Straight Talk Apple iPhone 12, 64GB, Black - Prepaid Smartphone [Locked to Straight Talk]",Cell Phones,Walmart.com,F55CDC31AB754BB68FE0B39041159D63,531.53,IN_STOCK,4.4,4843,/ip/Straight-Talk-Apple-iPhone-12-64GB-Black-Prepaid-Smartphone-Locked-to-Straight-Talk/962786054,"Straight Talk Apple iPhone 12, 64GB, Black - Prepaid Smartphone [Locked to Straight Talk]",Straight Talk Phones & Plans,5.0,No title,"bought for son, he loves it",11/24/2023,No recommendation,6.0,0.0,Unknown,English,unknown,bazaarvoice
962786054,"Straight Talk Apple iPhone 12, 64GB, Black - Prepaid Smartphone [Locked to Straight Talk]",Cell Phones,Walmart.com,F55CDC31AB754BB68FE0B39041159D63,531.53,IN_STOCK,4.4,4843,/ip/Straight-Talk-Apple-iPhone-12-64GB-Black-Prepaid-Smartphone-Locked-to-Straight-Talk/962786054,"Straight Talk Apple iPhone 12, 64GB, Black - Prepaid Smartphone [Locked to Straight Talk]",Straight Talk Phones & Plans,5.0,Great Phone,Great first phone for my teenager. Easy to set up.,7/14/2025,True,0.0,0.0,Pleased Customer,English,unknown,bazaarvoice
962786054,"Straight Talk Apple iPhone 12, 64GB, Black - Prepaid Smartphone [Locked to Straight Talk]",Cell Phones,Walmart.com,F55CDC31AB754BB68FE0B39041159D63,531.53,IN_STOCK,4.4,4843,/ip/Straight-Talk-Apple-iPhone-12-64GB-Black-Prepaid-Smartphone-Locked-to-Straight-Talk/962786054,"Straight Talk Apple iPhone 12, 64GB, Black - Prepaid Smartphone [Locked to Straight Talk]",Straight Talk Phones & Plans,5.0,No title,Spot on. Daughter loves her new phone,5/17/2025,No recommendation,0.0,0.0,Ashley,English,Walmart,bazaarvoice
18335669093,"AT&T Samsung Galaxy A17 5G, 128GB, Black - Prepaid Smartphone[Locked to AT&T]",Cell Phones,Walmart.com,F55CDC31AB754BB68FE0B39041159D63,79.0,IN_STOCK,4.2,205,/ip/Samsung-A17-5G-Prepaid-Smartphone/18335669093,"AT&T Samsung Galaxy A17 5G, 64GB, Black - Prepaid Smartphone[Locked to AT&T]",Prepaid Android phones,5.0,No title,great phone came fast Walmart is a life saver,04-07-2026,True,0.0,0.0,ISAIAH,English,Walmart,bazaarvoice
18335669093,"AT&T Samsung Galaxy A17 5G, 128GB, Black - Prepaid Smartphone[Locked to AT&T]",Cell Phones,Walmart.com,F55CDC31AB754BB68FE0B39041159D63,79.0,IN_STOCK,4.2,205,/ip/Samsung-A17-5G-Prepaid-Smartphone/18335669093,"AT&T Samsung Galaxy A17 5G, 64GB, Black - Prepaid Smartphone[Locked to AT&T]",Prepaid Android phones,1.0,No title,touch sometime you have to tap screen multiple of times,3/25/2026,No recommendation,2.0,2.0,Fredrick,English,Walmart,bazaarvoice
18358462396,"AT&T Motorola moto g Play 2026,64GB, PANTONE Tapestry - Prepaid Smartphone[Locked to AT&T]",Cell Phones,Walmart.com,F55CDC31AB754BB68FE0B39041159D63,49.88,IN_STOCK,4.1,120,/ip/Moto-G-Play-5G-2026-Prepaid-Smartphone/18358462396,"AT&T Motorola moto g Play 2026,64GB, PANTONE Tapestry - Prepaid Smartphone[Locked to AT&T]",Prepaid Android phones,5.0,No title,"It's a good deal on a locked  phone. Att is a little of a pain with there useless apps they like to force on you but there device is good sp that makes up for it
 zIm very happy with the phone overall.",4/24/2026,No recommendation,0.0,0.0,ted,English,Walmart,bazaarvoice
18358462396,"AT&T Motorola moto g Play 2026,64GB, PANTONE Tapestry - Prepaid Smartphone[Locked to AT&T]",Cell Phones,Walmart.com,F55CDC31AB754BB68FE0B39041159D63,49.88,IN_STOCK,4.1,120,/ip/Moto-G-Play-5G-2026-Prepaid-Smartphone/18358462396,"AT&T Motorola moto g Play 2026,64GB, PANTONE Tapestry - Prepaid Smartphone[Locked to AT&T]",Prepaid Android phones,5.0,Customer services was on top.They did not make me,"That was quick and painless , and did not take no time at all for them to bring it out to my car and give it to me right on",5/18/2026,No recommendation,0.0,0.0,earl,English,Walmart,bazaarvoice
18358462396,"AT&T Motorola moto g Play 2026,64GB, PANTONE Tapestry - Prepaid Smartphone[Locked to AT&T]",Cell Phones,Walmart.com,F55CDC31AB754BB68FE0B39041159D63,49.88,IN_STOCK,4.1,120,/ip/Moto-G-Play-5G-2026-Prepaid-Smartphone/18358462396,"AT&T Motorola moto g Play 2026,64GB, PANTONE Tapestry - Prepaid Smartphone[Locked to AT&T]",Prepaid Android phones,5.0,Great phone for the budget conscious.,Motorola once again delivers a great phone for the money. The build quality is nice. It's fast for a budget phone %26 the camera is nice too.,04-10-2026,True,0.0,0.0,J,English,Walmart,bazaarvoice
18358462396,"AT&T Motorola moto g Play 2026,64GB, PANTONE Tapestry - Prepaid Smartphone[Locked to AT&T]",Cell Phones,Walmart.com,F55CDC31AB754BB68FE0B39041159D63,49.88,IN_STOCK,4.1,120,/ip/Moto-G-Play-5G-2026-Prepaid-Smartphone/18358462396,"AT&T Motorola moto g Play 2026,64GB, PANTONE Tapestry - Prepaid Smartphone[Locked to AT&T]",Prepaid Android phones,5.0,No title,"This is a great phone for even double the price. Big battery, nice screen. Its an upgrade to last years model.",3/13/2026,True,0.0,0.0,Cliff,English,Walmart,bazaarvoice
18358462396,"AT&T Motorola moto g Play 2026,64GB, PANTONE Tapestry - Prepaid Smartphone[Locked to AT&T]",Cell Phones,Walmart.com,F55CDC31AB754BB68FE0B39041159D63,49.88,IN_STOCK,4.1,120,/ip/Moto-G-Play-5G-2026-Prepaid-Smartphone/18358462396,"AT&T Motorola moto g Play 2026,64GB, PANTONE Tapestry - Prepaid Smartphone[Locked to AT&T]",Prepaid Android phones,5.0,No title,A phone that simply can't be beat. Awesome deal.,4/28/2026,True,0.0,0.0,Brian,English,Walmart,bazaarvoice
18358462396,"AT&T Motorola moto g Play 2026,64GB, PANTONE Tapestry - Prepaid Smartphone[Locked to AT&T]",Cell Phones,Walmart.com,F55CDC31AB754BB68FE0B39041159D63,49.88,IN_STOCK,4.1,120,/ip/Moto-G-Play-5G-2026-Prepaid-Smartphone/18358462396,"AT&T Motorola moto g Play 2026,64GB, PANTONE Tapestry - Prepaid Smartphone[Locked to AT&T]",Prepaid Android phones,3.0,Research before you buy,Can't use with regular AT%26T accounts without jumping through multiple hoops. Three lengthy phone calls and 3 trips to AT%26T stores. A guy at the 3rd store finally figured out the problem and was able to fix it.,5/16/2026,No recommendation,0.0,0.0,Wendy,English,Walmart,bazaarvoice
18358462396,"AT&T Motorola moto g Play 2026,64GB, PANTONE Tapestry - Prepaid Smartphone[Locked to AT&T]",Cell Phones,Walmart.com,F55CDC31AB754BB68FE0B39041159D63,49.88,IN_STOCK,4.1,120,/ip/Moto-G-Play-5G-2026-Prepaid-Smartphone/18358462396,"AT&T Motorola moto g Play 2026,64GB, PANTONE Tapestry - Prepaid Smartphone[Locked to AT&T]",Prepaid Android phones,3.0,No title,phone did not come with pre paid minutes.,05-06-2026,True,0.0,0.0,Alice,English,Walmart,bazaarvoice
18358462396,"AT&T Motorola moto g Play 2026,64GB, PANTONE Tapestry - Prepaid Smartphone[Locked to AT&T]",Cell Phones,Walmart.com,F55CDC31AB754BB68FE0B39041159D63,49.88,IN_STOCK,4.1,120,/ip/Moto-G-Play-5G-2026-Prepaid-Smartphone/18358462396,"AT&T Motorola moto g Play 2026,64GB, PANTONE Tapestry - Prepaid Smartphone[Locked to AT&T]",Prepaid Android phones,1.0,No title,I checked to see if this phone was compatible with AT%26t postpaid before I bought it I was assured by Walmart that it was and it's been weeks now and I still can't get it to work with them att keeps trying but it just won't work out,4/28/2026,False,0.0,0.0,Joshua,English,Walmart,bazaarvoice
18358462396,"AT&T Motorola moto g Play 2026,64GB, PANTONE Tapestry - Prepaid Smartphone[Locked to AT&T]",Cell Phones,Walmart.com,F55CDC31AB754BB68FE0B39041159D63,49.88,IN_STOCK,4.1,120,/ip/Moto-G-Play-5G-2026-Prepaid-Smartphone/18358462396,"AT&T Motorola moto g Play 2026,64GB, PANTONE Tapestry - Prepaid Smartphone[Locked to AT&T]",Prepaid Android phones,1.0,No title,the five year program is just to long,05-11-2026,False,0.0,0.0,Robert,English,Walmart,bazaarvoice
18358462396,"AT&T Motorola moto g Play 2026,64GB, PANTONE Tapestry - Prepaid Smartphone[Locked to AT&T]",Cell Phones,Walmart.com,F55CDC31AB754BB68FE0B39041159D63,49.88,IN_STOCK,4.1,120,/ip/Moto-G-Play-5G-2026-Prepaid-Smartphone/18358462396,"AT&T Motorola moto g Play 2026,64GB, PANTONE Tapestry - Prepaid Smartphone[Locked to AT&T]",Prepaid Android phones,1.0,No title,terrible no memory and very slow,03-04-2026,False,0.0,0.0,Tonya,English,Walmart,bazaarvoice
14559312589,"Straight Talk TCL 50XL NXTPAPER, 5G, 128GB, Blue - Prepaid Smartphone [Locked to Straight Talk]",Cell Phones,Walmart.com,F55CDC31AB754BB68FE0B39041159D63,79.88,IN_STOCK,4.0,241,/ip/Straight-Talk-TCL-Ruby-5G-128GB-Blue-Prepaid-Smartphone-Locked-to-Straight-Talk/14559312589,"Straight Talk TCL 50XL NXTPAPER, 5G, 128GB, Blue - Prepaid Smartphone [Locked to Straight Talk]",5G Prepaid Phones,5.0,No title,very nice product,02-11-2026,No recommendation,0.0,0.0,WalmartCustomer,English,unknown,bazaarvoice
14559312589,"Straight Talk TCL 50XL NXTPAPER, 5G, 128GB, Blue - Prepaid Smartphone [Locked to Straight Talk]",Cell Phones,Walmart.com,F55CDC31AB754BB68FE0B39041159D63,79.88,IN_STOCK,4.0,241,/ip/Straight-Talk-TCL-Ruby-5G-128GB-Blue-Prepaid-Smartphone-Locked-to-Straight-Talk/14559312589,"Straight Talk TCL 50XL NXTPAPER, 5G, 128GB, Blue - Prepaid Smartphone [Locked to Straight Talk]",5G Prepaid Phones,5.0,No title,Product arrived on time. It was exactly as described and arrived in great condition.,10/22/2025,No recommendation,0.0,1.0,WalmartCustomer,English,unknown,bazaarvoice
5459814839,"Verizon Prepaid Motorola Moto G Play 2024, 4G, 64GB, Blue -Prepaid Smartphone [Locked to Verizon Prepaid]",Cell Phones,Walmart.com,F55CDC31AB754BB68FE0B39041159D63,29.88,IN_STOCK,4.0,775,/ip/Verizon-Moto-G-Play-2024-64GB-Sapphire-Blue-Prepaid-Smartphone-Locked-to-Verizon-Prepaid/5459814839,"Verizon Moto G Play 2024, 64GB, Sapphire Blue - Prepaid Smartphone [Locked to Verizon Prepaid]",Prepaid Android phones,5.0,No title,I rated the product this way because my cell phone was damaged the day that I placed the order and I needed a new cell phone as soon as possible. Walmart.com made it easy for me because I was able to order a new phone for a great price that arrived the very next day.,02-11-2026,No recommendation,0.0,0.0,WalmartCustomer,English,unknown,bazaarvoice
5459814839,"Verizon Prepaid Motorola Moto G Play 2024, 4G, 64GB, Blue -Prepaid Smartphone [Locked to Verizon Prepaid]",Cell Phones,Walmart.com,F55CDC31AB754BB68FE0B39041159D63,29.88,IN_STOCK,4.0,775,/ip/Verizon-Moto-G-Play-2024-64GB-Sapphire-Blue-Prepaid-Smartphone-Locked-to-Verizon-Prepaid/5459814839,"Verizon Moto G Play 2024, 64GB, Sapphire Blue - Prepaid Smartphone [Locked to Verizon Prepaid]",Prepaid Android phones,4.0,Sometimes basic is better,"I like this phone.  It only lacks memory but other that it's good.  I gave it 4 stars because for a little while it stopped charging unless I turned it off first.  lol.  But, she's back taking a charge like regular and still doing great.  It has a regular headphone jack connection and I like this because I don't always trust a Bluetooth connection.  Also, I've dropped her with no case and she is still crack and dent free.  

IMO, unless you have a streaming job, or are an influencer then why pay $1000 plus for a phone and end up at the cash advance place with the Joneses looking for a loan so you can pay your phone bill.  

Make America Basic Again!",01-02-2026,True,1.0,0.0,Melissa,English,Walmart,bazaarvoice
5459814839,"Verizon Prepaid Motorola Moto G Play 2024, 4G, 64GB, Blue -Prepaid Smartphone [Locked to Verizon Prepaid]",Cell Phones,Walmart.com,F55CDC31AB754BB68FE0B39041159D63,29.88,IN_STOCK,4.0,775,/ip/Verizon-Moto-G-Play-2024-64GB-Sapphire-Blue-Prepaid-Smartphone-Locked-to-Verizon-Prepaid/5459814839,"Verizon Moto G Play 2024, 64GB, Sapphire Blue - Prepaid Smartphone [Locked to Verizon Prepaid]",Prepaid Android phones,3.0,A mixed bag,"I had Moto g play 2021 for 4 years and it was a durable workhorse. I had hoped the 2024 model would have been at least as good in that regard if not better. But I'm mostly disappointed with the 2024 model. Its missing a couple of basic functions that I really liked on the 2021 model, like lift to wake.  Not there. I don't like the font settings, they're either too large or too small, not very adjustable. The fingerprint sensor works half the time. It seems that they focused on hardware upgrades on the 2024 with the extra ram and storage capability. But the actual device is just flimsy, feels cheap. Not sturdy. I can't get the face unlock app to take my measurements and I've tried it a hundred times. it starts but after a few seconds it says something happened try again so I gave up on it and I'm using my PIN unlock. It has a few glitches. Sometimes the screen doesn't respond, takes two or more taps to motivate it. My 2021 had rapid charge but I can't seem to get this on the 2024. I've only used it for a couple days now and am finding small glitches each time. When I was setting it up, the SIM tray wouldn't close fully but after a while I was able to manage to get it flush with the edge. All in all, I'm dissatisfied with it as it compares with my 2021 model. I don't use the camera much so that's not an issue.  Hopefully I can get a year out of it. For $50, that's reasonable. I mainly use it for talking and texting and email.",9/22/2025,False,1.0,0.0,anonymous,English,Walmart,bazaarvoice
5459814839,"Verizon Prepaid Motorola Moto G Play 2024, 4G, 64GB, Blue -Prepaid Smartphone [Locked to Verizon Prepaid]",Cell Phones,Walmart.com,F55CDC31AB754BB68FE0B39041159D63,29.88,IN_STOCK,4.0,775,/ip/Verizon-Moto-G-Play-2024-64GB-Sapphire-Blue-Prepaid-Smartphone-Locked-to-Verizon-Prepaid/5459814839,"Verizon Moto G Play 2024, 64GB, Sapphire Blue - Prepaid Smartphone [Locked to Verizon Prepaid]",Prepaid Android phones,1.0,No title,I bought this phone as a basic phone for my child to have without service to only use with wifi. This phone REQUIRES activation to even go to a home screen or off the activation screen at all. This is something I have done for years with different phones and have never had a problem until this one. This was never stated anywhere in the description that activation was required.,3/24/2026,False,2.0,0.0,Kristen,English,Walmart,bazaarvoice
5459814839,"Verizon Prepaid Motorola Moto G Play 2024, 4G, 64GB, Blue -Prepaid Smartphone [Locked to Verizon Prepaid]",Cell Phones,Walmart.com,F55CDC31AB754BB68FE0B39041159D63,29.88,IN_STOCK,4.0,775,/ip/Verizon-Moto-G-Play-2024-64GB-Sapphire-Blue-Prepaid-Smartphone-Locked-to-Verizon-Prepaid/5459814839,"Verizon Moto G Play 2024, 64GB, Sapphire Blue - Prepaid Smartphone [Locked to Verizon Prepaid]",Prepaid Android phones,1.0,No title,walmart.com did not scan my item so i had to go to the nearest store to have it rescanned. easier said then done. staff did not know how so i had to return it and repurchase. prob os i used affirm to purchase originally so had to return then use cash to rebuy. did it anyway as it was a gift for my son. still wouldn't activate. spent 3 hours on the phone during work with verizon. still no activation. said on a tech level it was but not hardware level. he still couldnt get it and promised to call me back the next day. of course he didnt. bought a new phone to try again to het my son his much wanted birthday gift. took the sim out of this one and put it in the moto kansas i bought. worked right away! guess what? now i cant return the moto g! so i started with a 49$ phone and am now 150$ deep but my son fonally has his working birthday gift! never have i had such issues activating a prepaid phone!!!😔🤦,6/26/2025,False,1.0,0.0,Renee,English,Walmart,bazaarvoice
5459814839,"Verizon Prepaid Motorola Moto G Play 2024, 4G, 64GB, Blue -Prepaid Smartphone [Locked to Verizon Prepaid]",Cell Phones,Walmart.com,F55CDC31AB754BB68FE0B39041159D63,29.88,IN_STOCK,4.0,775,/ip/Verizon-Moto-G-Play-2024-64GB-Sapphire-Blue-Prepaid-Smartphone-Locked-to-Verizon-Prepaid/5459814839,"Verizon Moto G Play 2024, 64GB, Sapphire Blue - Prepaid Smartphone [Locked to Verizon Prepaid]",Prepaid Android phones,1.0,No title,"i had ordered it but you were out never received the phone or my money back..
either one would be nice 
please send me the phone or the money back on the card
not happy with this at all 
Ms Karen Cook and Mr Richard teurman",06-07-2025,False,1.0,0.0,Karen,English,Walmart,bazaarvoice
5459814839,"Verizon Prepaid Motorola Moto G Play 2024, 4G, 64GB, Blue -Prepaid Smartphone [Locked to Verizon Prepaid]",Cell Phones,Walmart.com,F55CDC31AB754BB68FE0B39041159D63,29.88,IN_STOCK,4.0,775,/ip/Verizon-Moto-G-Play-2024-64GB-Sapphire-Blue-Prepaid-Smartphone-Locked-to-Verizon-Prepaid/5459814839,"Verizon Moto G Play 2024, 64GB, Sapphire Blue - Prepaid Smartphone [Locked to Verizon Prepaid]",Prepaid Android phones,1.0,No title,"This phone is locked!!! I cannot activate it until it is unlocked by walmart. I called to get it unlocked and they said I have to go to a store to have it unlocked. I have no way of getting to a store,  so I have to return it.",7/29/2025,False,1.0,0.0,Denise,English,unknown,bazaarvoice
5459814839,"Verizon Prepaid Motorola Moto G Play 2024, 4G, 64GB, Blue -Prepaid Smartphone [Locked to Verizon Prepaid]",Cell Phones,Walmart.com,F55CDC31AB754BB68FE0B39041159D63,29.88,IN_STOCK,4.0,775,/ip/Verizon-Moto-G-Play-2024-64GB-Sapphire-Blue-Prepaid-Smartphone-Locked-to-Verizon-Prepaid/5459814839,"Verizon Moto G Play 2024, 64GB, Sapphire Blue - Prepaid Smartphone [Locked to Verizon Prepaid]",Prepaid Android phones,1.0,No title,don't waste your money the phone gets hot cuts off won't stay charged up after about 2 hours you got it back on a charge it won't stay up that camera is very gritty looking when taken a phone not worth the low cost old saying you get what you pay for is so right on point with this.,3/31/2026,False,0.0,0.0,Dalton,English,Walmart,bazaarvoice
5459814839,"Verizon Prepaid Motorola Moto G Play 2024, 4G, 64GB, Blue -Prepaid Smartphone [Locked to Verizon Prepaid]",Cell Phones,Walmart.com,F55CDC31AB754BB68FE0B39041159D63,29.88,IN_STOCK,4.0,775,/ip/Verizon-Moto-G-Play-2024-64GB-Sapphire-Blue-Prepaid-Smartphone-Locked-to-Verizon-Prepaid/5459814839,"Verizon Moto G Play 2024, 64GB, Sapphire Blue - Prepaid Smartphone [Locked to Verizon Prepaid]",Prepaid Android phones,1.0,No title,"i rec'd thid phone, signed for it.of course i threw boxes away. i never had problem with any merchandise before. well the dim card will not fit in the phone. took it back to the store. wouldnt do any thing about it because i didnt have the boxes. had my receipt  and i thoghti wouldnt have a problem.  the person frim Walmart couldnt get the sims card in either. i dont think  any one could  but i am out of 89.00.",03-01-2025,No recommendation,0.0,0.0,celine,English,Walmart,bazaarvoice
5459814839,"Verizon Prepaid Motorola Moto G Play 2024, 4G, 64GB, Blue -Prepaid Smartphone [Locked to Verizon Prepaid]",Cell Phones,Walmart.com,F55CDC31AB754BB68FE0B39041159D63,29.88,IN_STOCK,4.0,775,/ip/Verizon-Moto-G-Play-2024-64GB-Sapphire-Blue-Prepaid-Smartphone-Locked-to-Verizon-Prepaid/5459814839,"Verizon Moto G Play 2024, 64GB, Sapphire Blue - Prepaid Smartphone [Locked to Verizon Prepaid]",Prepaid Android phones,1.0,Horrible Service by Verizon,"I bought the phone, tried adding my payment information which Verizon was USELESS IN HELPING after three attempts my Bank blocked the payment, I could not get help from Verizon so I am returning it!

I want a check for the phone plus the Warranty plan I bought ASAP!",03-05-2026,False,0.0,0.0,Kevin,English,Walmart,bazaarvoice
5459814839,"Verizon Prepaid Motorola Moto G Play 2024, 4G, 64GB, Blue -Prepaid Smartphone [Locked to Verizon Prepaid]",Cell Phones,Walmart.com,F55CDC31AB754BB68FE0B39041159D63,29.88,IN_STOCK,4.0,775,/ip/Verizon-Moto-G-Play-2024-64GB-Sapphire-Blue-Prepaid-Smartphone-Locked-to-Verizon-Prepaid/5459814839,"Verizon Moto G Play 2024, 64GB, Sapphire Blue - Prepaid Smartphone [Locked to Verizon Prepaid]",Prepaid Android phones,1.0,na,i never received it in delivery,3/19/2025,False,0.0,0.0,anonymous,English,Walmart,bazaarvoice
5459814839,"Verizon Prepaid Motorola Moto G Play 2024, 4G, 64GB, Blue -Prepaid Smartphone [Locked to Verizon Prepaid]",Cell Phones,Walmart.com,F55CDC31AB754BB68FE0B39041159D63,29.88,IN_STOCK,4.0,775,/ip/Verizon-Moto-G-Play-2024-64GB-Sapphire-Blue-Prepaid-Smartphone-Locked-to-Verizon-Prepaid/5459814839,"Verizon Moto G Play 2024, 64GB, Sapphire Blue - Prepaid Smartphone [Locked to Verizon Prepaid]",Prepaid Android phones,1.0,No title,Haven't received shipment.,03-01-2025,No recommendation,0.0,0.0,WalmartCustomer,English,unknown,bazaarvoice
5459814839,"Verizon Prepaid Motorola Moto G Play 2024, 4G, 64GB, Blue -Prepaid Smartphone [Locked to Verizon Prepaid]",Cell Phones,Walmart.com,F55CDC31AB754BB68FE0B39041159D63,29.88,IN_STOCK,4.0,775,/ip/Verizon-Moto-G-Play-2024-64GB-Sapphire-Blue-Prepaid-Smartphone-Locked-to-Verizon-Prepaid/5459814839,"Verizon Moto G Play 2024, 64GB, Sapphire Blue - Prepaid Smartphone [Locked to Verizon Prepaid]",Prepaid Android phones,5.0,PREPAID PHONE,"For starters, the best money, can buy, for prepaid!",3/13/2026,No recommendation,0.0,0.0,Brian,English,Walmart,bazaarvoice
5459814839,"Verizon Prepaid Motorola Moto G Play 2024, 4G, 64GB, Blue -Prepaid Smartphone [Locked to Verizon Prepaid]",Cell Phones,Walmart.com,F55CDC31AB754BB68FE0B39041159D63,29.88,IN_STOCK,4.0,775,/ip/Verizon-Moto-G-Play-2024-64GB-Sapphire-Blue-Prepaid-Smartphone-Locked-to-Verizon-Prepaid/5459814839,"Verizon Moto G Play 2024, 64GB, Sapphire Blue - Prepaid Smartphone [Locked to Verizon Prepaid]",Prepaid Android phones,5.0,No title,I love all the features available with this phone model .,3/15/2026,True,0.0,0.0,Melissa,English,Walmart,bazaarvoice
5459814839,"Verizon Prepaid Motorola Moto G Play 2024, 4G, 64GB, Blue -Prepaid Smartphone [Locked to Verizon Prepaid]",Cell Phones,Walmart.com,F55CDC31AB754BB68FE0B39041159D63,29.88,IN_STOCK,4.0,775,/ip/Verizon-Moto-G-Play-2024-64GB-Sapphire-Blue-Prepaid-Smartphone-Locked-to-Verizon-Prepaid/5459814839,"Verizon Moto G Play 2024, 64GB, Sapphire Blue - Prepaid Smartphone [Locked to Verizon Prepaid]",Prepaid Android phones,5.0,No title,"Great product, quick delivery",11/19/2025,No recommendation,0.0,0.0,WalmartCustomer,English,unknown,bazaarvoice
5459814839,"Verizon Prepaid Motorola Moto G Play 2024, 4G, 64GB, Blue -Prepaid Smartphone [Locked to Verizon Prepaid]",Cell Phones,Walmart.com,F55CDC31AB754BB68FE0B39041159D63,29.88,IN_STOCK,4.0,775,/ip/Verizon-Moto-G-Play-2024-64GB-Sapphire-Blue-Prepaid-Smartphone-Locked-to-Verizon-Prepaid/5459814839,"Verizon Moto G Play 2024, 64GB, Sapphire Blue - Prepaid Smartphone [Locked to Verizon Prepaid]",Prepaid Android phones,5.0,Excellent Cell Phone- Better than an iPhone.,"This is a great phone. After trying an iPhone and disliking it, I have found this Motorola to be so much easier to use and I love the features as well as the size. The price is excellent. I am very happy with this phone.",8/21/2024,No recommendation,2.0,0.0,Kristin,English,Walmart,bazaarvoice
5459814839,"Verizon Prepaid Motorola Moto G Play 2024, 4G, 64GB, Blue -Prepaid Smartphone [Locked to Verizon Prepaid]",Cell Phones,Walmart.com,F55CDC31AB754BB68FE0B39041159D63,29.88,IN_STOCK,4.0,775,/ip/Verizon-Moto-G-Play-2024-64GB-Sapphire-Blue-Prepaid-Smartphone-Locked-to-Verizon-Prepaid/5459814839,"Verizon Moto G Play 2024, 64GB, Sapphire Blue - Prepaid Smartphone [Locked to Verizon Prepaid]",Prepaid Android phones,5.0,best lhone compnay for the money,awesome battery life. very good camera. the cheapest moto in the 2024 lineup but not a cheap phone at all. cant break it. dropped it a bunch no case.  motos are the toughest lhones there are.  the lnly brand i buy. eveything else just breaks on me. plus its an american company headquarters in chicago.,10/14/2024,No recommendation,1.0,0.0,Martin,English,Walmart,bazaarvoice
5459814839,"Verizon Prepaid Motorola Moto G Play 2024, 4G, 64GB, Blue -Prepaid Smartphone [Locked to Verizon Prepaid]",Cell Phones,Walmart.com,F55CDC31AB754BB68FE0B39041159D63,29.88,IN_STOCK,4.0,775,/ip/Verizon-Moto-G-Play-2024-64GB-Sapphire-Blue-Prepaid-Smartphone-Locked-to-Verizon-Prepaid/5459814839,"Verizon Moto G Play 2024, 64GB, Sapphire Blue - Prepaid Smartphone [Locked to Verizon Prepaid]",Prepaid Android phones,5.0,No title,This is a high quality budget phone at a fair price! Motorola phones are always very reliable and durable and long-lasting! Can't beat the battery life on their phones! the phone also includes a Dolby Atmos chip for Great sound and video playback. Great camera quality and stereo speakers built in. really like the very accurate fingerprint sensor on the power button. It works flawlessly every time.,10/13/2024,No recommendation,1.0,0.0,WalmartCustomer,English,Walmart,bazaarvoice
5459814839,"Verizon Prepaid Motorola Moto G Play 2024, 4G, 64GB, Blue -Prepaid Smartphone [Locked to Verizon Prepaid]",Cell Phones,Walmart.com,F55CDC31AB754BB68FE0B39041159D63,29.88,IN_STOCK,4.0,775,/ip/Verizon-Moto-G-Play-2024-64GB-Sapphire-Blue-Prepaid-Smartphone-Locked-to-Verizon-Prepaid/5459814839,"Verizon Moto G Play 2024, 64GB, Sapphire Blue - Prepaid Smartphone [Locked to Verizon Prepaid]",Prepaid Android phones,5.0,Great inexpensive phone!,"I bought a high priced cell (different brand) did not like it. Saw this on sale and jumped on it. Great phone with all the bells and whistles of their higher priced models. I've been a loyal Moto user for many years, I washed my expensive phone and it died. I was so bummed and somehow I bought a pricey cell. Never liked it, my kid said I'll take your new phone and you buy another Moto. Oh yes! So here I am to review this lovely. Some have said a few rather unkind words about this phone, ignore them. This is a really nice, up-to-date, top rated by PC Magazine, cell phone. It does have all the bells and whistles that I will ever need. Easy to understand and talk to text works perfectly. No need to ""program"" this phone to suit your needs, it's intuitive.",05-11-2024,No recommendation,21.0,3.0,fantasticalice,English,unknown,bazaarvoice
5459814839,"Verizon Prepaid Motorola Moto G Play 2024, 4G, 64GB, Blue -Prepaid Smartphone [Locked to Verizon Prepaid]",Cell Phones,Walmart.com,F55CDC31AB754BB68FE0B39041159D63,29.88,IN_STOCK,4.0,775,/ip/Verizon-Moto-G-Play-2024-64GB-Sapphire-Blue-Prepaid-Smartphone-Locked-to-Verizon-Prepaid/5459814839,"Verizon Moto G Play 2024, 64GB, Sapphire Blue - Prepaid Smartphone [Locked to Verizon Prepaid]",Prepaid Android phones,5.0,AWESOME!!!,"I had the Samsung Galaxy a32 for almost a year but it was the PITS! I'd have to restart it up to four times a day, it wouldn't send simple text and phone calls would drop all the time. It was time for a new phone for real! I watched Jerry rig everything durability test on this phone and it excited me (not going to lie!) Had this phone for about a month and I can't say enough good things about it - it does everything I need it to! Phone calls are crystal clear, text and pictures send quickly. Battery life is great for all day use- I can't say anything bad about it I am very happy with my purchase. I used to have the Google pixel 2A and 5; over time they slowly died. This has the same format unlike Samsung and is very easy to use! Could not be happier, thank you guys so much for making a phone for the masses at an affordable price!!!!! The only thing I will say and it's not a flaw but I do miss the wide-angle lens with the Samsung. But still light years happier. I do take lots of photos of the kids and friends and it works great every time.",05-08-2024,True,9.0,3.0,Icedhoonigan,English,unknown,bazaarvoice
14552506783,"Straight Talk Motorola moto g 2025, 5G, 64GB, Blue - Prepaid Smartphone [Locked to Straight Talk]",Cell Phones,Walmart.com,F55CDC31AB754BB68FE0B39041159D63,29.88,IN_STOCK,4.4,6971,/ip/Straight-Talk-Motorola-Moto-g-2025-5G-64GB-Blue-Prepaid-Smartphone-Locked-to-Straight-Talk/14552506783,"Straight Talk Motorola moto g 2025, 5G, 64GB, Blue - Prepaid Smartphone [Locked to Straight Talk]",5G Prepaid Phones,1.0,No title,I don't know how satisfied I am because I still don't have my delivery scheduled last night between 7 and 9 pm at ********* highway 10 jackson lousiana.,03-03-2026,No recommendation,0.0,0.0,WalmartCustomer,English,unknown,bazaarvoice
14552506783,"Straight Talk Motorola moto g 2025, 5G, 64GB, Blue - Prepaid Smartphone [Locked to Straight Talk]",Cell Phones,Walmart.com,F55CDC31AB754BB68FE0B39041159D63,29.88,IN_STOCK,4.4,6971,/ip/Straight-Talk-Motorola-Moto-g-2025-5G-64GB-Blue-Prepaid-Smartphone-Locked-to-Straight-Talk/14552506783,"Straight Talk Motorola moto g 2025, 5G, 64GB, Blue - Prepaid Smartphone [Locked to Straight Talk]",5G Prepaid Phones,5.0,Moto,I’m an Apple user but I wanted a phone I can use as a spare just in case iPhone malfunction for some reason.  It’s a good looking phone.  I’ve tried it out and I’m pleased.,01-12-2026,No recommendation,0.0,0.0,dora,English,Walmart,bazaarvoice
14552506783,"Straight Talk Motorola moto g 2025, 5G, 64GB, Blue - Prepaid Smartphone [Locked to Straight Talk]",Cell Phones,Walmart.com,F55CDC31AB754BB68FE0B39041159D63,29.88,IN_STOCK,4.4,6971,/ip/Straight-Talk-Motorola-Moto-g-2025-5G-64GB-Blue-Prepaid-Smartphone-Locked-to-Straight-Talk/14552506783,"Straight Talk Motorola moto g 2025, 5G, 64GB, Blue - Prepaid Smartphone [Locked to Straight Talk]",5G Prepaid Phones,3.0,No title,definitely not for an active husband. my husband managed to break his in less than 24 hours. first time you dropped it that was it broke it before the case even came in lol  otherwise it is a great phone.,1/30/2026,True,0.0,0.0,Cheryl,English,Walmart,bazaarvoice
14552506783,"Straight Talk Motorola moto g 2025, 5G, 64GB, Blue - Prepaid Smartphone [Locked to Straight Talk]",Cell Phones,Walmart.com,F55CDC31AB754BB68FE0B39041159D63,29.88,IN_STOCK,4.4,6971,/ip/Straight-Talk-Motorola-Moto-g-2025-5G-64GB-Blue-Prepaid-Smartphone-Locked-to-Straight-Talk/14552506783,"Straight Talk Motorola moto g 2025, 5G, 64GB, Blue - Prepaid Smartphone [Locked to Straight Talk]",5G Prepaid Phones,4.0,worth it,"perfect for my son, it's only needed for basic calls and texts. the occasional game. moto cameras are notoriously known for not being the greatest but the phone quality is good.",2/28/2026,True,0.0,0.0,amber,English,Walmart,bazaarvoice
14552506783,"Straight Talk Motorola moto g 2025, 5G, 64GB, Blue - Prepaid Smartphone [Locked to Straight Talk]",Cell Phones,Walmart.com,F55CDC31AB754BB68FE0B39041159D63,29.88,IN_STOCK,4.4,6971,/ip/Straight-Talk-Motorola-Moto-g-2025-5G-64GB-Blue-Prepaid-Smartphone-Locked-to-Straight-Talk/14552506783,"Straight Talk Motorola moto g 2025, 5G, 64GB, Blue - Prepaid Smartphone [Locked to Straight Talk]",5G Prepaid Phones,5.0,Good burner,Great Burner phone.  Better internals than my 5 year old Samsung Tab A7 10.1” with the aging SD662 chipset. Processor alone in this beast is worth cost of admission. Screen is surprisingly great for the money.,2/24/2026,No recommendation,0.0,0.0,Jesse,English,Walmart,bazaarvoice
14552506783,"Straight Talk Motorola moto g 2025, 5G, 64GB, Blue - Prepaid Smartphone [Locked to Straight Talk]",Cell Phones,Walmart.com,F55CDC31AB754BB68FE0B39041159D63,29.88,IN_STOCK,4.4,6971,/ip/Straight-Talk-Motorola-Moto-g-2025-5G-64GB-Blue-Prepaid-Smartphone-Locked-to-Straight-Talk/14552506783,"Straight Talk Motorola moto g 2025, 5G, 64GB, Blue - Prepaid Smartphone [Locked to Straight Talk]",5G Prepaid Phones,4.0,Great phone,"This is a good phone for my 3, 5, 6 year old.  The screen is sensitive . so you should buy the protection  and a case. you can still use it with wifi without using a plan",02-02-2026,True,0.0,0.0,Lucille,English,Walmart,bazaarvoice
14552506783,"Straight Talk Motorola moto g 2025, 5G, 64GB, Blue - Prepaid Smartphone [Locked to Straight Talk]",Cell Phones,Walmart.com,F55CDC31AB754BB68FE0B39041159D63,29.88,IN_STOCK,4.4,6971,/ip/Straight-Talk-Motorola-Moto-g-2025-5G-64GB-Blue-Prepaid-Smartphone-Locked-to-Straight-Talk/14552506783,"Straight Talk Motorola moto g 2025, 5G, 64GB, Blue - Prepaid Smartphone [Locked to Straight Talk]",5G Prepaid Phones,2.0,No title,it's a perfect phone very cheap and smooth comes with a free Monty of 2gb data but doesn't come with a screen protector which costs more than the phone which I clearly dislike,02-11-2026,True,0.0,0.0,Moshe,English,Walmart,bazaarvoice
14552506783,"Straight Talk Motorola moto g 2025, 5G, 64GB, Blue - Prepaid Smartphone [Locked to Straight Talk]",Cell Phones,Walmart.com,F55CDC31AB754BB68FE0B39041159D63,29.88,IN_STOCK,4.4,6971,/ip/Straight-Talk-Motorola-Moto-g-2025-5G-64GB-Blue-Prepaid-Smartphone-Locked-to-Straight-Talk/14552506783,"Straight Talk Motorola moto g 2025, 5G, 64GB, Blue - Prepaid Smartphone [Locked to Straight Talk]",5G Prepaid Phones,5.0,No title,For a budget friendly phone it can't be beat.  I play a couple android games with it and they play fine .  no lag in games or browsing the internet . Alot better than some of the cheaper galaxy phones I tried,2/28/2026,True,0.0,0.0,Ronald,English,Walmart,bazaarvoice
14552506783,"Straight Talk Motorola moto g 2025, 5G, 64GB, Blue - Prepaid Smartphone [Locked to Straight Talk]",Cell Phones,Walmart.com,F55CDC31AB754BB68FE0B39041159D63,29.88,IN_STOCK,4.4,6971,/ip/Straight-Talk-Motorola-Moto-g-2025-5G-64GB-Blue-Prepaid-Smartphone-Locked-to-Straight-Talk/14552506783,"Straight Talk Motorola moto g 2025, 5G, 64GB, Blue - Prepaid Smartphone [Locked to Straight Talk]",5G Prepaid Phones,5.0,No title,"""If you gave a positive rating (4–5 stars): """"I rated this product highly because it met my expectations in terms of quality and performance. It was easy to use",2/24/2026,No recommendation,0.0,0.0,WalmartCustomer,English,unknown,bazaarvoice
14552506783,"Straight Talk Motorola moto g 2025, 5G, 64GB, Blue - Prepaid Smartphone [Locked to Straight Talk]",Cell Phones,Walmart.com,F55CDC31AB754BB68FE0B39041159D63,29.88,IN_STOCK,4.4,6971,/ip/Straight-Talk-Motorola-Moto-g-2025-5G-64GB-Blue-Prepaid-Smartphone-Locked-to-Straight-Talk/14552506783,"Straight Talk Motorola moto g 2025, 5G, 64GB, Blue - Prepaid Smartphone [Locked to Straight Talk]",5G Prepaid Phones,5.0,great phone for price. deal,"Nice deal on a phone. she only needed it for calls in texts, and that's a great deal on something. But that's all you need it for. works almost as good as the expensive phones as far as texting and calling goes clear.",1/17/2026,True,0.0,0.0,TRACI,English,Walmart,bazaarvoice
14552506783,"Straight Talk Motorola moto g 2025, 5G, 64GB, Blue - Prepaid Smartphone [Locked to Straight Talk]",Cell Phones,Walmart.com,F55CDC31AB754BB68FE0B39041159D63,29.88,IN_STOCK,4.4,6971,/ip/Straight-Talk-Motorola-Moto-g-2025-5G-64GB-Blue-Prepaid-Smartphone-Locked-to-Straight-Talk/14552506783,"Straight Talk Motorola moto g 2025, 5G, 64GB, Blue - Prepaid Smartphone [Locked to Straight Talk]",5G Prepaid Phones,5.0,No title,Truly exceptional product l and I ONLY paid approx. $25. I was shocked to see such a good phone for an amazing price. Works well and is very durable!!,3/29/2026,No recommendation,0.0,0.0,Tara,English,Walmart,bazaarvoice
14552506783,"Straight Talk Motorola moto g 2025, 5G, 64GB, Blue - Prepaid Smartphone [Locked to Straight Talk]",Cell Phones,Walmart.com,F55CDC31AB754BB68FE0B39041159D63,29.88,IN_STOCK,4.4,6971,/ip/Straight-Talk-Motorola-Moto-g-2025-5G-64GB-Blue-Prepaid-Smartphone-Locked-to-Straight-Talk/14552506783,"Straight Talk Motorola moto g 2025, 5G, 64GB, Blue - Prepaid Smartphone [Locked to Straight Talk]",5G Prepaid Phones,1.0,No title,I purchased the phone and service through straight talk and after paying for minutes I couldn't use the phone service had to download esim and use another phone carrier,3/23/2026,False,0.0,0.0,Tavares,English,Walmart,bazaarvoice
14552506783,"Straight Talk Motorola moto g 2025, 5G, 64GB, Blue - Prepaid Smartphone [Locked to Straight Talk]",Cell Phones,Walmart.com,F55CDC31AB754BB68FE0B39041159D63,29.88,IN_STOCK,4.4,6971,/ip/Straight-Talk-Motorola-Moto-g-2025-5G-64GB-Blue-Prepaid-Smartphone-Locked-to-Straight-Talk/14552506783,"Straight Talk Motorola moto g 2025, 5G, 64GB, Blue - Prepaid Smartphone [Locked to Straight Talk]",5G Prepaid Phones,5.0,No title,"A nice affordable upgrade from the 2024 model. It includes NFC capability, ie Google pay, and a much better camera. I've had it for several months, no complaints here.",11/20/2025,True,1.0,0.0,Dustin,English,Walmart,bazaarvoice
14552506783,"Straight Talk Motorola moto g 2025, 5G, 64GB, Blue - Prepaid Smartphone [Locked to Straight Talk]",Cell Phones,Walmart.com,F55CDC31AB754BB68FE0B39041159D63,29.88,IN_STOCK,4.4,6971,/ip/Straight-Talk-Motorola-Moto-g-2025-5G-64GB-Blue-Prepaid-Smartphone-Locked-to-Straight-Talk/14552506783,"Straight Talk Motorola moto g 2025, 5G, 64GB, Blue - Prepaid Smartphone [Locked to Straight Talk]",5G Prepaid Phones,5.0,No title,It was a great discount price online through Walmart and I did a pickup order that was ready within 2 hours of me ordering. Pick up was quick and efficient!,12-08-2025,No recommendation,1.0,0.0,WalmartCustomer,English,unknown,bazaarvoice
14552506783,"Straight Talk Motorola moto g 2025, 5G, 64GB, Blue - Prepaid Smartphone [Locked to Straight Talk]",Cell Phones,Walmart.com,F55CDC31AB754BB68FE0B39041159D63,29.88,IN_STOCK,4.4,6971,/ip/Straight-Talk-Motorola-Moto-g-2025-5G-64GB-Blue-Prepaid-Smartphone-Locked-to-Straight-Talk/14552506783,"Straight Talk Motorola moto g 2025, 5G, 64GB, Blue - Prepaid Smartphone [Locked to Straight Talk]",5G Prepaid Phones,1.0,No title,"looks beautiful but is made poorly. I had my old phone for years, no problem. I ordered a new one, used it briefly.all of the settings are so annoying. I dropped it once lightly and it shattered externally and internally. complete garbage",3/16/2026,False,0.0,0.0,Laura,English,Walmart,bazaarvoice
14552506783,"Straight Talk Motorola moto g 2025, 5G, 64GB, Blue - Prepaid Smartphone [Locked to Straight Talk]",Cell Phones,Walmart.com,F55CDC31AB754BB68FE0B39041159D63,29.88,IN_STOCK,4.4,6971,/ip/Straight-Talk-Motorola-Moto-g-2025-5G-64GB-Blue-Prepaid-Smartphone-Locked-to-Straight-Talk/14552506783,"Straight Talk Motorola moto g 2025, 5G, 64GB, Blue - Prepaid Smartphone [Locked to Straight Talk]",5G Prepaid Phones,5.0,No title,I actually purchased this for my son for emergencies but my husband liked it so much that he took it. it works great and you cant beat the price. we are very pleased with it and the low price point.,04-04-2026,True,0.0,0.0,Courtney,English,Walmart,bazaarvoice
14552506783,"Straight Talk Motorola moto g 2025, 5G, 64GB, Blue - Prepaid Smartphone [Locked to Straight Talk]",Cell Phones,Walmart.com,F55CDC31AB754BB68FE0B39041159D63,29.88,IN_STOCK,4.4,6971,/ip/Straight-Talk-Motorola-Moto-g-2025-5G-64GB-Blue-Prepaid-Smartphone-Locked-to-Straight-Talk/14552506783,"Straight Talk Motorola moto g 2025, 5G, 64GB, Blue - Prepaid Smartphone [Locked to Straight Talk]",5G Prepaid Phones,3.0,No title,Motorola 2025 from Straight talk would of been free if I had ordered the service plan first.  Who does that? And doesn’t tell the person ordered the phone. Kinda sneaky,01-03-2026,No recommendation,1.0,0.0,Penny,English,Walmart,bazaarvoice
14552506783,"Straight Talk Motorola moto g 2025, 5G, 64GB, Blue - Prepaid Smartphone [Locked to Straight Talk]",Cell Phones,Walmart.com,F55CDC31AB754BB68FE0B39041159D63,29.88,IN_STOCK,4.4,6971,/ip/Straight-Talk-Motorola-Moto-g-2025-5G-64GB-Blue-Prepaid-Smartphone-Locked-to-Straight-Talk/14552506783,"Straight Talk Motorola moto g 2025, 5G, 64GB, Blue - Prepaid Smartphone [Locked to Straight Talk]",5G Prepaid Phones,5.0,Early Xmas gift to my boys,It’s great thank you  for delivering it to my home  it was so helpful having it delivered to me and my family thank you and have a wonderful Xmas from me and my family from the camper family,12/16/2025,No recommendation,3.0,2.0,destinee,English,Walmart,bazaarvoice
14552506783,"Straight Talk Motorola moto g 2025, 5G, 64GB, Blue - Prepaid Smartphone [Locked to Straight Talk]",Cell Phones,Walmart.com,F55CDC31AB754BB68FE0B39041159D63,29.88,IN_STOCK,4.4,6971,/ip/Straight-Talk-Motorola-Moto-g-2025-5G-64GB-Blue-Prepaid-Smartphone-Locked-to-Straight-Talk/14552506783,"Straight Talk Motorola moto g 2025, 5G, 64GB, Blue - Prepaid Smartphone [Locked to Straight Talk]",5G Prepaid Phones,5.0,No title,Chose this one for my nephew and he hasn’t put this thing down since Christmas morning. Thinking about purchasing 2 more for my 3 %26 4 year old nieces,12/27/2025,No recommendation,1.0,0.0,Keisha,English,Walmart,bazaarvoice
14552506783,"Straight Talk Motorola moto g 2025, 5G, 64GB, Blue - Prepaid Smartphone [Locked to Straight Talk]",Cell Phones,Walmart.com,F55CDC31AB754BB68FE0B39041159D63,29.88,IN_STOCK,4.4,6971,/ip/Straight-Talk-Motorola-Moto-g-2025-5G-64GB-Blue-Prepaid-Smartphone-Locked-to-Straight-Talk/14552506783,"Straight Talk Motorola moto g 2025, 5G, 64GB, Blue - Prepaid Smartphone [Locked to Straight Talk]",5G Prepaid Phones,4.0,No title,"Its a good phone but for this price your getting a phone preloaded with ad apps basically like the glance app you cant delete, its annoying but its cheap.",11/23/2025,True,1.0,0.0,Gerald,English,Walmart,bazaarvoice
14543474380,"Straight Talk Samsung Galaxy A36, 5G, 128GB, Black - Prepaid Smartphone [Locked to Straight Talk]",Cell Phones,Accipio technologies Inc,03743A66B9384C869C23D8DC4C6EAB59,239.99,IN_STOCK,4.4,452,/ip/Straight-Talk-Samsung-A36-5G-128GB-Black-Prepaid-Smartphone-Locked-to-Straight-Talk/14543474380,"Straight Talk Samsung Galaxy A36, 5G, 128GB, Black - Prepaid Smartphone [Locked to Straight Talk]",All Samsung Galaxy Prepaid Phones,5.0,No title,Given as a gift,04-07-2026,True,0.0,0.0,Birthe,English,Walmart,bazaarvoice
14543474380,"Straight Talk Samsung Galaxy A36, 5G, 128GB, Black - Prepaid Smartphone [Locked to Straight Talk]",Cell Phones,Accipio technologies Inc,03743A66B9384C869C23D8DC4C6EAB59,239.99,IN_STOCK,4.4,452,/ip/Straight-Talk-Samsung-A36-5G-128GB-Black-Prepaid-Smartphone-Locked-to-Straight-Talk/14543474380,"Straight Talk Samsung Galaxy A36, 5G, 128GB, Black - Prepaid Smartphone [Locked to Straight Talk]",All Samsung Galaxy Prepaid Phones,5.0,No title,Worked perfectly,12-05-2025,No recommendation,0.0,0.0,Jaylen,English,Walmart,bazaarvoice
14543474380,"Straight Talk Samsung Galaxy A36, 5G, 128GB, Black - Prepaid Smartphone [Locked to Straight Talk]",Cell Phones,Accipio technologies Inc,03743A66B9384C869C23D8DC4C6EAB59,239.99,IN_STOCK,4.4,452,/ip/Straight-Talk-Samsung-A36-5G-128GB-Black-Prepaid-Smartphone-Locked-to-Straight-Talk/14543474380,"Straight Talk Samsung Galaxy A36, 5G, 128GB, Black - Prepaid Smartphone [Locked to Straight Talk]",All Samsung Galaxy Prepaid Phones,5.0,No title,good phone great price,1/13/2026,True,0.0,0.0,alicia,English,Walmart,bazaarvoice
14543474380,"Straight Talk Samsung Galaxy A36, 5G, 128GB, Black - Prepaid Smartphone [Locked to Straight Talk]",Cell Phones,Accipio technologies Inc,03743A66B9384C869C23D8DC4C6EAB59,239.99,IN_STOCK,4.4,452,/ip/Straight-Talk-Samsung-A36-5G-128GB-Black-Prepaid-Smartphone-Locked-to-Straight-Talk/14543474380,"Straight Talk Samsung Galaxy A36, 5G, 128GB, Black - Prepaid Smartphone [Locked to Straight Talk]",All Samsung Galaxy Prepaid Phones,1.0,No title,screenbroke,05-04-2026,False,0.0,0.0,Sarah,English,Seller,bazaarvoice
14543474380,"Straight Talk Samsung Galaxy A36, 5G, 128GB, Black - Prepaid Smartphone [Locked to Straight Talk]",Cell Phones,Accipio technologies Inc,03743A66B9384C869C23D8DC4C6EAB59,239.99,IN_STOCK,4.4,452,/ip/Straight-Talk-Samsung-A36-5G-128GB-Black-Prepaid-Smartphone-Locked-to-Straight-Talk/14543474380,"Straight Talk Samsung Galaxy A36, 5G, 128GB, Black - Prepaid Smartphone [Locked to Straight Talk]",All Samsung Galaxy Prepaid Phones,5.0,No title,It's a good product.,6/16/2025,No recommendation,0.0,0.0,WalmartCustomer,English,unknown,bazaarvoice
14543474380,"Straight Talk Samsung Galaxy A36, 5G, 128GB, Black - Prepaid Smartphone [Locked to Straight Talk]",Cell Phones,Accipio technologies Inc,03743A66B9384C869C23D8DC4C6EAB59,239.99,IN_STOCK,4.4,452,/ip/Straight-Talk-Samsung-A36-5G-128GB-Black-Prepaid-Smartphone-Locked-to-Straight-Talk/14543474380,"Straight Talk Samsung Galaxy A36, 5G, 128GB, Black - Prepaid Smartphone [Locked to Straight Talk]",All Samsung Galaxy Prepaid Phones,5.0,No title,Very easy to use,7/14/2025,No recommendation,0.0,0.0,janett,English,unknown,bazaarvoice
14543474380,"Straight Talk Samsung Galaxy A36, 5G, 128GB, Black - Prepaid Smartphone [Locked to Straight Talk]",Cell Phones,Accipio technologies Inc,03743A66B9384C869C23D8DC4C6EAB59,239.99,IN_STOCK,4.4,452,/ip/Straight-Talk-Samsung-A36-5G-128GB-Black-Prepaid-Smartphone-Locked-to-Straight-Talk/14543474380,"Straight Talk Samsung Galaxy A36, 5G, 128GB, Black - Prepaid Smartphone [Locked to Straight Talk]",All Samsung Galaxy Prepaid Phones,1.0,wrong phone,"it's the wrong phone, ordered A35 but got A36",10/14/2025,False,0.0,3.0,John,English,Walmart,bazaarvoice
17763301522,"OUKITEL WP56 5G Rugged Smartphone Unlocked - 36GB+512GB/2TB Android 15 Rugged Phone,16000mAh Battery, 1000-Lumen Camping Light, 6.8"" FHD+ 120Hz,108MP Camera,128dB Loud Speaker Waterproof, NFC/GPS/OTG",Cell Phones,"Hong Kong Yunda Intelligent Technology Co., Limited",3FD4520D071348DFAB4156EC00E70F08,375.99,IN_STOCK,4.7,57,/ip/OUKITEL-WP56-5G-Rugged-Smartphone-Unlocked-36GB-512GB-2TB-Android-15-Rugged-Phone-16000mAh-Battery-1000-Lumen-Camping-Light-6-8-FHD-120Hz-108MP-Camer/17763301522,"OUKITEL WP56 Rugged Smartphone 5G, 16000mAh/45W, 36GB +512GB/2TB Android 15 Rugged Phone Unlocked, 1000-Lumen Camping Light, 6.8"" FHD+ 120Hz, 108MP+32MP, 128dB Loud Speaker Waterproof, NFC/GPS/OTG",5G Unlocked Phones,5.0,Excellent phone,"Excellent phone, capable of a lot and of good quality. The only negative: its weight - although I know that this is the price of long battery life...",9/30/2025,No recommendation,0.0,0.0,Andrs Emkey,English,unknown,aspectiva
17763301522,"OUKITEL WP56 5G Rugged Smartphone Unlocked - 36GB+512GB/2TB Android 15 Rugged Phone,16000mAh Battery, 1000-Lumen Camping Light, 6.8"" FHD+ 120Hz,108MP Camera,128dB Loud Speaker Waterproof, NFC/GPS/OTG",Cell Phones,"Hong Kong Yunda Intelligent Technology Co., Limited",3FD4520D071348DFAB4156EC00E70F08,375.99,IN_STOCK,4.7,57,/ip/OUKITEL-WP56-5G-Rugged-Smartphone-Unlocked-36GB-512GB-2TB-Android-15-Rugged-Phone-16000mAh-Battery-1000-Lumen-Camping-Light-6-8-FHD-120Hz-108MP-Camer/17763301522,"OUKITEL WP56 Rugged Smartphone 5G, 16000mAh/45W, 36GB +512GB/2TB Android 15 Rugged Phone Unlocked, 1000-Lumen Camping Light, 6.8"" FHD+ 120Hz, 108MP+32MP, 128dB Loud Speaker Waterproof, NFC/GPS/OTG",5G Unlocked Phones,5.0,No title,"Hi, I live in Iran and love this model of phone please guide what kind of purchase to buy . Because my country is in the boycott please give guidance ... Thank you",7/13/2025,No recommendation,0.0,0.0,Goudarz Sharifi,English,unknown,aspectiva
17763301522,"OUKITEL WP56 5G Rugged Smartphone Unlocked - 36GB+512GB/2TB Android 15 Rugged Phone,16000mAh Battery, 1000-Lumen Camping Light, 6.8"" FHD+ 120Hz,108MP Camera,128dB Loud Speaker Waterproof, NFC/GPS/OTG",Cell Phones,"Hong Kong Yunda Intelligent Technology Co., Limited",3FD4520D071348DFAB4156EC00E70F08,375.99,IN_STOCK,4.7,57,/ip/OUKITEL-WP56-5G-Rugged-Smartphone-Unlocked-36GB-512GB-2TB-Android-15-Rugged-Phone-16000mAh-Battery-1000-Lumen-Camping-Light-6-8-FHD-120Hz-108MP-Camer/17763301522,"OUKITEL WP56 Rugged Smartphone 5G, 16000mAh/45W, 36GB +512GB/2TB Android 15 Rugged Phone Unlocked, 1000-Lumen Camping Light, 6.8"" FHD+ 120Hz, 108MP+32MP, 128dB Loud Speaker Waterproof, NFC/GPS/OTG",5G Unlocked Phones,5.0,So far it been a great piece of technology,So far it been a great piece of technology Speaker sound pretty loud Cameras are great Battery life just amazing Yes the phone is heavy and big but you should know that,08-06-2025,No recommendation,0.0,0.0,Leonel,English,unknown,aspectiva
17763301522,"OUKITEL WP56 5G Rugged Smartphone Unlocked - 36GB+512GB/2TB Android 15 Rugged Phone,16000mAh Battery, 1000-Lumen Camping Light, 6.8"" FHD+ 120Hz,108MP Camera,128dB Loud Speaker Waterproof, NFC/GPS/OTG",Cell Phones,"Hong Kong Yunda Intelligent Technology Co., Limited",3FD4520D071348DFAB4156EC00E70F08,375.99,IN_STOCK,4.7,57,/ip/OUKITEL-WP56-5G-Rugged-Smartphone-Unlocked-36GB-512GB-2TB-Android-15-Rugged-Phone-16000mAh-Battery-1000-Lumen-Camping-Light-6-8-FHD-120Hz-108MP-Camer/17763301522,"OUKITEL WP56 Rugged Smartphone 5G, 16000mAh/45W, 36GB +512GB/2TB Android 15 Rugged Phone Unlocked, 1000-Lumen Camping Light, 6.8"" FHD+ 120Hz, 108MP+32MP, 128dB Loud Speaker Waterproof, NFC/GPS/OTG",5G Unlocked Phones,4.0,Definitely rugged but needs better documentation,"Great battery life. Crisp video. Powerful camera and clear sound. Very inadequate manual with no info on site. No instructions on how to set up the red button. And, of course, very heavy but that's part of the 'rugged' aspect.",7/16/2025,No recommendation,0.0,0.0,Angus,English,unknown,aspectiva
17763301522,"OUKITEL WP56 5G Rugged Smartphone Unlocked - 36GB+512GB/2TB Android 15 Rugged Phone,16000mAh Battery, 1000-Lumen Camping Light, 6.8"" FHD+ 120Hz,108MP Camera,128dB Loud Speaker Waterproof, NFC/GPS/OTG",Cell Phones,"Hong Kong Yunda Intelligent Technology Co., Limited",3FD4520D071348DFAB4156EC00E70F08,375.99,IN_STOCK,4.7,57,/ip/OUKITEL-WP56-5G-Rugged-Smartphone-Unlocked-36GB-512GB-2TB-Android-15-Rugged-Phone-16000mAh-Battery-1000-Lumen-Camping-Light-6-8-FHD-120Hz-108MP-Camer/17763301522,"OUKITEL WP56 Rugged Smartphone 5G, 16000mAh/45W, 36GB +512GB/2TB Android 15 Rugged Phone Unlocked, 1000-Lumen Camping Light, 6.8"" FHD+ 120Hz, 108MP+32MP, 128dB Loud Speaker Waterproof, NFC/GPS/OTG",5G Unlocked Phones,5.0,Everything as it promisd,Everything as it promisd. Big battery. Strong Led light. I am satisfied customer.,9/18/2025,No recommendation,0.0,0.0,Janos Toth,English,unknown,aspectiva
17763301522,"OUKITEL WP56 5G Rugged Smartphone Unlocked - 36GB+512GB/2TB Android 15 Rugged Phone,16000mAh Battery, 1000-Lumen Camping Light, 6.8"" FHD+ 120Hz,108MP Camera,128dB Loud Speaker Waterproof, NFC/GPS/OTG",Cell Phones,"Hong Kong Yunda Intelligent Technology Co., Limited",3FD4520D071348DFAB4156EC00E70F08,375.99,IN_STOCK,4.7,57,/ip/OUKITEL-WP56-5G-Rugged-Smartphone-Unlocked-36GB-512GB-2TB-Android-15-Rugged-Phone-16000mAh-Battery-1000-Lumen-Camping-Light-6-8-FHD-120Hz-108MP-Camer/17763301522,"OUKITEL WP56 Rugged Smartphone 5G, 16000mAh/45W, 36GB +512GB/2TB Android 15 Rugged Phone Unlocked, 1000-Lumen Camping Light, 6.8"" FHD+ 120Hz, 108MP+32MP, 128dB Loud Speaker Waterproof, NFC/GPS/OTG",5G Unlocked Phones,5.0,great product,great product and highly recommended,8/24/2025,No recommendation,0.0,0.0,IanXF,English,unknown,aspectiva
17763301522,"OUKITEL WP56 5G Rugged Smartphone Unlocked - 36GB+512GB/2TB Android 15 Rugged Phone,16000mAh Battery, 1000-Lumen Camping Light, 6.8"" FHD+ 120Hz,108MP Camera,128dB Loud Speaker Waterproof, NFC/GPS/OTG",Cell Phones,"Hong Kong Yunda Intelligent Technology Co., Limited",3FD4520D071348DFAB4156EC00E70F08,375.99,IN_STOCK,4.7,57,/ip/OUKITEL-WP56-5G-Rugged-Smartphone-Unlocked-36GB-512GB-2TB-Android-15-Rugged-Phone-16000mAh-Battery-1000-Lumen-Camping-Light-6-8-FHD-120Hz-108MP-Camer/17763301522,"OUKITEL WP56 Rugged Smartphone 5G, 16000mAh/45W, 36GB +512GB/2TB Android 15 Rugged Phone Unlocked, 1000-Lumen Camping Light, 6.8"" FHD+ 120Hz, 108MP+32MP, 128dB Loud Speaker Waterproof, NFC/GPS/OTG",5G Unlocked Phones,5.0,This phone  is the product I were looking for,This phone  is the product I were looking for.,10/23/2025,No recommendation,0.0,0.0,Philipp Schwanitz,English,unknown,aspectiva
17763301522,"OUKITEL WP56 5G Rugged Smartphone Unlocked - 36GB+512GB/2TB Android 15 Rugged Phone,16000mAh Battery, 1000-Lumen Camping Light, 6.8"" FHD+ 120Hz,108MP Camera,128dB Loud Speaker Waterproof, NFC/GPS/OTG",Cell Phones,"Hong Kong Yunda Intelligent Technology Co., Limited",3FD4520D071348DFAB4156EC00E70F08,375.99,IN_STOCK,4.7,57,/ip/OUKITEL-WP56-5G-Rugged-Smartphone-Unlocked-36GB-512GB-2TB-Android-15-Rugged-Phone-16000mAh-Battery-1000-Lumen-Camping-Light-6-8-FHD-120Hz-108MP-Camer/17763301522,"OUKITEL WP56 Rugged Smartphone 5G, 16000mAh/45W, 36GB +512GB/2TB Android 15 Rugged Phone Unlocked, 1000-Lumen Camping Light, 6.8"" FHD+ 120Hz, 108MP+32MP, 128dB Loud Speaker Waterproof, NFC/GPS/OTG",5G Unlocked Phones,5.0,Just what I need in my boat,Just what I need in my boat.,10/23/2025,No recommendation,0.0,0.0,Carlsen Niels,English,unknown,aspectiva
17763301522,"OUKITEL WP56 5G Rugged Smartphone Unlocked - 36GB+512GB/2TB Android 15 Rugged Phone,16000mAh Battery, 1000-Lumen Camping Light, 6.8"" FHD+ 120Hz,108MP Camera,128dB Loud Speaker Waterproof, NFC/GPS/OTG",Cell Phones,"Hong Kong Yunda Intelligent Technology Co., Limited",3FD4520D071348DFAB4156EC00E70F08,375.99,IN_STOCK,4.7,57,/ip/OUKITEL-WP56-5G-Rugged-Smartphone-Unlocked-36GB-512GB-2TB-Android-15-Rugged-Phone-16000mAh-Battery-1000-Lumen-Camping-Light-6-8-FHD-120Hz-108MP-Camer/17763301522,"OUKITEL WP56 Rugged Smartphone 5G, 16000mAh/45W, 36GB +512GB/2TB Android 15 Rugged Phone Unlocked, 1000-Lumen Camping Light, 6.8"" FHD+ 120Hz, 108MP+32MP, 128dB Loud Speaker Waterproof, NFC/GPS/OTG",5G Unlocked Phones,5.0,Very good quality,"Very good quality, good looking phone.",9/22/2025,No recommendation,0.0,0.0,Miguel Miranda Barrientos,English,unknown,aspectiva
17763301522,"OUKITEL WP56 5G Rugged Smartphone Unlocked - 36GB+512GB/2TB Android 15 Rugged Phone,16000mAh Battery, 1000-Lumen Camping Light, 6.8"" FHD+ 120Hz,108MP Camera,128dB Loud Speaker Waterproof, NFC/GPS/OTG",Cell Phones,"Hong Kong Yunda Intelligent Technology Co., Limited",3FD4520D071348DFAB4156EC00E70F08,375.99,IN_STOCK,4.7,57,/ip/OUKITEL-WP56-5G-Rugged-Smartphone-Unlocked-36GB-512GB-2TB-Android-15-Rugged-Phone-16000mAh-Battery-1000-Lumen-Camping-Light-6-8-FHD-120Hz-108MP-Camer/17763301522,"OUKITEL WP56 Rugged Smartphone 5G, 16000mAh/45W, 36GB +512GB/2TB Android 15 Rugged Phone Unlocked, 1000-Lumen Camping Light, 6.8"" FHD+ 120Hz, 108MP+32MP, 128dB Loud Speaker Waterproof, NFC/GPS/OTG",5G Unlocked Phones,5.0,It looks really nice,It looks really nice. But for me the phoneis too big.,11/29/2025,No recommendation,0.0,0.0,Mark,English,unknown,aspectiva
17763301522,"OUKITEL WP56 5G Rugged Smartphone Unlocked - 36GB+512GB/2TB Android 15 Rugged Phone,16000mAh Battery, 1000-Lumen Camping Light, 6.8"" FHD+ 120Hz,108MP Camera,128dB Loud Speaker Waterproof, NFC/GPS/OTG",Cell Phones,"Hong Kong Yunda Intelligent Technology Co., Limited",3FD4520D071348DFAB4156EC00E70F08,375.99,IN_STOCK,4.7,57,/ip/OUKITEL-WP56-5G-Rugged-Smartphone-Unlocked-36GB-512GB-2TB-Android-15-Rugged-Phone-16000mAh-Battery-1000-Lumen-Camping-Light-6-8-FHD-120Hz-108MP-Camer/17763301522,"OUKITEL WP56 Rugged Smartphone 5G, 16000mAh/45W, 36GB +512GB/2TB Android 15 Rugged Phone Unlocked, 1000-Lumen Camping Light, 6.8"" FHD+ 120Hz, 108MP+32MP, 128dB Loud Speaker Waterproof, NFC/GPS/OTG",5G Unlocked Phones,5.0,Excellent,Very pleased,8/15/2025,No recommendation,0.0,0.0,Eamon,English,unknown,aspectiva
17763301522,"OUKITEL WP56 5G Rugged Smartphone Unlocked - 36GB+512GB/2TB Android 15 Rugged Phone,16000mAh Battery, 1000-Lumen Camping Light, 6.8"" FHD+ 120Hz,108MP Camera,128dB Loud Speaker Waterproof, NFC/GPS/OTG",Cell Phones,"Hong Kong Yunda Intelligent Technology Co., Limited",3FD4520D071348DFAB4156EC00E70F08,375.99,IN_STOCK,4.7,57,/ip/OUKITEL-WP56-5G-Rugged-Smartphone-Unlocked-36GB-512GB-2TB-Android-15-Rugged-Phone-16000mAh-Battery-1000-Lumen-Camping-Light-6-8-FHD-120Hz-108MP-Camer/17763301522,"OUKITEL WP56 Rugged Smartphone 5G, 16000mAh/45W, 36GB +512GB/2TB Android 15 Rugged Phone Unlocked, 1000-Lumen Camping Light, 6.8"" FHD+ 120Hz, 108MP+32MP, 128dB Loud Speaker Waterproof, NFC/GPS/OTG",5G Unlocked Phones,5.0,Fantastic,This phone is amazing,08-02-2025,No recommendation,0.0,0.0,MrD,English,unknown,aspectiva
11754869255,Samsung Galaxy S24 5G 256GB With Galaxy AI | 6.2” 120Hz Dynamic LTPO AMOLED Display | GSM Unlocked International Version Dual SIM Smartphone (Brand New),Cell Phones,Techmate Intl.,C16154BC4A3B410491BD17BEC408B34D,619.0,IN_STOCK,4.2,48,/ip/Samsung-Galaxy-S24-5G-256GB-Galaxy-AI-6-2-120Hz-Dynamic-LTPO-AMOLED-Display-GSM-Unlocked-International-Version-Dual-SIM-Smartphone-Brand-New/11754869255,Samsung Galaxy S24 5G 256GB With Galaxy AI | 6.2” 120Hz Dynamic LTPO AMOLED Display | GSM Unlocked International Version Dual SIM Smartphone (Brand New),5G Unlocked Phones,5.0,Happy to have a Samsung again!,"The screen is incredibly clear and vibrant, the user interface is easy to use. I love that the manual is already pre- programmed in to the phone. I had a different manufacturer product the last few years and am so happy to be back to a Samsung again!",12/23/2025,True,0.0,0.0,Sandra,English,Seller,bazaarvoice
11754869255,Samsung Galaxy S24 5G 256GB With Galaxy AI | 6.2” 120Hz Dynamic LTPO AMOLED Display | GSM Unlocked International Version Dual SIM Smartphone (Brand New),Cell Phones,Techmate Intl.,C16154BC4A3B410491BD17BEC408B34D,619.0,IN_STOCK,4.2,48,/ip/Samsung-Galaxy-S24-5G-256GB-Galaxy-AI-6-2-120Hz-Dynamic-LTPO-AMOLED-Display-GSM-Unlocked-International-Version-Dual-SIM-Smartphone-Brand-New/11754869255,Samsung Galaxy S24 5G 256GB With Galaxy AI | 6.2” 120Hz Dynamic LTPO AMOLED Display | GSM Unlocked International Version Dual SIM Smartphone (Brand New),5G Unlocked Phones,5.0,great for the price,"wonderful phone for the price, wife is very happy with it. love the multi window capability and the battery life is much better than her previous (s22 ultra)",08-11-2025,True,0.0,0.0,Michael,English,Walmart,bazaarvoice
11754869255,Samsung Galaxy S24 5G 256GB With Galaxy AI | 6.2” 120Hz Dynamic LTPO AMOLED Display | GSM Unlocked International Version Dual SIM Smartphone (Brand New),Cell Phones,Techmate Intl.,C16154BC4A3B410491BD17BEC408B34D,619.0,IN_STOCK,4.2,48,/ip/Samsung-Galaxy-S24-5G-256GB-Galaxy-AI-6-2-120Hz-Dynamic-LTPO-AMOLED-Display-GSM-Unlocked-International-Version-Dual-SIM-Smartphone-Brand-New/11754869255,Samsung Galaxy S24 5G 256GB With Galaxy AI | 6.2” 120Hz Dynamic LTPO AMOLED Display | GSM Unlocked International Version Dual SIM Smartphone (Brand New),5G Unlocked Phones,5.0,No title,"very high quality, relatively light compared to S23 ultra, fast, plenty of storage. no complaints so far",7/19/2025,True,0.0,0.0,Armand,English,Walmart,bazaarvoice
11754869255,Samsung Galaxy S24 5G 256GB With Galaxy AI | 6.2” 120Hz Dynamic LTPO AMOLED Display | GSM Unlocked International Version Dual SIM Smartphone (Brand New),Cell Phones,Techmate Intl.,C16154BC4A3B410491BD17BEC408B34D,619.0,IN_STOCK,4.2,48,/ip/Samsung-Galaxy-S24-5G-256GB-Galaxy-AI-6-2-120Hz-Dynamic-LTPO-AMOLED-Display-GSM-Unlocked-International-Version-Dual-SIM-Smartphone-Brand-New/11754869255,Samsung Galaxy S24 5G 256GB With Galaxy AI | 6.2” 120Hz Dynamic LTPO AMOLED Display | GSM Unlocked International Version Dual SIM Smartphone (Brand New),5G Unlocked Phones,5.0,Affordable and easy to use,Great price and it's way more affordable than an iPhone. Picture quality is great.,12/31/2025,No recommendation,0.0,0.0,Laura,English,Seller,bazaarvoice
11754869255,Samsung Galaxy S24 5G 256GB With Galaxy AI | 6.2” 120Hz Dynamic LTPO AMOLED Display | GSM Unlocked International Version Dual SIM Smartphone (Brand New),Cell Phones,Techmate Intl.,C16154BC4A3B410491BD17BEC408B34D,619.0,IN_STOCK,4.2,48,/ip/Samsung-Galaxy-S24-5G-256GB-Galaxy-AI-6-2-120Hz-Dynamic-LTPO-AMOLED-Display-GSM-Unlocked-International-Version-Dual-SIM-Smartphone-Brand-New/11754869255,Samsung Galaxy S24 5G 256GB With Galaxy AI | 6.2” 120Hz Dynamic LTPO AMOLED Display | GSM Unlocked International Version Dual SIM Smartphone (Brand New),5G Unlocked Phones,5.0,Nice phone,Great phone and delivery was fast within 3 days I received it.,11/13/2025,True,0.0,0.0,EZ,English,Seller,bazaarvoice
11754869255,Samsung Galaxy S24 5G 256GB With Galaxy AI | 6.2” 120Hz Dynamic LTPO AMOLED Display | GSM Unlocked International Version Dual SIM Smartphone (Brand New),Cell Phones,Techmate Intl.,C16154BC4A3B410491BD17BEC408B34D,619.0,IN_STOCK,4.2,48,/ip/Samsung-Galaxy-S24-5G-256GB-Galaxy-AI-6-2-120Hz-Dynamic-LTPO-AMOLED-Display-GSM-Unlocked-International-Version-Dual-SIM-Smartphone-Brand-New/11754869255,Samsung Galaxy S24 5G 256GB With Galaxy AI | 6.2” 120Hz Dynamic LTPO AMOLED Display | GSM Unlocked International Version Dual SIM Smartphone (Brand New),5G Unlocked Phones,5.0,No title,i was abe to set the phonr up without help. The instructions were easy to understand.,11/30/2025,True,0.0,0.0,Gracie,English,Seller,bazaarvoice
11754869255,Samsung Galaxy S24 5G 256GB With Galaxy AI | 6.2” 120Hz Dynamic LTPO AMOLED Display | GSM Unlocked International Version Dual SIM Smartphone (Brand New),Cell Phones,Techmate Intl.,C16154BC4A3B410491BD17BEC408B34D,619.0,IN_STOCK,4.2,48,/ip/Samsung-Galaxy-S24-5G-256GB-Galaxy-AI-6-2-120Hz-Dynamic-LTPO-AMOLED-Display-GSM-Unlocked-International-Version-Dual-SIM-Smartphone-Brand-New/11754869255,Samsung Galaxy S24 5G 256GB With Galaxy AI | 6.2” 120Hz Dynamic LTPO AMOLED Display | GSM Unlocked International Version Dual SIM Smartphone (Brand New),5G Unlocked Phones,4.0,not a new but great,"The phone arrived quickly. Although the description says it is a new phone, it is not a new phone. You could tell the box has been reused and the phone was already setup when I took it out of the box and turned it on.


Regardless, the phone is great. The camera quality is really good. The battery life is great. I can probably go 2 days without needing to charge it if I wanted. I use my phone a fairly good amount during the daytime too from playing music, reading books, playing games, and web surfing. 

I was upgrading from a galaxy s9. I had that phone for at least 7 years. 

I'm happy with my purchase and had no issue inserting a SIM card to use the phone with my carrier. 

If you don't mind the phone not being brand new, definitely recommend purchasing.",8/28/2025,True,0.0,0.0,Niki,English,Seller,bazaarvoice
11754869255,Samsung Galaxy S24 5G 256GB With Galaxy AI | 6.2” 120Hz Dynamic LTPO AMOLED Display | GSM Unlocked International Version Dual SIM Smartphone (Brand New),Cell Phones,Techmate Intl.,C16154BC4A3B410491BD17BEC408B34D,619.0,IN_STOCK,4.2,48,/ip/Samsung-Galaxy-S24-5G-256GB-Galaxy-AI-6-2-120Hz-Dynamic-LTPO-AMOLED-Display-GSM-Unlocked-International-Version-Dual-SIM-Smartphone-Brand-New/11754869255,Samsung Galaxy S24 5G 256GB With Galaxy AI | 6.2” 120Hz Dynamic LTPO AMOLED Display | GSM Unlocked International Version Dual SIM Smartphone (Brand New),5G Unlocked Phones,4.0,No title,overall pretty good phone. Good quality pics and video.  Only con for me is screen size a little smaller,8/13/2025,True,0.0,0.0,MissPYT1981,English,Walmart,bazaarvoice
11754869255,Samsung Galaxy S24 5G 256GB With Galaxy AI | 6.2” 120Hz Dynamic LTPO AMOLED Display | GSM Unlocked International Version Dual SIM Smartphone (Brand New),Cell Phones,Techmate Intl.,C16154BC4A3B410491BD17BEC408B34D,619.0,IN_STOCK,4.2,48,/ip/Samsung-Galaxy-S24-5G-256GB-Galaxy-AI-6-2-120Hz-Dynamic-LTPO-AMOLED-Display-GSM-Unlocked-International-Version-Dual-SIM-Smartphone-Brand-New/11754869255,Samsung Galaxy S24 5G 256GB With Galaxy AI | 6.2” 120Hz Dynamic LTPO AMOLED Display | GSM Unlocked International Version Dual SIM Smartphone (Brand New),5G Unlocked Phones,4.0,No title,"Some of the features are kind of confusing but I'm starting to figure alot of them out the longer I have the phone. It's a very nice phone, especially since I'm upgrading from a S9! I would recommend the S24, it's a nice phone, has very nice features ( some confusing but...), and I think for the price, it was a good deal!",2/21/2025,True,0.0,0.0,DM,English,Walmart,bazaarvoice
11754869255,Samsung Galaxy S24 5G 256GB With Galaxy AI | 6.2” 120Hz Dynamic LTPO AMOLED Display | GSM Unlocked International Version Dual SIM Smartphone (Brand New),Cell Phones,Techmate Intl.,C16154BC4A3B410491BD17BEC408B34D,619.0,IN_STOCK,4.2,48,/ip/Samsung-Galaxy-S24-5G-256GB-Galaxy-AI-6-2-120Hz-Dynamic-LTPO-AMOLED-Display-GSM-Unlocked-International-Version-Dual-SIM-Smartphone-Brand-New/11754869255,Samsung Galaxy S24 5G 256GB With Galaxy AI | 6.2” 120Hz Dynamic LTPO AMOLED Display | GSM Unlocked International Version Dual SIM Smartphone (Brand New),5G Unlocked Phones,1.0,not recommended,"The speaker is not working properly after a month of use, and the camera also has some issues. Picture clarity is too bad",4/19/2026,False,0.0,0.0,sudhamshu,English,Seller,bazaarvoice
11754869255,Samsung Galaxy S24 5G 256GB With Galaxy AI | 6.2” 120Hz Dynamic LTPO AMOLED Display | GSM Unlocked International Version Dual SIM Smartphone (Brand New),Cell Phones,Techmate Intl.,C16154BC4A3B410491BD17BEC408B34D,619.0,IN_STOCK,4.2,48,/ip/Samsung-Galaxy-S24-5G-256GB-Galaxy-AI-6-2-120Hz-Dynamic-LTPO-AMOLED-Display-GSM-Unlocked-International-Version-Dual-SIM-Smartphone-Brand-New/11754869255,Samsung Galaxy S24 5G 256GB With Galaxy AI | 6.2” 120Hz Dynamic LTPO AMOLED Display | GSM Unlocked International Version Dual SIM Smartphone (Brand New),5G Unlocked Phones,5.0,No title,i was abe to set the phonr up without help. The instructions were easy to understand.,11/30/2025,True,0.0,0.0,Gracie,English,Seller,bazaarvoice
11754869255,Samsung Galaxy S24 5G 256GB With Galaxy AI | 6.2” 120Hz Dynamic LTPO AMOLED Display | GSM Unlocked International Version Dual SIM Smartphone (Brand New),Cell Phones,Techmate Intl.,C16154BC4A3B410491BD17BEC408B34D,619.0,IN_STOCK,4.2,48,/ip/Samsung-Galaxy-S24-5G-256GB-Galaxy-AI-6-2-120Hz-Dynamic-LTPO-AMOLED-Display-GSM-Unlocked-International-Version-Dual-SIM-Smartphone-Brand-New/11754869255,Samsung Galaxy S24 5G 256GB With Galaxy AI | 6.2” 120Hz Dynamic LTPO AMOLED Display | GSM Unlocked International Version Dual SIM Smartphone (Brand New),5G Unlocked Phones,4.0,good phone,phone came in an extremely damaged box. everything seemed okay after opening. The battery life is good.,07-09-2025,True,0.0,0.0,anonymous,English,Walmart,bazaarvoice
11754869255,Samsung Galaxy S24 5G 256GB With Galaxy AI | 6.2” 120Hz Dynamic LTPO AMOLED Display | GSM Unlocked International Version Dual SIM Smartphone (Brand New),Cell Phones,Techmate Intl.,C16154BC4A3B410491BD17BEC408B34D,619.0,IN_STOCK,4.2,48,/ip/Samsung-Galaxy-S24-5G-256GB-Galaxy-AI-6-2-120Hz-Dynamic-LTPO-AMOLED-Display-GSM-Unlocked-International-Version-Dual-SIM-Smartphone-Brand-New/11754869255,Samsung Galaxy S24 5G 256GB With Galaxy AI | 6.2” 120Hz Dynamic LTPO AMOLED Display | GSM Unlocked International Version Dual SIM Smartphone (Brand New),5G Unlocked Phones,5.0,Great.,"As advertised, better prices than eBay, and great local support.",6/19/2025,No recommendation,0.0,0.0,anonymous,English,Walmart,bazaarvoice
11754869255,Samsung Galaxy S24 5G 256GB With Galaxy AI | 6.2” 120Hz Dynamic LTPO AMOLED Display | GSM Unlocked International Version Dual SIM Smartphone (Brand New),Cell Phones,Techmate Intl.,C16154BC4A3B410491BD17BEC408B34D,619.0,IN_STOCK,4.2,48,/ip/Samsung-Galaxy-S24-5G-256GB-Galaxy-AI-6-2-120Hz-Dynamic-LTPO-AMOLED-Display-GSM-Unlocked-International-Version-Dual-SIM-Smartphone-Brand-New/11754869255,Samsung Galaxy S24 5G 256GB With Galaxy AI | 6.2” 120Hz Dynamic LTPO AMOLED Display | GSM Unlocked International Version Dual SIM Smartphone (Brand New),5G Unlocked Phones,5.0,Great smaller phone,Great Samsung phone. I love the smaller size.,5/17/2025,True,0.0,0.0,Marc,English,Walmart,bazaarvoice
11754869255,Samsung Galaxy S24 5G 256GB With Galaxy AI | 6.2” 120Hz Dynamic LTPO AMOLED Display | GSM Unlocked International Version Dual SIM Smartphone (Brand New),Cell Phones,Techmate Intl.,C16154BC4A3B410491BD17BEC408B34D,619.0,IN_STOCK,4.2,48,/ip/Samsung-Galaxy-S24-5G-256GB-Galaxy-AI-6-2-120Hz-Dynamic-LTPO-AMOLED-Display-GSM-Unlocked-International-Version-Dual-SIM-Smartphone-Brand-New/11754869255,Samsung Galaxy S24 5G 256GB With Galaxy AI | 6.2” 120Hz Dynamic LTPO AMOLED Display | GSM Unlocked International Version Dual SIM Smartphone (Brand New),5G Unlocked Phones,4.0,Good phone,"I like my new phone S24. It is very similar to my old phone.
The transitioning of the UI/user interface is complicated.",11/28/2024,No recommendation,0.0,0.0,Rimma,English,Walmart,bazaarvoice
11754869255,Samsung Galaxy S24 5G 256GB With Galaxy AI | 6.2” 120Hz Dynamic LTPO AMOLED Display | GSM Unlocked International Version Dual SIM Smartphone (Brand New),Cell Phones,Techmate Intl.,C16154BC4A3B410491BD17BEC408B34D,619.0,IN_STOCK,4.2,48,/ip/Samsung-Galaxy-S24-5G-256GB-Galaxy-AI-6-2-120Hz-Dynamic-LTPO-AMOLED-Display-GSM-Unlocked-International-Version-Dual-SIM-Smartphone-Brand-New/11754869255,Samsung Galaxy S24 5G 256GB With Galaxy AI | 6.2” 120Hz Dynamic LTPO AMOLED Display | GSM Unlocked International Version Dual SIM Smartphone (Brand New),5G Unlocked Phones,3.0,Google take over,"Have to learn to operate, I'm new to Samsung",12-03-2024,No recommendation,0.0,0.0,Jeffrey,English,Walmart,bazaarvoice
11754869255,Samsung Galaxy S24 5G 256GB With Galaxy AI | 6.2” 120Hz Dynamic LTPO AMOLED Display | GSM Unlocked International Version Dual SIM Smartphone (Brand New),Cell Phones,Techmate Intl.,C16154BC4A3B410491BD17BEC408B34D,619.0,IN_STOCK,4.2,48,/ip/Samsung-Galaxy-S24-5G-256GB-Galaxy-AI-6-2-120Hz-Dynamic-LTPO-AMOLED-Display-GSM-Unlocked-International-Version-Dual-SIM-Smartphone-Brand-New/11754869255,Samsung Galaxy S24 5G 128GB With Galaxy AI | 6.2” 120Hz Dynamic LTPO AMOLED Display | GSM Unlocked International Version Dual SIM Smartphone (Brand New),5G Unlocked Phones,1.0,No title,The mic was not working well out of the box.,11/22/2024,No recommendation,0.0,0.0,Larry,English,Walmart,bazaarvoice
11754869255,Samsung Galaxy S24 5G 256GB With Galaxy AI | 6.2” 120Hz Dynamic LTPO AMOLED Display | GSM Unlocked International Version Dual SIM Smartphone (Brand New),Cell Phones,Techmate Intl.,C16154BC4A3B410491BD17BEC408B34D,619.0,IN_STOCK,4.2,48,/ip/Samsung-Galaxy-S24-5G-256GB-Galaxy-AI-6-2-120Hz-Dynamic-LTPO-AMOLED-Display-GSM-Unlocked-International-Version-Dual-SIM-Smartphone-Brand-New/11754869255,Samsung Galaxy S24 5G 256GB With Galaxy AI | 6.2” 120Hz Dynamic LTPO AMOLED Display | GSM Unlocked International Version Dual SIM Smartphone (Brand New),5G Unlocked Phones,5.0,One of the best,"Excellent quality of products, arrive on time and on perfect condition",11/28/2024,No recommendation,0.0,0.0,Gabriel,English,Walmart,bazaarvoice
14803661132,"Samsung Galaxy A16 5G A Series 128GB Unlocked Android Cell Phone with 50MP Camera, Blue Black",Cell Phones,DAC Enterprises,17FC341ABE8B40C98A71CEFBDB82AF2F,151.72,IN_STOCK,4.3,6225,/ip/Samsung-Galaxy-A16-5G-A-Series-128GB-Unlocked-Android-Cell-Phone-with-50MP-Camera-Blue-Black/14803661132,"Samsung Galaxy A16 5G A Series 128GB Unlocked Android Cell Phone with 50MP Camera, Blue Black",5G Unlocked Phones,1.0,Don't buy this junk,"Don't do this. I bought this new Samsung A16 to get current software updates that my old A3 would no longer receive. Yet, when I try to check for software updates on this new A16 all I see is ""Your current software version isn't supported. Visit a service center."" This is all new to every place I go. Nobody has seen this before or is successful at fixing it. Big mistake buying this junk.",5/15/2026,No recommendation,0.0,0.0,Russel,English,Seller,bazaarvoice
14803661132,"Samsung Galaxy A16 5G A Series 128GB Unlocked Android Cell Phone with 50MP Camera, Blue Black",Cell Phones,DAC Enterprises,17FC341ABE8B40C98A71CEFBDB82AF2F,151.72,IN_STOCK,4.3,6225,/ip/Samsung-Galaxy-A16-5G-A-Series-128GB-Unlocked-Android-Cell-Phone-with-50MP-Camera-Blue-Black/14803661132,"Samsung Galaxy A16 5G A Series 128GB Unlocked Android Cell Phone with 50MP Camera, Blue Black",5G Unlocked Phones,5.0,Can't believe i ever bothered trying other brands,"[This review was collected as part of a promotion.] In the last few years I've tried other brands so when I got this Samsung it was like my soul sighed 'finally,  I was so exhausted'. Samsung feels like coming home where you know you are safe and comfortable to just be yourself.  It just makes sense.",05-12-2026,True,0.0,0.0,Mshellz,English,unknown,bazaarvoice
14803661132,"Samsung Galaxy A16 5G A Series 128GB Unlocked Android Cell Phone with 50MP Camera, Blue Black",Cell Phones,DAC Enterprises,17FC341ABE8B40C98A71CEFBDB82AF2F,151.72,IN_STOCK,4.3,6225,/ip/Samsung-Galaxy-A16-5G-A-Series-128GB-Unlocked-Android-Cell-Phone-with-50MP-Camera-Blue-Black/14803661132,"Samsung Galaxy A16 5G A Series 128GB Unlocked Android Cell Phone with 50MP Camera, Blue Black",5G Unlocked Phones,1.0,"CRIMINAL DECEPTION: Bait-and-Switch ""Frankenstein""","""This seller is running a blatant bait-and-switch operation. I ordered what was supposed to be a new flagship phone, but I received a low-end Galaxy A16 (UPC: 00887276928708) disguised in fraudulent packaging.

The most disturbing part is the physical tampering. The box arrived with a cheap, third-party thermal label slapped directly over the original factory seal. You can actually see the original text and barcodes peeking out from underneath. This is a clear attempt to hide that the box has been opened, the original contents likely swapped, and the device potentially compromised with malicious software or tracking.

By allowing this seller to remain active, Walmart is facilitating criminal fraud and exposing customers to severe security risks. I am reporting this to the Better Business Bureau and local consumer protection. I will never shop at Walmart again until they stop hosting these dangerous 'Marketplace' scammers. DO NOT BUY FROM THIS SELLER unless you want to be robbed.""",5/19/2026,No recommendation,0.0,0.0,Ermias,English,Walmart,bazaarvoice
14803661132,"Samsung Galaxy A16 5G A Series 128GB Unlocked Android Cell Phone with 50MP Camera, Blue Black",Cell Phones,DAC Enterprises,17FC341ABE8B40C98A71CEFBDB82AF2F,151.72,IN_STOCK,4.3,6225,/ip/Samsung-Galaxy-A16-5G-A-Series-128GB-Unlocked-Android-Cell-Phone-with-50MP-Camera-Blue-Black/14803661132,"Samsung Galaxy A16 5G A Series 128GB Unlocked Android Cell Phone with 50MP Camera, Blue Black",5G Unlocked Phones,5.0,Great entry level phone,Purchased this phone for my daughter who loves the processor speed and storage.,12/25/2025,No recommendation,3.0,0.0,KSchultz,English,unknown,bazaarvoice
14803661132,"Samsung Galaxy A16 5G A Series 128GB Unlocked Android Cell Phone with 50MP Camera, Blue Black",Cell Phones,DAC Enterprises,17FC341ABE8B40C98A71CEFBDB82AF2F,151.72,IN_STOCK,4.3,6225,/ip/Samsung-Galaxy-A16-5G-A-Series-128GB-Unlocked-Android-Cell-Phone-with-50MP-Camera-Blue-Black/14803661132,"Samsung Galaxy A16 5G A Series 128GB Unlocked Android Cell Phone with 50MP Camera, Blue Black",5G Unlocked Phones,1.0,Horrible! Don't buy!,"This phone is the worst phone I've owned in years. My Galaxy 2 was better. This is so slow and laggy.  Like another review said, you try to log into something and you get a code sent to your email.  You go to your email and get the code and when you switch back to your app or browser, it resets itself and you can't log in.  I can't buy anything on Afterpay because of this.  Using Uber is like waiting for paint to dry.  Spotify keeps randomly stopping. This is only a temporary phone (thank goodness!) and when my current contract is up for my s22 (RIP), I will be throwing this one against a brick wall.",1/30/2025,False,1.0,0.0,Tracey2025,English,unknown,bazaarvoice
14803661132,"Samsung Galaxy A16 5G A Series 128GB Unlocked Android Cell Phone with 50MP Camera, Blue Black",Cell Phones,DAC Enterprises,17FC341ABE8B40C98A71CEFBDB82AF2F,151.72,IN_STOCK,4.3,6225,/ip/Samsung-Galaxy-A16-5G-A-Series-128GB-Unlocked-Android-Cell-Phone-with-50MP-Camera-Blue-Black/14803661132,"Samsung Galaxy A16 5G A Series 128GB Unlocked Android Cell Phone with 50MP Camera, Blue Black",5G Unlocked Phones,1.0,Lost or Stolen phone sold by 3rd party through Wal,"Ordered this for my husband. Received in timely fashion...however when I contacted the phone company to add this phone to my plan, the IMEI number came us as a refurbished phone  ( not new) and reported as LOST OR STOLEN. So this company sold me a phone that is useless because having been reported as lost or stolen, the phone cannot be used again. I have returned this to my local Walmart, who informed me that if this company refuses the return, there will be no refund and I will have to eat the cost of the phone. Needless to say, I would give them a negative review if possible. They should have know this phone had been reported lost or stolen and never resold it.",10/21/2025,False,0.0,0.0,anonymous,English,Seller,bazaarvoice
14803661132,"Samsung Galaxy A16 5G A Series 128GB Unlocked Android Cell Phone with 50MP Camera, Blue Black",Cell Phones,DAC Enterprises,17FC341ABE8B40C98A71CEFBDB82AF2F,151.72,IN_STOCK,4.3,6225,/ip/Samsung-Galaxy-A16-5G-A-Series-128GB-Unlocked-Android-Cell-Phone-with-50MP-Camera-Blue-Black/14803661132,"Samsung Galaxy A16 5G A Series 128GB Unlocked Android Cell Phone with 50MP Camera, Blue Black",5G Unlocked Phones,1.0,No. Just No. Do not buy.,"I wanted to keep the phone for a couple of weeks to see how it did and I could have just stopped on the first day because this phone is not responsive. It gets warm when I charge it and the battery runs out extremely fast. Although it looks new,  there's no way this  is new because it doesn't perform like a new phone even though it's a budget phone, it still should perform, slower maybe but- I SPEND ALLOT OF TIME TAPPING, CLOSI NG AND OPENING APPS.  Very slow. I wish I would have just gone with another product from a different seller.",02-11-2026,False,0.0,0.0,audra,English,Seller,bazaarvoice
14803661132,"Samsung Galaxy A16 5G A Series 128GB Unlocked Android Cell Phone with 50MP Camera, Blue Black",Cell Phones,DAC Enterprises,17FC341ABE8B40C98A71CEFBDB82AF2F,151.72,IN_STOCK,4.3,6225,/ip/Samsung-Galaxy-A16-5G-A-Series-128GB-Unlocked-Android-Cell-Phone-with-50MP-Camera-Blue-Black/14803661132,"Samsung Galaxy A16 5G A Series 128GB Unlocked Android Cell Phone with 50MP Camera, Blue Black",5G Unlocked Phones,4.0,Good Budget Phone for the Money handles all tasks,[This review was collected as part of a promotion.] Bought to replace old S10  Samsung  this A17 model I bought Handles all tasks Facebook YouTube videos  email  etc Photo Video is ok  slight  lagging sometimes typing depending on application  but for the money it cost  very happy with it,3/31/2026,True,0.0,0.0,Kalbo1961,English,unknown,bazaarvoice
14803661132,"Samsung Galaxy A16 5G A Series 128GB Unlocked Android Cell Phone with 50MP Camera, Blue Black",Cell Phones,DAC Enterprises,17FC341ABE8B40C98A71CEFBDB82AF2F,151.72,IN_STOCK,4.3,6225,/ip/Samsung-Galaxy-A16-5G-A-Series-128GB-Unlocked-Android-Cell-Phone-with-50MP-Camera-Blue-Black/14803661132,"Samsung Galaxy A16 5G A Series 128GB Unlocked Android Cell Phone with 50MP Camera, Blue Black",5G Unlocked Phones,5.0,A Solid Everyday Phone That Delivers,"[This review was collected as part of a promotion.] My first impressions of the Galaxy A16 have been really good. The setup process was simple and quick, which made getting started stress free. The phone has a nice, comfortable feel in hand and the display is clear and bright, making everyday use like browsing and watching videos enjoyable.

Performance has been smooth for daily tasks like messaging, social media, and apps, with no major issues so far. The battery life is definitely a standout, it easily lasts me through the day without needing to worry about charging.

The camera is great for everyday photos, producing clear and natural looking shots, especially in good lighting. It's perfect for capturing moments on the go without needing anything too fancy.

Overall, the Galaxy A16 is a reliable and easy to use phone that offers great value. It does everything I need it to and has been a solid choice so far.",04-07-2026,True,0.0,0.0,MummaG,English,unknown,bazaarvoice
14803661132,"Samsung Galaxy A16 5G A Series 128GB Unlocked Android Cell Phone with 50MP Camera, Blue Black",Cell Phones,DAC Enterprises,17FC341ABE8B40C98A71CEFBDB82AF2F,151.72,IN_STOCK,4.3,6225,/ip/Samsung-Galaxy-A16-5G-A-Series-128GB-Unlocked-Android-Cell-Phone-with-50MP-Camera-Blue-Black/14803661132,"Samsung Galaxy A16 5G A Series 128GB Unlocked Android Cell Phone with 50MP Camera, Blue Black",5G Unlocked Phones,5.0,Many great features,"[This review was collected as part of a promotion.] Brilliant camera, so many features. I am still finding helpful little ditties all over the place. I'm one of those guys that doesn't read the manual, for THIS VERY REASON...Every time I start playing with my phone, I get a new surprise. I love it!!! Recharges quick, lasts longer battery wise. Great all-rounder.",04-05-2026,True,0.0,0.0,Adz phonetic,English,unknown,bazaarvoice
14803661132,"Samsung Galaxy A16 5G A Series 128GB Unlocked Android Cell Phone with 50MP Camera, Blue Black",Cell Phones,DAC Enterprises,17FC341ABE8B40C98A71CEFBDB82AF2F,151.72,IN_STOCK,4.3,6225,/ip/Samsung-Galaxy-A16-5G-A-Series-128GB-Unlocked-Android-Cell-Phone-with-50MP-Camera-Blue-Black/14803661132,"Samsung Galaxy A16 5G A Series 128GB Unlocked Android Cell Phone with 50MP Camera, Blue Black",5G Unlocked Phones,4.0,great for a budget,Its a nice phone just if you are doing alot it will sometimes lag for a second or two. camrea is nice nothing amazing but nice. battery life is soild. If you are like me and just use a phone for basics plus light games its perfect.,7/29/2025,True,0.0,0.0,Cole,English,Walmart,bazaarvoice
14803661132,"Samsung Galaxy A16 5G A Series 128GB Unlocked Android Cell Phone with 50MP Camera, Blue Black",Cell Phones,DAC Enterprises,17FC341ABE8B40C98A71CEFBDB82AF2F,151.72,IN_STOCK,4.3,6225,/ip/Samsung-Galaxy-A16-5G-A-Series-128GB-Unlocked-Android-Cell-Phone-with-50MP-Camera-Blue-Black/14803661132,"Samsung Galaxy A16 5G A Series 128GB Unlocked Android Cell Phone with 50MP Camera, Blue Black",5G Unlocked Phones,4.0,No title,"So far phone running good.  I don't like when it updates, it install automatic apps I do not like.  I suggest phone ask for my approval first before it downloads apps.   I do not like that it kept installing games apps.",10/29/2025,No recommendation,0.0,0.0,WalmartCustomer,English,unknown,bazaarvoice
14803661132,"Samsung Galaxy A16 5G A Series 128GB Unlocked Android Cell Phone with 50MP Camera, Blue Black",Cell Phones,DAC Enterprises,17FC341ABE8B40C98A71CEFBDB82AF2F,151.72,IN_STOCK,4.3,6225,/ip/Samsung-Galaxy-A16-5G-A-Series-128GB-Unlocked-Android-Cell-Phone-with-50MP-Camera-Blue-Black/14803661132,"Samsung Galaxy A16 5G A Series 128GB Unlocked Android Cell Phone with 50MP Camera, Blue Black",5G Unlocked Phones,4.0,Easy-to-use,"I like that I can take screenshots easily %26 the camera is much better on this phone than the A14.  It's has a lot more storage space, plus I like the functionality of it!",09-08-2025,True,0.0,0.0,curtainliner,English,Walmart,bazaarvoice
14803661132,"Samsung Galaxy A16 5G A Series 128GB Unlocked Android Cell Phone with 50MP Camera, Blue Black",Cell Phones,DAC Enterprises,17FC341ABE8B40C98A71CEFBDB82AF2F,151.72,IN_STOCK,4.3,6225,/ip/Samsung-Galaxy-A16-5G-A-Series-128GB-Unlocked-Android-Cell-Phone-with-50MP-Camera-Blue-Black/14803661132,"Samsung Galaxy A16 5G A Series 128GB Unlocked Android Cell Phone with 50MP Camera, Blue Black",5G Unlocked Phones,2.0,"Slow, Laggy and Feels outdated","Not much of upgrade, Thought an upgrade from an A14 5g would be faster and or better, however it is slow. Even turning off animations, unloading unused apps, optimizing, powering on and off did not improve it. Poor quality phone this time. A14 5g was superior to A16 5g. Very strange experience.",6/13/2025,No recommendation,0.0,0.0,A16 5g User,English,unknown,bazaarvoice
14803661132,"Samsung Galaxy A16 5G A Series 128GB Unlocked Android Cell Phone with 50MP Camera, Blue Black",Cell Phones,DAC Enterprises,17FC341ABE8B40C98A71CEFBDB82AF2F,151.72,IN_STOCK,4.3,6225,/ip/Samsung-Galaxy-A16-5G-A-Series-128GB-Unlocked-Android-Cell-Phone-with-50MP-Camera-Blue-Black/14803661132,"Samsung Galaxy A16 5G A Series 128GB Unlocked Android Cell Phone with 50MP Camera, Blue Black",5G Unlocked Phones,5.0,Great basic phone.,"I ordered a new Samsung A16 5G to replace an older Samsung A series. I didn't need the more expensive S series and this phone is perfect for my needs. Works well, decent camera, and plenty of storage for my needs. I definitely recommend the A16 5G to everyone who is looking for a basic phone without all the extra unnecessary features.",5/23/2025,True,0.0,0.0,Polarbear,English,unknown,bazaarvoice
14803661132,"Samsung Galaxy A16 5G A Series 128GB Unlocked Android Cell Phone with 50MP Camera, Blue Black",Cell Phones,DAC Enterprises,17FC341ABE8B40C98A71CEFBDB82AF2F,151.72,IN_STOCK,4.3,6225,/ip/Samsung-Galaxy-A16-5G-A-Series-128GB-Unlocked-Android-Cell-Phone-with-50MP-Camera-Blue-Black/14803661132,"Samsung Galaxy A16 5G A Series 128GB Unlocked Android Cell Phone with 50MP Camera, Blue Black",5G Unlocked Phones,1.0,"Bad all around phone, hard pass.","Dont do it.
This will probably last u till u get home & then, it turns to poop. Phone can't process anything correctly. Always has UI issues. Loading an app takes fooooooorever. Again, don't do it.
Rule of thumb, if its cheap, it ain't good. If its good, it ain't cheap.",12/16/2025,No recommendation,6.0,1.0,Chicken Chaser,English,unknown,bazaarvoice
14803661132,"Samsung Galaxy A16 5G A Series 128GB Unlocked Android Cell Phone with 50MP Camera, Blue Black",Cell Phones,DAC Enterprises,17FC341ABE8B40C98A71CEFBDB82AF2F,151.72,IN_STOCK,4.3,6225,/ip/Samsung-Galaxy-A16-5G-A-Series-128GB-Unlocked-Android-Cell-Phone-with-50MP-Camera-Blue-Black/14803661132,"Samsung Galaxy A16 5G A Series 128GB Unlocked Android Cell Phone with 50MP Camera, Blue Black",5G Unlocked Phones,1.0,No title,this phone isvthe worst phone ive ever bought. i wish i hadnt,07-08-2025,False,0.0,0.0,Catherine,English,Walmart,bazaarvoice
14803661132,"Samsung Galaxy A16 5G A Series 128GB Unlocked Android Cell Phone with 50MP Camera, Blue Black",Cell Phones,DAC Enterprises,17FC341ABE8B40C98A71CEFBDB82AF2F,151.72,IN_STOCK,4.3,6225,/ip/Samsung-Galaxy-A16-5G-A-Series-128GB-Unlocked-Android-Cell-Phone-with-50MP-Camera-Blue-Black/14803661132,"Samsung Galaxy A16 5G A Series 128GB Unlocked Android Cell Phone with 50MP Camera, Blue Black",5G Unlocked Phones,1.0,WRONG PHONE!,WAS SUPPOSE TO BE 128 GB PHONE INSTEAD THEY SENT ME A 64 GB PHONE. DO NOT RECOMMEND THIS SELLER!,8/28/2025,False,0.0,0.0,MBPBBS,English,Walmart,bazaarvoice
14803661132,"Samsung Galaxy A16 5G A Series 128GB Unlocked Android Cell Phone with 50MP Camera, Blue Black",Cell Phones,DAC Enterprises,17FC341ABE8B40C98A71CEFBDB82AF2F,151.72,IN_STOCK,4.3,6225,/ip/Samsung-Galaxy-A16-5G-A-Series-128GB-Unlocked-Android-Cell-Phone-with-50MP-Camera-Blue-Black/14803661132,"Samsung Galaxy A16 5G A Series 128GB Unlocked Android Cell Phone with 50MP Camera, Blue Black",5G Unlocked Phones,4.0,No title,Great for a mid range puone,6/21/2025,No recommendation,0.0,0.0,WalmartCustomer,English,unknown,bazaarvoice
14803661132,"Samsung Galaxy A16 5G A Series 128GB Unlocked Android Cell Phone with 50MP Camera, Blue Black",Cell Phones,DAC Enterprises,17FC341ABE8B40C98A71CEFBDB82AF2F,151.72,IN_STOCK,4.3,6225,/ip/Samsung-Galaxy-A16-5G-A-Series-128GB-Unlocked-Android-Cell-Phone-with-50MP-Camera-Blue-Black/14803661132,"Samsung Galaxy A16 5G A Series 128GB Unlocked Android Cell Phone with 50MP Camera, Blue Black",5G Unlocked Phones,1.0,No title,"The phone gives me more problems than it's worth. I always liked Samsung,  this is not one of them.",5/17/2025,False,0.0,0.0,Margaret,English,Walmart,bazaarvoice
5287758488,"Straight Talk Moto G 5G 2024, 64GB, Gray - Prepaid Smartphone [Locked to Straight Talk]",Cell Phones,Walmart.com,F55CDC31AB754BB68FE0B39041159D63,71.33,IN_STOCK,3.9,1000,/ip/Straight-Talk-Moto-G-5G-2024-64GB-Gray-Prepaid-Smartphone-Locked-to-Straight-Talk/5287758488,"Straight Talk Moto G 5G 2024, 64GB, Gray - Prepaid Smartphone [Locked to Straight Talk]",Prepaid Android phones,1.0,Phone not scanned right at local store.,"When the phone was delivered from the local Walmart it wasn't scanned right because whoever ran it through the register didn't scan it %26 Straight Talk wouldn't honor the phone. So I'm told I have to take the phone back when a employee of Walmart made the mistake,so why can't Walmart correct their mistake,why is it have to be on the customer to do?",1/23/2025,False,0.0,0.0,anonymous,English,Walmart,bazaarvoice
5287758488,"Straight Talk Moto G 5G 2024, 64GB, Gray - Prepaid Smartphone [Locked to Straight Talk]",Cell Phones,Walmart.com,F55CDC31AB754BB68FE0B39041159D63,71.33,IN_STOCK,3.9,1000,/ip/Straight-Talk-Moto-G-5G-2024-64GB-Gray-Prepaid-Smartphone-Locked-to-Straight-Talk/5287758488,"Straight Talk Moto G 5G 2024, 64GB, Gray - Prepaid Smartphone [Locked to Straight Talk]",Prepaid Android phones,1.0,No title,Was unhappy it was not able to be activated because of your error and being told this happens all the from straight talk and your staff,9/15/2024,No recommendation,2.0,0.0,WalmartCustomer,English,unknown,bazaarvoice
5287758488,"Straight Talk Moto G 5G 2024, 64GB, Gray - Prepaid Smartphone [Locked to Straight Talk]",Cell Phones,Walmart.com,F55CDC31AB754BB68FE0B39041159D63,71.33,IN_STOCK,3.9,1000,/ip/Straight-Talk-Moto-G-5G-2024-64GB-Gray-Prepaid-Smartphone-Locked-to-Straight-Talk/5287758488,"Straight Talk Moto G 5G 2024, 64GB, Gray - Prepaid Smartphone [Locked to Straight Talk]",Prepaid Android phones,1.0,Do Not have a phone delivered from a Store,Phone was not scanned before delivery and released for activation.  Had to return to store and get refund and purchase a new phone.  The Phone is fine but Walmart is not following release scan to activate,8/18/2024,No recommendation,3.0,1.0,Tom,English,Walmart,bazaarvoice
5287758488,"Straight Talk Moto G 5G 2024, 64GB, Gray - Prepaid Smartphone [Locked to Straight Talk]",Cell Phones,Walmart.com,F55CDC31AB754BB68FE0B39041159D63,71.33,IN_STOCK,3.9,1000,/ip/Straight-Talk-Moto-G-5G-2024-64GB-Gray-Prepaid-Smartphone-Locked-to-Straight-Talk/5287758488,"Straight Talk Moto G 5G 2024, 64GB, Gray - Prepaid Smartphone [Locked to Straight Talk]",Prepaid Android phones,3.0,No title,yes I just bought this phone yesterday I went to go transfer my number over and Walmart did not scan the right barcode so I had to bring it back to the store get another one and then they scan their right barcode,03-03-2025,True,0.0,0.0,Hunter,English,Walmart,bazaarvoice
5287758488,"Straight Talk Moto G 5G 2024, 64GB, Gray - Prepaid Smartphone [Locked to Straight Talk]",Cell Phones,Walmart.com,F55CDC31AB754BB68FE0B39041159D63,71.33,IN_STOCK,3.9,1000,/ip/Straight-Talk-Moto-G-5G-2024-64GB-Gray-Prepaid-Smartphone-Locked-to-Straight-Talk/5287758488,"Straight Talk Moto G 5G 2024, 64GB, Gray - Prepaid Smartphone [Locked to Straight Talk]",Prepaid Android phones,1.0,Bad Customer Service,"i ordered my phone online delivery, went a couple days before i tried to activate it and WALMART didnt scan the box right, so basically the phine does not work until MYSELF goes to WALMART and get it prperly scanned.",4/19/2025,True,0.0,0.0,Kristen,English,Walmart,bazaarvoice
5287758488,"Straight Talk Moto G 5G 2024, 64GB, Gray - Prepaid Smartphone [Locked to Straight Talk]",Cell Phones,Walmart.com,F55CDC31AB754BB68FE0B39041159D63,71.33,IN_STOCK,3.9,1000,/ip/Straight-Talk-Moto-G-5G-2024-64GB-Gray-Prepaid-Smartphone-Locked-to-Straight-Talk/5287758488,"Straight Talk Moto G 5G 2024, 64GB, Gray - Prepaid Smartphone [Locked to Straight Talk]",Prepaid Android phones,5.0,Great cheap phone,"phone works fine, however if you order online to receive the discount you have to return to the store to have the store scan the phone so you can actually activate it.  The phone is perfectly fine, the customer service from walmart was the issue.",4/21/2025,True,0.0,0.0,Amber,English,Walmart,bazaarvoice
5287758488,"Straight Talk Moto G 5G 2024, 64GB, Gray - Prepaid Smartphone [Locked to Straight Talk]",Cell Phones,Walmart.com,F55CDC31AB754BB68FE0B39041159D63,71.33,IN_STOCK,3.9,1000,/ip/Straight-Talk-Moto-G-5G-2024-64GB-Gray-Prepaid-Smartphone-Locked-to-Straight-Talk/5287758488,"Straight Talk Moto G 5G 2024, 64GB, Gray - Prepaid Smartphone [Locked to Straight Talk]",Prepaid Android phones,5.0,No title,if your diabetic and you're looking for a good phone to work with your dexcom G7 this is the phone for that I love it it tells me my sugars and everything good though,08-09-2025,True,0.0,0.0,maryjo,English,Walmart,bazaarvoice
5287758488,"Straight Talk Moto G 5G 2024, 64GB, Gray - Prepaid Smartphone [Locked to Straight Talk]",Cell Phones,Walmart.com,F55CDC31AB754BB68FE0B39041159D63,71.33,IN_STOCK,3.9,1000,/ip/Straight-Talk-Moto-G-5G-2024-64GB-Gray-Prepaid-Smartphone-Locked-to-Straight-Talk/5287758488,"Straight Talk Moto G 5G 2024, 64GB, Gray - Prepaid Smartphone [Locked to Straight Talk]",Prepaid Android phones,5.0,"Best phone I've ever had, and I've had iPhone","So much easier to use, bigger, and cost $410 less than the iPhone I had. I have had a couple of Samsungs before, but this Moto is way better than any of them.",4/16/2025,True,0.0,0.0,Jen,English,Walmart,bazaarvoice
5287758488,"Straight Talk Moto G 5G 2024, 64GB, Gray - Prepaid Smartphone [Locked to Straight Talk]",Cell Phones,Walmart.com,F55CDC31AB754BB68FE0B39041159D63,71.33,IN_STOCK,3.9,1000,/ip/Straight-Talk-Moto-G-5G-2024-64GB-Gray-Prepaid-Smartphone-Locked-to-Straight-Talk/5287758488,"Straight Talk Moto G 5G 2024, 64GB, Gray - Prepaid Smartphone [Locked to Straight Talk]",Prepaid Android phones,4.0,No title,"When LG Quit Making Phones, Moto Was My Next Go-To Brand And I Don't Really Have Any Complaints Cuz The Phone Works And Runs Great For Me And Does What I Need It To.  Honestly....You Really Do Get A Great Phone For A Great Price.",10-02-2025,True,0.0,0.0,LilJessee,English,Walmart,bazaarvoice
5287758488,"Straight Talk Moto G 5G 2024, 64GB, Gray - Prepaid Smartphone [Locked to Straight Talk]",Cell Phones,Walmart.com,F55CDC31AB754BB68FE0B39041159D63,71.33,IN_STOCK,3.9,1000,/ip/Straight-Talk-Moto-G-5G-2024-64GB-Gray-Prepaid-Smartphone-Locked-to-Straight-Talk/5287758488,"Straight Talk Moto G 5G 2024, 64GB, Gray - Prepaid Smartphone [Locked to Straight Talk]",Prepaid Android phones,5.0,No title,This phone does not drop my wifi connection like the more expensive Sa..... that I recently purchased.  The reason for purchasing this phone . I am happy with Motorola,9/26/2025,True,0.0,0.0,WalmartCustomer,English,Walmart,bazaarvoice
5287758488,"Straight Talk Moto G 5G 2024, 64GB, Gray - Prepaid Smartphone [Locked to Straight Talk]",Cell Phones,Walmart.com,F55CDC31AB754BB68FE0B39041159D63,71.33,IN_STOCK,3.9,1000,/ip/Straight-Talk-Moto-G-5G-2024-64GB-Gray-Prepaid-Smartphone-Locked-to-Straight-Talk/5287758488,"Straight Talk Moto G 5G 2024, 64GB, Gray - Prepaid Smartphone [Locked to Straight Talk]",Prepaid Android phones,1.0,No title,"discrimination!!!! large familys, i cant get the phone i want, because i bought five altogether   
apart . There is no limit on the phone , even sparky said there is no limit on the phone, Therefore i will use eBay and use Publix or harveys because customer service sucks at Walmart. i have other issues but why bother its not going to help to bring attention to anything.i probably spend $30,000 ayear there with my family. i just take it else were and thats pennys to Walmart a piece of sand on the beach, so why bother? to vent !!!,so i feel better and not to aggravate sparky its not his fault!",05-08-2025,False,0.0,0.0,threeg,English,Walmart,bazaarvoice
5287758488,"Straight Talk Moto G 5G 2024, 64GB, Gray - Prepaid Smartphone [Locked to Straight Talk]",Cell Phones,Walmart.com,F55CDC31AB754BB68FE0B39041159D63,71.33,IN_STOCK,3.9,1000,/ip/Straight-Talk-Moto-G-5G-2024-64GB-Gray-Prepaid-Smartphone-Locked-to-Straight-Talk/5287758488,"Straight Talk Moto G 5G 2024, 64GB, Gray - Prepaid Smartphone [Locked to Straight Talk]",Prepaid Android phones,2.0,No title,"I purchased this phone online at Walmart.com
When I try to activate, the phone can't be activated because it is restricted meaning it's like the person that brought the phone out didn't scan it but that's crazy cause the money came off my card. Could you email me a receipt",05-01-2025,False,0.0,0.0,Betty,English,Walmart,bazaarvoice
5287758488,"Straight Talk Moto G 5G 2024, 64GB, Gray - Prepaid Smartphone [Locked to Straight Talk]",Cell Phones,Walmart.com,F55CDC31AB754BB68FE0B39041159D63,71.33,IN_STOCK,3.9,1000,/ip/Straight-Talk-Moto-G-5G-2024-64GB-Gray-Prepaid-Smartphone-Locked-to-Straight-Talk/5287758488,"Straight Talk Moto G 5G 2024, 64GB, Gray - Prepaid Smartphone [Locked to Straight Talk]",Prepaid Android phones,5.0,A really great starter phone,"This is a very good phone considering the price an eight megapixel camera on the front two cameras on the back  one 50 megapixel another two megapixel they tell you about all the in the phone set up runs android 14 has NFC has 5G has 128 GB and the phones actually really fast considering this is a prepaid phone. This has all the good stuff including the chopping animation to turn on the flashlight it has face unlock, fingerprint unlock and you can use your pin but the only downside is if you're far away from the router, you're gonna horrible but still if you use the plan for the phone you should be fine",04-12-2025,True,0.0,0.0,Saad,English,Walmart,bazaarvoice
5287758488,"Straight Talk Moto G 5G 2024, 64GB, Gray - Prepaid Smartphone [Locked to Straight Talk]",Cell Phones,Walmart.com,F55CDC31AB754BB68FE0B39041159D63,71.33,IN_STOCK,3.9,1000,/ip/Straight-Talk-Moto-G-5G-2024-64GB-Gray-Prepaid-Smartphone-Locked-to-Straight-Talk/5287758488,"Straight Talk Moto G 5G 2024, 64GB, Gray - Prepaid Smartphone [Locked to Straight Talk]",Prepaid Android phones,1.0,I never received my phone,"First the it was delivered to the wrong house, and was dropped off in someone's carport. Then I'm told i can't receive a refund before I return said product which I never got. Finally if...if I make a rabbit appear then and only then can I get refunded, ten days later. Wal-mart do better, Walmart you are better.",10-09-2025,False,0.0,0.0,Gregory,English,Walmart,bazaarvoice
5287758488,"Straight Talk Moto G 5G 2024, 64GB, Gray - Prepaid Smartphone [Locked to Straight Talk]",Cell Phones,Walmart.com,F55CDC31AB754BB68FE0B39041159D63,71.33,IN_STOCK,3.9,1000,/ip/Straight-Talk-Moto-G-5G-2024-64GB-Gray-Prepaid-Smartphone-Locked-to-Straight-Talk/5287758488,"Straight Talk Moto G 5G 2024, 64GB, Gray - Prepaid Smartphone [Locked to Straight Talk]",Prepaid Android phones,1.0,No title,"its a great phone, so i bought 2 more but the company forgot to scan the phone before shipping it to me.  Now ibhave to go thru the return process. It wasn't supposed to be a xmas gift.. because thats how long it will take to get 2 more.   That the thing i can't stand on ordering online",11-04-2025,True,0.0,0.0,Edrick,English,Seller,bazaarvoice
5287758488,"Straight Talk Moto G 5G 2024, 64GB, Gray - Prepaid Smartphone [Locked to Straight Talk]",Cell Phones,Walmart.com,F55CDC31AB754BB68FE0B39041159D63,71.33,IN_STOCK,3.9,1000,/ip/Straight-Talk-Moto-G-5G-2024-64GB-Gray-Prepaid-Smartphone-Locked-to-Straight-Talk/5287758488,"Straight Talk Moto G 5G 2024, 64GB, Gray - Prepaid Smartphone [Locked to Straight Talk]",Prepaid Android phones,5.0,Moto g 5g 2024,"This is a really good quality phone, I got the 5g exclusive edition version that's 128gb storage and it was so easy to setup and transfer everything. Its an amazing price for such a great updated phone. Easy to activate and had no issues with the process. If you are looking for a good upgrade or something with alot of storage capacity then highly recommend this model.",05-08-2025,True,0.0,0.0,Lindsey,English,Walmart,bazaarvoice
5287758488,"Straight Talk Moto G 5G 2024, 64GB, Gray - Prepaid Smartphone [Locked to Straight Talk]",Cell Phones,Walmart.com,F55CDC31AB754BB68FE0B39041159D63,71.33,IN_STOCK,3.9,1000,/ip/Straight-Talk-Moto-G-5G-2024-64GB-Gray-Prepaid-Smartphone-Locked-to-Straight-Talk/5287758488,"Straight Talk Moto G 5G 2024, 64GB, Gray - Prepaid Smartphone [Locked to Straight Talk]",Prepaid Android phones,3.0,You all need to try this one out,The Moto g 5G 2024 is actually smaller the Moto g play 2023 I don't exactly like where the fingerprint sensor is but it's gonna take some time to get used to it. Overall I like it though .,3/29/2025,True,0.0,0.0,Ameature,English,unknown,bazaarvoice
5287758488,"Straight Talk Moto G 5G 2024, 64GB, Gray - Prepaid Smartphone [Locked to Straight Talk]",Cell Phones,Walmart.com,F55CDC31AB754BB68FE0B39041159D63,71.33,IN_STOCK,3.9,1000,/ip/Straight-Talk-Moto-G-5G-2024-64GB-Gray-Prepaid-Smartphone-Locked-to-Straight-Talk/5287758488,"Straight Talk Moto G 5G 2024, 64GB, Gray - Prepaid Smartphone [Locked to Straight Talk]",Prepaid Android phones,5.0,No title,"i think someone forgot to scan the bar code on my stright talk phone, this phone that i just got from you guys. i called straight  talk to active  and she said you guys need to scan it again.",04-01-2025,True,0.0,0.0,kyle,English,Walmart,bazaarvoice
5287758488,"Straight Talk Moto G 5G 2024, 64GB, Gray - Prepaid Smartphone [Locked to Straight Talk]",Cell Phones,Walmart.com,F55CDC31AB754BB68FE0B39041159D63,71.33,IN_STOCK,3.9,1000,/ip/Straight-Talk-Moto-G-5G-2024-64GB-Gray-Prepaid-Smartphone-Locked-to-Straight-Talk/5287758488,"Straight Talk Moto G 5G 2024, 64GB, Gray - Prepaid Smartphone [Locked to Straight Talk]",Prepaid Android phones,1.0,NOT ABLE TO ACTIVATE NEW PHONE,"I'm not able to activate this new phone at straight talk cause it said it's not eligible. so in other words, it wasn't scanned to show it was purchased.",3/30/2025,False,0.0,0.0,Amy,English,Walmart,bazaarvoice
5287758488,"Straight Talk Moto G 5G 2024, 64GB, Gray - Prepaid Smartphone [Locked to Straight Talk]",Cell Phones,Walmart.com,F55CDC31AB754BB68FE0B39041159D63,71.33,IN_STOCK,3.9,1000,/ip/Straight-Talk-Moto-G-5G-2024-64GB-Gray-Prepaid-Smartphone-Locked-to-Straight-Talk/5287758488,"Straight Talk Moto G 5G 2024, 64GB, Gray - Prepaid Smartphone [Locked to Straight Talk]",Prepaid Android phones,1.0,some one sent the phone back with the sim card i,the sim card is put in the phone and was returned then y'all sent it to me all the parts was not with it can u send a new straight talk phone that has all the stuff that has not been opened,04-02-2025,No recommendation,0.0,0.0,Crystal,English,Walmart,bazaarvoice
17875164686,"SOYES XS15 Android 8.1 2GB RAM 16GB ROM Ultra-thin 3 Inch Dual SIM Smart Phone, Pink",Cell Phones,shenzhenshituohaimaoyiyouxiangongsi,163689DCF583425DB6FE72697EFCBF7C,46.99,IN_STOCK,3.7,3,/ip/SOYES-XS15-Android-8-1-2GB-RAM-16GB-ROM-Ultra-thin-3-Inch-Dual-SIM-Smart-Phone-Pink/17875164686,"SOYES XS15 Android 8.1 2GB RAM 16GB ROM Ultra-thin 3 Inch Dual SIM Smart Phone, Pink",All Cell Phones,1.0,No title,it's not wark at all 😢,3/19/2026,No recommendation,0.0,0.0,Mariam,English,Seller,bazaarvoice
13677218286,"AT&T Samsung Galaxy A15 5G, 64GB, Blue Black - Prepaid Smartphone",Cell Phones,Deal Zone Inc,A1C5CED5E5C64CE39D765D2855F3E599,64.95,IN_STOCK,4.1,1416,/ip/AT-T-Samsung-Galaxy-A15-5G-64GB-Blue-Black-Prepaid-Smartphone/13677218286,"AT&T Samsung Galaxy A15 5G, 64GB, Blue Black - Prepaid Smartphone",Prepaid Android phones,5.0,No title,I just live this phone it was a very decent priced actually cheaper than what I expected. It has tons of storage and excellent quality and it charges fast and more fast.,07-06-2025,No recommendation,1.0,0.0,WalmartCustomer,English,unknown,bazaarvoice
13677218286,"AT&T Samsung Galaxy A15 5G, 64GB, Blue Black - Prepaid Smartphone",Cell Phones,Deal Zone Inc,A1C5CED5E5C64CE39D765D2855F3E599,64.95,IN_STOCK,4.1,1416,/ip/AT-T-Samsung-Galaxy-A15-5G-64GB-Blue-Black-Prepaid-Smartphone/13677218286,"AT&T Samsung Galaxy A15 5G, 64GB, Blue Black - Prepaid Smartphone",Prepaid Android phones,5.0,"Great, Inexpensive Phone","This is a great, inexpensive phone. It has good cameras, decent memory, and charges quick. User friendly with some cool features, I would purchase again.",04-05-2025,True,0.0,0.0,Melinda,English,Walmart,bazaarvoice
13677218286,"AT&T Samsung Galaxy A15 5G, 64GB, Blue Black - Prepaid Smartphone",Cell Phones,Deal Zone Inc,A1C5CED5E5C64CE39D765D2855F3E599,64.95,IN_STOCK,4.1,1416,/ip/AT-T-Samsung-Galaxy-A15-5G-64GB-Blue-Black-Prepaid-Smartphone/13677218286,"AT&T Samsung Galaxy A15 5G, 64GB, Blue Black - Prepaid Smartphone",Prepaid Android phones,5.0,No title,"I just love the phone all around great camera, etc... the only thing that's a bummer is no screen recording however you can download a app to screen record. Overall I would give this phone 10 stars!!",8/28/2025,True,0.0,0.0,Patrick,English,Walmart,bazaarvoice
13677218286,"AT&T Samsung Galaxy A15 5G, 64GB, Blue Black - Prepaid Smartphone",Cell Phones,Deal Zone Inc,A1C5CED5E5C64CE39D765D2855F3E599,64.95,IN_STOCK,4.1,1416,/ip/AT-T-Samsung-Galaxy-A15-5G-64GB-Blue-Black-Prepaid-Smartphone/13677218286,"AT&T Samsung Galaxy A15 5G, 64GB, Blue Black - Prepaid Smartphone",Prepaid Android phones,1.0,No title,"I never got it. While getting ready to pick the phone up it said it was actually unavailable in the store, I was offered free delivery because of that. I decided to do the delivery then an hr before the deadline to be here it kept saying delayed and I had to cancel the order. Still have yet to recieve my money back for it.",02-05-2026,No recommendation,0.0,0.0,WalmartCustomer,English,unknown,bazaarvoice
13677218286,"AT&T Samsung Galaxy A15 5G, 64GB, Blue Black - Prepaid Smartphone",Cell Phones,Deal Zone Inc,A1C5CED5E5C64CE39D765D2855F3E599,64.95,IN_STOCK,4.1,1416,/ip/AT-T-Samsung-Galaxy-A15-5G-64GB-Blue-Black-Prepaid-Smartphone/13677218286,"AT&T Samsung Galaxy A15 5G, 64GB, Blue Black - Prepaid Smartphone",Prepaid Android phones,1.0,Phone wasn't scan,"I am a valued customer at Walmart shop online and in person. I decided to buy a phone online bought Samsung A15 device went to the store to set it up to work, it says see my carrier I need to pay for phone and scan phone, this is embarrassing   to   have Staff look at me like I stole this device. When Staff   package the phone without scanning it as paid
I want a full refund. See picture on this page.",4/24/2025,False,0.0,0.0,Elizabeth,English,Seller,bazaarvoice
13677218286,"AT&T Samsung Galaxy A15 5G, 64GB, Blue Black - Prepaid Smartphone",Cell Phones,Deal Zone Inc,A1C5CED5E5C64CE39D765D2855F3E599,64.95,IN_STOCK,4.1,1416,/ip/AT-T-Samsung-Galaxy-A15-5G-64GB-Blue-Black-Prepaid-Smartphone/13677218286,"AT&T Samsung Galaxy A15 5G, 64GB, Blue Black - Prepaid Smartphone",Prepaid Android phones,5.0,No title,I love Wendy' chili. This chili is just like what is  purchased from the restaurant. I plan to buy it again.,1/30/2026,No recommendation,0.0,0.0,Unavailable,English,Walmart,bazaarvoice
13677218286,"AT&T Samsung Galaxy A15 5G, 64GB, Blue Black - Prepaid Smartphone",Cell Phones,Deal Zone Inc,A1C5CED5E5C64CE39D765D2855F3E599,64.95,IN_STOCK,4.1,1416,/ip/AT-T-Samsung-Galaxy-A15-5G-64GB-Blue-Black-Prepaid-Smartphone/13677218286,"AT&T Samsung Galaxy A15 5G, 64GB, Blue Black - Prepaid Smartphone",Prepaid Android phones,5.0,No title,good phone just problem matching my old SIM card to the new phone and swapping services didn't come with a charger but other than that we good,5/22/2025,True,0.0,0.0,Stephen,English,Walmart,bazaarvoice
13677218286,"AT&T Samsung Galaxy A15 5G, 64GB, Blue Black - Prepaid Smartphone",Cell Phones,Deal Zone Inc,A1C5CED5E5C64CE39D765D2855F3E599,64.95,IN_STOCK,4.1,1416,/ip/AT-T-Samsung-Galaxy-A15-5G-64GB-Blue-Black-Prepaid-Smartphone/13677218286,"AT&T Samsung Galaxy A15 5G, 64GB, Blue Black - Prepaid Smartphone",Prepaid Android phones,1.0,DO NOT BUY.,AT%26T told me i had to take it back where i purchased it in order to fully initiate the phone.  Like it was not marked as sold.,09-01-2025,False,0.0,0.0,Charlie,English,Walmart,bazaarvoice
13677218286,"AT&T Samsung Galaxy A15 5G, 64GB, Blue Black - Prepaid Smartphone",Cell Phones,Deal Zone Inc,A1C5CED5E5C64CE39D765D2855F3E599,64.95,IN_STOCK,4.1,1416,/ip/AT-T-Samsung-Galaxy-A15-5G-64GB-Blue-Black-Prepaid-Smartphone/13677218286,"AT&T Samsung Galaxy A15 5G, 64GB, Blue Black - Prepaid Smartphone",Prepaid Android phones,1.0,No title,I can't get the phone activated because Walmart hasn't taken it out of their system even though they mailed it to me.,09-04-2025,False,0.0,0.0,Alan,English,Walmart,bazaarvoice
13677218286,"AT&T Samsung Galaxy A15 5G, 64GB, Blue Black - Prepaid Smartphone",Cell Phones,Deal Zone Inc,A1C5CED5E5C64CE39D765D2855F3E599,64.95,IN_STOCK,4.1,1416,/ip/AT-T-Samsung-Galaxy-A15-5G-64GB-Blue-Black-Prepaid-Smartphone/13677218286,"AT&T Samsung Galaxy A15 5G, 64GB, Blue Black - Prepaid Smartphone",Prepaid Android phones,3.0,"Meh, it will do","even with correct charger, charges slowly. bought another charger its ok charge doesnt hold very long",1/15/2026,True,0.0,0.0,Empress,English,Walmart,bazaarvoice
13677218286,"AT&T Samsung Galaxy A15 5G, 64GB, Blue Black - Prepaid Smartphone",Cell Phones,Deal Zone Inc,A1C5CED5E5C64CE39D765D2855F3E599,64.95,IN_STOCK,4.1,1416,/ip/AT-T-Samsung-Galaxy-A15-5G-64GB-Blue-Black-Prepaid-Smartphone/13677218286,"AT&T Samsung Galaxy A15 5G, 64GB, Blue Black - Prepaid Smartphone",Prepaid Android phones,1.0,DO NOT BUY.,AT%26T told me i had to take it back where i purchased it in order to fully initiate the phone.  Like it was not marked as sold.,09-01-2025,False,0.0,0.0,Charlie,English,Walmart,bazaarvoice
13677218286,"AT&T Samsung Galaxy A15 5G, 64GB, Blue Black - Prepaid Smartphone",Cell Phones,Deal Zone Inc,A1C5CED5E5C64CE39D765D2855F3E599,64.95,IN_STOCK,4.1,1416,/ip/AT-T-Samsung-Galaxy-A15-5G-64GB-Blue-Black-Prepaid-Smartphone/13677218286,"AT&T Samsung Galaxy A15 5G, 64GB, Blue Black - Prepaid Smartphone",Prepaid Android phones,5.0,No title,I love Wendy' chili. This chili is just like what is  purchased from the restaurant. I plan to buy it again.,1/30/2026,No recommendation,0.0,0.0,Unavailable,English,Walmart,bazaarvoice
13677218286,"AT&T Samsung Galaxy A15 5G, 64GB, Blue Black - Prepaid Smartphone",Cell Phones,Deal Zone Inc,A1C5CED5E5C64CE39D765D2855F3E599,64.95,IN_STOCK,4.1,1416,/ip/AT-T-Samsung-Galaxy-A15-5G-64GB-Blue-Black-Prepaid-Smartphone/13677218286,"AT&T Samsung Galaxy A15 5G, 64GB, Blue Black - Prepaid Smartphone",Prepaid Android phones,3.0,"Meh, it will do","even with correct charger, charges slowly. bought another charger its ok charge doesnt hold very long",1/15/2026,True,0.0,0.0,Empress,English,Walmart,bazaarvoice
13677218286,"AT&T Samsung Galaxy A15 5G, 64GB, Blue Black - Prepaid Smartphone",Cell Phones,Deal Zone Inc,A1C5CED5E5C64CE39D765D2855F3E599,64.95,IN_STOCK,4.1,1416,/ip/AT-T-Samsung-Galaxy-A15-5G-64GB-Blue-Black-Prepaid-Smartphone/13677218286,"AT&T Samsung Galaxy A15 5G, 64GB, Blue Black - Prepaid Smartphone",Prepaid Android phones,3.0,No title,"Good for the price, however it has horrible battery life and no tap to pay.  The 20$ more version has better battery and tap to pay.",1/16/2026,No recommendation,0.0,0.0,Stevie,English,Walmart,bazaarvoice
13677218286,"AT&T Samsung Galaxy A15 5G, 64GB, Blue Black - Prepaid Smartphone",Cell Phones,Deal Zone Inc,A1C5CED5E5C64CE39D765D2855F3E599,64.95,IN_STOCK,4.1,1416,/ip/AT-T-Samsung-Galaxy-A15-5G-64GB-Blue-Black-Prepaid-Smartphone/13677218286,"AT&T Samsung Galaxy A15 5G, 64GB, Blue Black - Prepaid Smartphone",Prepaid Android phones,4.0,No title,the battery doesn't last very long at all and the pictures aren't that great but for the money i guess its ok,11/30/2025,True,0.0,0.0,Lesa,English,Walmart,bazaarvoice
13677218286,"AT&T Samsung Galaxy A15 5G, 64GB, Blue Black - Prepaid Smartphone",Cell Phones,Deal Zone Inc,A1C5CED5E5C64CE39D765D2855F3E599,64.95,IN_STOCK,4.1,1416,/ip/AT-T-Samsung-Galaxy-A15-5G-64GB-Blue-Black-Prepaid-Smartphone/13677218286,"AT&T Samsung Galaxy A15 5G, 64GB, Blue Black - Prepaid Smartphone",Prepaid Android phones,5.0,No title,I've always used and bought Samsung quality products. Walmart still has better saving on Samsung products.,07-12-2025,No recommendation,1.0,0.0,WalmartCustomer,English,unknown,bazaarvoice
13677218286,"AT&T Samsung Galaxy A15 5G, 64GB, Blue Black - Prepaid Smartphone",Cell Phones,Deal Zone Inc,A1C5CED5E5C64CE39D765D2855F3E599,64.95,IN_STOCK,4.1,1416,/ip/AT-T-Samsung-Galaxy-A15-5G-64GB-Blue-Black-Prepaid-Smartphone/13677218286,"AT&T Samsung Galaxy A15 5G, 64GB, Blue Black - Prepaid Smartphone",Prepaid Android phones,1.0,No title,The phone arrived unscathed by the store it was sold from. I live along ways away. I can't add afford to just go to.the store.for,9/16/2025,No recommendation,0.0,0.0,tenisha,English,Walmart,bazaarvoice
13677218286,"AT&T Samsung Galaxy A15 5G, 64GB, Blue Black - Prepaid Smartphone",Cell Phones,Deal Zone Inc,A1C5CED5E5C64CE39D765D2855F3E599,64.95,IN_STOCK,4.1,1416,/ip/AT-T-Samsung-Galaxy-A15-5G-64GB-Blue-Black-Prepaid-Smartphone/13677218286,"AT&T Samsung Galaxy A15 5G, 64GB, Blue Black - Prepaid Smartphone",Prepaid Android phones,2.0,No title,"Trying to set up my phone with my carrier but Walmart didnt complete the sale so I can't use yhe phone, what the heck!",9/20/2025,No recommendation,0.0,0.0,Debra,English,Walmart,bazaarvoice
13677218286,"AT&T Samsung Galaxy A15 5G, 64GB, Blue Black - Prepaid Smartphone",Cell Phones,Deal Zone Inc,A1C5CED5E5C64CE39D765D2855F3E599,64.95,IN_STOCK,4.1,1416,/ip/AT-T-Samsung-Galaxy-A15-5G-64GB-Blue-Black-Prepaid-Smartphone/13677218286,"AT&T Samsung Galaxy A15 5G, 64GB, Blue Black - Prepaid Smartphone",Prepaid Android phones,4.0,No title,The phone is kind of cheap. I guess you get what you pay for most of the time. The phone was free. I can always upgrade later,10-07-2025,No recommendation,0.0,0.0,WalmartCustomer,English,unknown,bazaarvoice
13677218286,"AT&T Samsung Galaxy A15 5G, 64GB, Blue Black - Prepaid Smartphone",Cell Phones,Deal Zone Inc,A1C5CED5E5C64CE39D765D2855F3E599,64.95,IN_STOCK,4.1,1416,/ip/AT-T-Samsung-Galaxy-A15-5G-64GB-Blue-Black-Prepaid-Smartphone/13677218286,"AT&T Samsung Galaxy A15 5G, 64GB, Blue Black - Prepaid Smartphone",Prepaid Android phones,1.0,No title,I can't get the phone activated because Walmart hasn't taken it out of their system even though they mailed it to me.,09-04-2025,False,0.0,0.0,Alan,English,Walmart,bazaarvoice
18663154011,"Straight Talk Samsung Galaxy A37, 5G, 128GB, Black - Prepaid Smartphone [Locked to Straight Talk]",Cell Phones,Walmart.com,F55CDC31AB754BB68FE0B39041159D63,349.0,IN_STOCK,5.0,3,/ip/ST-SAMSUNG-S376V-Galaxy-A37-5G-PIB-HANDSET-WALMART-POSA/18663154011,"Straight Talk Samsung Galaxy A37, 5G, 128GB, Black - Prepaid Smartphone [Locked to Straight Talk]",All Samsung Galaxy Prepaid Phones,5.0,Great,"After buying cheap phones because of the abuse that from work, bought this one. All androids work similar but this works nice.",05-05-2026,True,0.0,0.0,J Brown,English,unknown,bazaarvoice
16510014056,"Samsung Galaxy S25 Ultra SM-S938B/DS 256GB Unlocked Android Cell Phone with 200MP Camera, Titanium Black",Cell Phones,Cellntell Distribution Inc.,D8A76FA138B44989A70CC7EAA2916FE1,939.48,IN_STOCK,4.5,155,/ip/Samsung-Galaxy-S25-Ultra-SM-S938B-DS-256GB-Unlocked-Android-Cell-Phone-with-200MP-Camera-Titanium-Black/16510014056,"Samsung Galaxy S25 Ultra SM-S938B/DS 256GB Unlocked Android Cell Phone with 200MP Camera, Titanium Black",All Samsung Galaxy Unlocked Phones,5.0,Great device,"excellent choice, excited to use it :) :) :) :) :)",02-11-2025,No recommendation,0.0,0.0,Unknown,English,unknown,bazaarvoice
16510014056,"Samsung Galaxy S25 Ultra SM-S938B/DS 256GB Unlocked Android Cell Phone with 200MP Camera, Titanium Black",Cell Phones,Cellntell Distribution Inc.,D8A76FA138B44989A70CC7EAA2916FE1,939.48,IN_STOCK,4.5,155,/ip/Samsung-Galaxy-S25-Ultra-SM-S938B-DS-256GB-Unlocked-Android-Cell-Phone-with-200MP-Camera-Titanium-Black/16510014056,"Samsung Galaxy S25 Ultra SM-S938B/DS 256GB Unlocked Android Cell Phone with 200MP Camera, Titanium Black",All Samsung Galaxy Unlocked Phones,5.0,Great camera and AI features.,"Got it a week ago, so far far happy with the camera performance and the AI features.",02-12-2025,No recommendation,0.0,0.0,Unknown,English,unknown,bazaarvoice
16510014056,"Samsung Galaxy S25 Ultra SM-S938B/DS 256GB Unlocked Android Cell Phone with 200MP Camera, Titanium Black",Cell Phones,Cellntell Distribution Inc.,D8A76FA138B44989A70CC7EAA2916FE1,939.48,IN_STOCK,4.5,155,/ip/Samsung-Galaxy-S25-Ultra-SM-S938B-DS-256GB-Unlocked-Android-Cell-Phone-with-200MP-Camera-Titanium-Black/16510014056,"Samsung Galaxy S25 Ultra SM-S938B/DS 256GB Unlocked Android Cell Phone with 200MP Camera, Titanium Black",All Samsung Galaxy Unlocked Phones,5.0,S25+,Very very Awesome smart phone and easy to use . perfect performance,2/27/2025,No recommendation,0.0,0.0,Nourhan,English,unknown,bazaarvoice
16510014056,"Samsung Galaxy S25 Ultra SM-S938B/DS 256GB Unlocked Android Cell Phone with 200MP Camera, Titanium Black",Cell Phones,Cellntell Distribution Inc.,D8A76FA138B44989A70CC7EAA2916FE1,939.48,IN_STOCK,4.5,155,/ip/Samsung-Galaxy-S25-Ultra-SM-S938B-DS-256GB-Unlocked-Android-Cell-Phone-with-200MP-Camera-Titanium-Black/16510014056,"Samsung Galaxy S25 Ultra SM-S938B/DS 256GB Unlocked Android Cell Phone with 200MP Camera, Titanium Black",All Samsung Galaxy Unlocked Phones,5.0,Awesome features,I like how it is integrated with AI and every single detail,2/25/2025,No recommendation,0.0,0.0,Maha,English,unknown,bazaarvoice
16510014056,"Samsung Galaxy S25 Ultra SM-S938B/DS 256GB Unlocked Android Cell Phone with 200MP Camera, Titanium Black",Cell Phones,Cellntell Distribution Inc.,D8A76FA138B44989A70CC7EAA2916FE1,939.48,IN_STOCK,4.5,155,/ip/Samsung-Galaxy-S25-Ultra-SM-S938B-DS-256GB-Unlocked-Android-Cell-Phone-with-200MP-Camera-Titanium-Black/16510014056,"Samsung Galaxy S25 Ultra SM-S938B/DS 256GB Unlocked Android Cell Phone with 200MP Camera, Titanium Black",All Samsung Galaxy Unlocked Phones,5.0,Great AI monster,"Wonderful piece of art, but the missing of Bluetooth S Pen is slightly annoying.",2/16/2025,No recommendation,0.0,0.0,Mhmbarg1,English,unknown,bazaarvoice
16510014056,"Samsung Galaxy S25 Ultra SM-S938B/DS 256GB Unlocked Android Cell Phone with 200MP Camera, Titanium Black",Cell Phones,Cellntell Distribution Inc.,D8A76FA138B44989A70CC7EAA2916FE1,939.48,IN_STOCK,4.5,155,/ip/Samsung-Galaxy-S25-Ultra-SM-S938B-DS-256GB-Unlocked-Android-Cell-Phone-with-200MP-Camera-Titanium-Black/16510014056,"Samsung Galaxy S25 Ultra SM-S938B/DS 256GB Unlocked Android Cell Phone with 200MP Camera, Titanium Black",All Samsung Galaxy Unlocked Phones,5.0,5 out of 5,"I like S25 Ultra about it's look, design, performance n Battery",03-08-2025,No recommendation,0.0,0.0,SumitS4,English,unknown,bazaarvoice
16510014056,"Samsung Galaxy S25 Ultra SM-S938B/DS 256GB Unlocked Android Cell Phone with 200MP Camera, Titanium Black",Cell Phones,Cellntell Distribution Inc.,D8A76FA138B44989A70CC7EAA2916FE1,939.48,IN_STOCK,4.5,155,/ip/Samsung-Galaxy-S25-Ultra-SM-S938B-DS-256GB-Unlocked-Android-Cell-Phone-with-200MP-Camera-Titanium-Black/16510014056,"Samsung Galaxy S25 Ultra SM-S938B/DS 256GB Unlocked Android Cell Phone with 200MP Camera, Titanium Black",All Samsung Galaxy Unlocked Phones,5.0,Great phone,A more than wonderful phone and very smooth to deal with,2/24/2025,No recommendation,0.0,0.0,FirasQR,English,unknown,bazaarvoice
16510014056,"Samsung Galaxy S25 Ultra SM-S938B/DS 256GB Unlocked Android Cell Phone with 200MP Camera, Titanium Black",Cell Phones,Cellntell Distribution Inc.,D8A76FA138B44989A70CC7EAA2916FE1,939.48,IN_STOCK,4.5,155,/ip/Samsung-Galaxy-S25-Ultra-SM-S938B-DS-256GB-Unlocked-Android-Cell-Phone-with-200MP-Camera-Titanium-Black/16510014056,"Samsung Galaxy S25 Ultra SM-S938B/DS 256GB Unlocked Android Cell Phone with 200MP Camera, Titanium Black",All Samsung Galaxy Unlocked Phones,5.0,Great features,"I bought 25s altra, I'm so happy to get it like pic",2/15/2025,No recommendation,0.0,0.0,Unknown,English,unknown,bazaarvoice
16510014056,"Samsung Galaxy S25 Ultra SM-S938B/DS 256GB Unlocked Android Cell Phone with 200MP Camera, Titanium Black",Cell Phones,Cellntell Distribution Inc.,D8A76FA138B44989A70CC7EAA2916FE1,939.48,IN_STOCK,4.5,155,/ip/Samsung-Galaxy-S25-Ultra-SM-S938B-DS-256GB-Unlocked-Android-Cell-Phone-with-200MP-Camera-Titanium-Black/16510014056,"Samsung Galaxy S25 Ultra SM-S938B/DS 256GB Unlocked Android Cell Phone with 200MP Camera, Titanium Black",All Samsung Galaxy Unlocked Phones,5.0,Great features,No Reviews..,2/16/2025,No recommendation,0.0,0.0,S25ultray,English,unknown,bazaarvoice
16510014056,"Samsung Galaxy S25 Ultra SM-S938B/DS 256GB Unlocked Android Cell Phone with 200MP Camera, Titanium Black",Cell Phones,Cellntell Distribution Inc.,D8A76FA138B44989A70CC7EAA2916FE1,939.48,IN_STOCK,4.5,155,/ip/Samsung-Galaxy-S25-Ultra-SM-S938B-DS-256GB-Unlocked-Android-Cell-Phone-with-200MP-Camera-Titanium-Black/16510014056,"Samsung Galaxy S25 Ultra SM-S938B/DS 256GB Unlocked Android Cell Phone with 200MP Camera, Titanium Black",All Samsung Galaxy Unlocked Phones,5.0,Amazing Device!,No Reviews..,2/24/2025,No recommendation,0.0,0.0,Unknown,English,unknown,bazaarvoice
13673008808,"AT&T Apple iPhone 13, 128 GB, Midnight - Prepaid Smartphone [Locked to AT&T]",Cell Phones,Walmart.com,F55CDC31AB754BB68FE0B39041159D63,249.0,IN_STOCK,4.1,388,/ip/AT-T-Apple-iPhone-13-128-GB-Midnight-Prepaid-Smartphone/13673008808,"AT&T Apple iPhone 13, 128 GB, Midnight - Prepaid Smartphone [Locked to AT&T]",Prepaid iPhones,2.0,I expected a lot better performance.,Speaker phone sucks and people say it is breaking up even if it's working fine with the ear. Also have had many chases where people call and call and it goes straight to voicemail. Then they text and I'm able to call them.,9/18/2025,No recommendation,1.0,2.0,Glenn,English,Walmart,bazaarvoice
13673008808,"AT&T Apple iPhone 13, 128 GB, Midnight - Prepaid Smartphone [Locked to AT&T]",Cell Phones,Walmart.com,F55CDC31AB754BB68FE0B39041159D63,249.0,IN_STOCK,4.1,388,/ip/AT-T-Apple-iPhone-13-128-GB-Midnight-Prepaid-Smartphone/13673008808,"AT&T Apple iPhone 13, 128 GB, Midnight - Prepaid Smartphone [Locked to AT&T]",Prepaid iPhones,5.0,No title,It's great,5/29/2025,No recommendation,0.0,0.0,WalmartCustomer,English,unknown,bazaarvoice
6884924570,"Total Wireless HMD Vibe, 64GB, CDMA LTE, Black - Prepaid Smartphone [Locked to Total Wireless]",Cell Phones,Walmart.com,F55CDC31AB754BB68FE0B39041159D63,29.88,IN_STOCK,4.3,117,/ip/Total-Wireless-HMD-Vibe-64GB-CDMA-LTE-Black-Prepaid-Smartphone-Locked-to-Total-Wireless/6884924570,"Total Wireless HMD Vibe, 64GB, CDMA LTE, Black - Prepaid Smartphone [Locked to Total Wireless]",Prepaid Android phones,5.0,Perfection,This phone was perfect!,3/27/2025,True,0.0,0.0,Michael,English,Walmart,bazaarvoice
6884924570,"Total Wireless HMD Vibe, 64GB, CDMA LTE, Black - Prepaid Smartphone [Locked to Total Wireless]",Cell Phones,Walmart.com,F55CDC31AB754BB68FE0B39041159D63,29.88,IN_STOCK,4.3,117,/ip/Total-Wireless-HMD-Vibe-64GB-CDMA-LTE-Black-Prepaid-Smartphone-Locked-to-Total-Wireless/6884924570,"Total Wireless HMD Vibe, 64GB, CDMA LTE, Black - Prepaid Smartphone [Locked to Total Wireless]",Prepaid Android phones,5.0,No title,Works so well,2/13/2025,No recommendation,0.0,0.0,WalmartCustomer,English,unknown,bazaarvoice
6884924570,"Total Wireless HMD Vibe, 64GB, CDMA LTE, Black - Prepaid Smartphone [Locked to Total Wireless]",Cell Phones,Walmart.com,F55CDC31AB754BB68FE0B39041159D63,29.88,IN_STOCK,4.3,117,/ip/Total-Wireless-HMD-Vibe-64GB-CDMA-LTE-Black-Prepaid-Smartphone-Locked-to-Total-Wireless/6884924570,"Total Wireless HMD Vibe, 64GB, CDMA LTE, Black - Prepaid Smartphone [Locked to Total Wireless]",Prepaid Android phones,5.0,No title,Perfect beginner phone,03-11-2025,True,0.0,0.0,SweetPea,English,Walmart,bazaarvoice
6884924570,"Total Wireless HMD Vibe, 64GB, CDMA LTE, Black - Prepaid Smartphone [Locked to Total Wireless]",Cell Phones,Walmart.com,F55CDC31AB754BB68FE0B39041159D63,29.88,IN_STOCK,4.3,117,/ip/Total-Wireless-HMD-Vibe-64GB-CDMA-LTE-Black-Prepaid-Smartphone-Locked-to-Total-Wireless/6884924570,"Total Wireless HMD Vibe, 64GB, CDMA LTE, Black - Prepaid Smartphone [Locked to Total Wireless]",Prepaid Android phones,1.0,No title,was not unlocked,04-09-2025,False,0.0,0.0,Beverly,English,Walmart,bazaarvoice
6884924570,"Total Wireless HMD Vibe, 64GB, CDMA LTE, Black - Prepaid Smartphone [Locked to Total Wireless]",Cell Phones,Walmart.com,F55CDC31AB754BB68FE0B39041159D63,29.88,IN_STOCK,4.3,117,/ip/Total-Wireless-HMD-Vibe-64GB-CDMA-LTE-Black-Prepaid-Smartphone-Locked-to-Total-Wireless/6884924570,"Total Wireless HMD Vibe, 64GB, CDMA LTE, Black - Prepaid Smartphone [Locked to Total Wireless]",Prepaid Android phones,4.0,No title,its a good cheap phone,3/31/2025,True,0.0,0.0,sara,English,Walmart,bazaarvoice
6884924570,"Total Wireless HMD Vibe, 64GB, CDMA LTE, Black - Prepaid Smartphone [Locked to Total Wireless]",Cell Phones,Walmart.com,F55CDC31AB754BB68FE0B39041159D63,29.88,IN_STOCK,4.3,117,/ip/Total-Wireless-HMD-Vibe-64GB-CDMA-LTE-Black-Prepaid-Smartphone-Locked-to-Total-Wireless/6884924570,"Total Wireless HMD Vibe, 64GB, CDMA LTE, Black - Prepaid Smartphone [Locked to Total Wireless]",Prepaid Android phones,5.0,No title,I love this phone,04-04-2025,No recommendation,0.0,0.0,nina,English,Walmart,bazaarvoice
6884924570,"Total Wireless HMD Vibe, 64GB, CDMA LTE, Black - Prepaid Smartphone [Locked to Total Wireless]",Cell Phones,Walmart.com,F55CDC31AB754BB68FE0B39041159D63,29.88,IN_STOCK,4.3,117,/ip/Total-Wireless-HMD-Vibe-64GB-CDMA-LTE-Black-Prepaid-Smartphone-Locked-to-Total-Wireless/6884924570,"Total Wireless HMD Vibe, 64GB, CDMA LTE, Black - Prepaid Smartphone [Locked to Total Wireless]",Prepaid Android phones,5.0,No title,Nice phone for a child.,2/16/2025,No recommendation,0.0,0.0,Wilda,English,Walmart,bazaarvoice
6884924570,"Total Wireless HMD Vibe, 64GB, CDMA LTE, Black - Prepaid Smartphone [Locked to Total Wireless]",Cell Phones,Walmart.com,F55CDC31AB754BB68FE0B39041159D63,29.88,IN_STOCK,4.3,117,/ip/Total-Wireless-HMD-Vibe-64GB-CDMA-LTE-Black-Prepaid-Smartphone-Locked-to-Total-Wireless/6884924570,"Total Wireless HMD Vibe, 64GB, CDMA LTE, Black - Prepaid Smartphone [Locked to Total Wireless]",Prepaid Android phones,4.0,good,good for the price,3/28/2025,True,0.0,0.0,Jeremy,English,Walmart,bazaarvoice
5983644456,"Blackview Shark 6 Unlocked Android Phones 5G (2025), Android 15 Cell Phone Unlocked, 6.88"" 120Hz Display, 24GB+128GB/2TB, 16MP+8MP AI Camera, 5000mAh/18W,Fingerprint/Face ID,Dual SIM/GPS/OTG/NFC,Blac",Cell Phones,shenzhenshirunheshengkejiyouxiangongsi,658BD8DE38924927947D73C47253963F,119.99,IN_STOCK,3.5,36,/ip/Unlocked-Cell-Phones-Blackview-Shark-6-120Hz-Unlocked-Smartphones-128GB-ROM-8GB-RAM-T-Mobile-Android-15-Phone-6-88-5G-Dual-SIM-Gray/5983644456,"Blackview Shark 6 Unlocked Android Phones 5G (2025), Android 15 Cell Phone Unlocked, 6.88"" 120Hz Display, 24GB+128GB/2TB, 16MP+8MP AI Camera, 5000mAh/18W,Fingerprint/Face ID,Dual SIM/GPS/OTG/NFC,Blac",5G Unlocked Phones,2.0,Black view phone,I bought this phone in August i m having problem i can't save my contact and is off for 2 days i tried to charge is not terns on,10-04-2023,No recommendation,1.0,0.0,Nathalie,English,unknown,bazaarvoice
5983644456,"Blackview Shark 6 Unlocked Android Phones 5G (2025), Android 15 Cell Phone Unlocked, 6.88"" 120Hz Display, 24GB+128GB/2TB, 16MP+8MP AI Camera, 5000mAh/18W,Fingerprint/Face ID,Dual SIM/GPS/OTG/NFC,Blac",Cell Phones,shenzhenshirunheshengkejiyouxiangongsi,658BD8DE38924927947D73C47253963F,119.99,IN_STOCK,3.5,36,/ip/Unlocked-Cell-Phones-Blackview-Shark-6-120Hz-Unlocked-Smartphones-128GB-ROM-8GB-RAM-T-Mobile-Android-15-Phone-6-88-5G-Dual-SIM-Gray/5983644456,"Blackview Shark 6 Unlocked Android Phones 5G (2025), Android 15 Cell Phone Unlocked, 6.88"" 120Hz Display, 24GB+128GB/2TB, 16MP+8MP AI Camera, 5000mAh/18W,Fingerprint/Face ID,Dual SIM/GPS/OTG/NFC,Blac",5G Unlocked Phones,5.0,Good buy,Looks great and easy to use,12-05-2022,False,1.0,0.0,Lina,English,unknown,bazaarvoice
5983644456,"Blackview Shark 6 Unlocked Android Phones 5G (2025), Android 15 Cell Phone Unlocked, 6.88"" 120Hz Display, 24GB+128GB/2TB, 16MP+8MP AI Camera, 5000mAh/18W,Fingerprint/Face ID,Dual SIM/GPS/OTG/NFC,Blac",Cell Phones,shenzhenshirunheshengkejiyouxiangongsi,658BD8DE38924927947D73C47253963F,119.99,IN_STOCK,3.5,36,/ip/Unlocked-Cell-Phones-Blackview-Shark-6-120Hz-Unlocked-Smartphones-128GB-ROM-8GB-RAM-T-Mobile-Android-15-Phone-6-88-5G-Dual-SIM-Gray/5983644456,"Blackview Shark 6 Unlocked Android Phones 5G (2025), Android 15 Cell Phone Unlocked, 6.88"" 120Hz Display, 24GB+128GB/2TB, 16MP+8MP AI Camera, 5000mAh/18W,Fingerprint/Face ID,Dual SIM/GPS/OTG/NFC,Blac",5G Unlocked Phones,5.0,😃,"So far it's a great phone ,",12-05-2023,True,0.0,0.0,Amanda ledgerwood,English,unknown,bazaarvoice
5983644456,"Blackview Shark 6 Unlocked Android Phones 5G (2025), Android 15 Cell Phone Unlocked, 6.88"" 120Hz Display, 24GB+128GB/2TB, 16MP+8MP AI Camera, 5000mAh/18W,Fingerprint/Face ID,Dual SIM/GPS/OTG/NFC,Blac",Cell Phones,shenzhenshirunheshengkejiyouxiangongsi,658BD8DE38924927947D73C47253963F,119.99,IN_STOCK,3.5,36,/ip/Unlocked-Cell-Phones-Blackview-Shark-6-120Hz-Unlocked-Smartphones-128GB-ROM-8GB-RAM-T-Mobile-Android-15-Phone-6-88-5G-Dual-SIM-Gray/5983644456,"Blackview Shark 6 Unlocked Android Phones 5G (2025), Android 15 Cell Phone Unlocked, 6.88"" 120Hz Display, 24GB+128GB/2TB, 16MP+8MP AI Camera, 5000mAh/18W,Fingerprint/Face ID,Dual SIM/GPS/OTG/NFC,Blac",5G Unlocked Phones,5.0,No title,good phone too bad it's not 5g can't get full service cuz of the 5G keep disappearing off the phone and now I can't return it but it is a good phone don't get me wrong it handles everything to move that just need to fix that one hiccup on this phone,2/14/2026,True,0.0,0.0,Rohan,English,Walmart,bazaarvoice
5983644456,"Blackview Shark 6 Unlocked Android Phones 5G (2025), Android 15 Cell Phone Unlocked, 6.88"" 120Hz Display, 24GB+128GB/2TB, 16MP+8MP AI Camera, 5000mAh/18W,Fingerprint/Face ID,Dual SIM/GPS/OTG/NFC,Blac",Cell Phones,shenzhenshirunheshengkejiyouxiangongsi,658BD8DE38924927947D73C47253963F,119.99,IN_STOCK,3.5,36,/ip/Unlocked-Cell-Phones-Blackview-Shark-6-120Hz-Unlocked-Smartphones-128GB-ROM-8GB-RAM-T-Mobile-Android-15-Phone-6-88-5G-Dual-SIM-Gray/5983644456,"Blackview Shark 6 Unlocked Android Phones 5G (2025), Android 15 Cell Phone Unlocked, 6.88"" 120Hz Display, 24GB+128GB/2TB, 16MP+8MP AI Camera, 5000mAh/18W,Fingerprint/Face ID,Dual SIM/GPS/OTG/NFC,Blac",5G Unlocked Phones,5.0,No title,"its bang for your buck. ive had my last two phones, Samsung s22  ultra 1500.00 green screen,  and my last one 899.00 s22 green screen.",4/28/2026,True,0.0,0.0,DONNA,English,Walmart,bazaarvoice
5983644456,"Blackview Shark 6 Unlocked Android Phones 5G (2025), Android 15 Cell Phone Unlocked, 6.88"" 120Hz Display, 24GB+128GB/2TB, 16MP+8MP AI Camera, 5000mAh/18W,Fingerprint/Face ID,Dual SIM/GPS/OTG/NFC,Blac",Cell Phones,shenzhenshirunheshengkejiyouxiangongsi,658BD8DE38924927947D73C47253963F,119.99,IN_STOCK,3.5,36,/ip/Unlocked-Cell-Phones-Blackview-Shark-6-120Hz-Unlocked-Smartphones-128GB-ROM-8GB-RAM-T-Mobile-Android-15-Phone-6-88-5G-Dual-SIM-Gray/5983644456,"Blackview Shark 6 Unlocked Android Phones 5G (2025), Android 15 Cell Phone Unlocked, 6.88"" 120Hz Display, 24GB+128GB/2TB, 16MP+8MP AI Camera, 5000mAh/18W,Fingerprint/Face ID,Dual SIM/GPS/OTG/NFC,Blac",5G Unlocked Phones,5.0,decent phone,Decent for the price thanks,04-01-2026,No recommendation,0.0,0.0,Erica,English,Walmart,bazaarvoice
5983644456,"Blackview Shark 6 Unlocked Android Phones 5G (2025), Android 15 Cell Phone Unlocked, 6.88"" 120Hz Display, 24GB+128GB/2TB, 16MP+8MP AI Camera, 5000mAh/18W,Fingerprint/Face ID,Dual SIM/GPS/OTG/NFC,Blac",Cell Phones,shenzhenshirunheshengkejiyouxiangongsi,658BD8DE38924927947D73C47253963F,119.99,IN_STOCK,3.5,36,/ip/Unlocked-Cell-Phones-Blackview-Shark-6-120Hz-Unlocked-Smartphones-128GB-ROM-8GB-RAM-T-Mobile-Android-15-Phone-6-88-5G-Dual-SIM-Gray/5983644456,"Blackview Shark 6 Unlocked Android Phones 5G (2025), Android 15 Cell Phone Unlocked, 6.88"" 120Hz Display, 24GB+128GB/2TB, 16MP+8MP AI Camera, 5000mAh/18W,Fingerprint/Face ID,Dual SIM/GPS/OTG/NFC,Blac",5G Unlocked Phones,5.0,No title,Good price,02-03-2026,True,0.0,0.0,David,English,Walmart,bazaarvoice
5983644456,"Blackview Shark 6 Unlocked Android Phones 5G (2025), Android 15 Cell Phone Unlocked, 6.88"" 120Hz Display, 24GB+128GB/2TB, 16MP+8MP AI Camera, 5000mAh/18W,Fingerprint/Face ID,Dual SIM/GPS/OTG/NFC,Blac",Cell Phones,shenzhenshirunheshengkejiyouxiangongsi,658BD8DE38924927947D73C47253963F,119.99,IN_STOCK,3.5,36,/ip/Unlocked-Cell-Phones-Blackview-Shark-6-120Hz-Unlocked-Smartphones-128GB-ROM-8GB-RAM-T-Mobile-Android-15-Phone-6-88-5G-Dual-SIM-Gray/5983644456,"Blackview Shark 6 Unlocked Android Phones 5G (2025), Android 15 Cell Phone Unlocked, 6.88"" 120Hz Display, 24GB+128GB/2TB, 16MP+8MP AI Camera, 5000mAh/18W,Fingerprint/Face ID,Dual SIM/GPS/OTG/NFC,Blac",5G Unlocked Phones,3.0,Great price for the money.,No Reviews..,10/14/2025,True,0.0,0.0,Wendy,English,Walmart,bazaarvoice
5983644456,"Blackview Shark 6 Unlocked Android Phones 5G (2025), Android 15 Cell Phone Unlocked, 6.88"" 120Hz Display, 24GB+128GB/2TB, 16MP+8MP AI Camera, 5000mAh/18W,Fingerprint/Face ID,Dual SIM/GPS/OTG/NFC,Blac",Cell Phones,shenzhenshirunheshengkejiyouxiangongsi,658BD8DE38924927947D73C47253963F,119.99,IN_STOCK,3.5,36,/ip/Unlocked-Cell-Phones-Blackview-Shark-6-120Hz-Unlocked-Smartphones-128GB-ROM-8GB-RAM-T-Mobile-Android-15-Phone-6-88-5G-Dual-SIM-Gray/5983644456,"Blackview Shark 6 Unlocked Android Phones 5G (2025), Android 15 Cell Phone Unlocked, 6.88"" 120Hz Display, 24GB+128GB/2TB, 16MP+8MP AI Camera, 5000mAh/18W,Fingerprint/Face ID,Dual SIM/GPS/OTG/NFC,Blac",5G Unlocked Phones,3.0,No title,My sound stop working only way I could hear sounds is to plug my earphones in,8/19/2022,False,2.0,0.0,Kim,English,unknown,bazaarvoice
5983644456,"Blackview Shark 6 Unlocked Android Phones 5G (2025), Android 15 Cell Phone Unlocked, 6.88"" 120Hz Display, 24GB+128GB/2TB, 16MP+8MP AI Camera, 5000mAh/18W,Fingerprint/Face ID,Dual SIM/GPS/OTG/NFC,Blac",Cell Phones,shenzhenshirunheshengkejiyouxiangongsi,658BD8DE38924927947D73C47253963F,119.99,IN_STOCK,3.5,36,/ip/Unlocked-Cell-Phones-Blackview-Shark-6-120Hz-Unlocked-Smartphones-128GB-ROM-8GB-RAM-T-Mobile-Android-15-Phone-6-88-5G-Dual-SIM-Gray/5983644456,"Blackview Shark 6 Unlocked Android Phones 5G (2025), Android 15 Cell Phone Unlocked, 6.88"" 120Hz Display, 24GB+128GB/2TB, 16MP+8MP AI Camera, 5000mAh/18W,Fingerprint/Face ID,Dual SIM/GPS/OTG/NFC,Blac",5G Unlocked Phones,2.0,Looks can be deceiving,It's a decent cheap phone but nothing like advertised,12-12-2025,No recommendation,0.0,0.0,Dakota,English,Walmart,bazaarvoice
5983644456,"Blackview Shark 6 Unlocked Android Phones 5G (2025), Android 15 Cell Phone Unlocked, 6.88"" 120Hz Display, 24GB+128GB/2TB, 16MP+8MP AI Camera, 5000mAh/18W,Fingerprint/Face ID,Dual SIM/GPS/OTG/NFC,Blac",Cell Phones,shenzhenshirunheshengkejiyouxiangongsi,658BD8DE38924927947D73C47253963F,119.99,IN_STOCK,3.5,36,/ip/Unlocked-Cell-Phones-Blackview-Shark-6-120Hz-Unlocked-Smartphones-128GB-ROM-8GB-RAM-T-Mobile-Android-15-Phone-6-88-5G-Dual-SIM-Gray/5983644456,"Blackview Shark 6 Unlocked Android Phones 5G (2025), Android 15 Cell Phone Unlocked, 6.88"" 120Hz Display, 24GB+128GB/2TB, 16MP+8MP AI Camera, 5000mAh/18W,Fingerprint/Face ID,Dual SIM/GPS/OTG/NFC,Blac",5G Unlocked Phones,1.0,"You pay cheap, you get cheap (read)...","Probably THE most ""unstable"" phone i have encountered in the last 10 years. It constantly reboots/freezes when using it's own (and this is scary) built-in apps. It's own app, supposidly made ""specifically"" for this phone, crash it. WOW, talk about BAD. Most of it's other functions are decent. It's low 720 resolution is very unimpressive and it's camera is decent but it gets jittery when doing other things it should BREEZE through. Mediocre bluetooth handling. Mediocre file system workings. It's the jittery instability that COMPLETELY ""sank"" this phone for me.",11-08-2025,False,0.0,0.0,Unknown,English,Walmart,bazaarvoice
5983644456,"Blackview Shark 6 Unlocked Android Phones 5G (2025), Android 15 Cell Phone Unlocked, 6.88"" 120Hz Display, 24GB+128GB/2TB, 16MP+8MP AI Camera, 5000mAh/18W,Fingerprint/Face ID,Dual SIM/GPS/OTG/NFC,Blac",Cell Phones,shenzhenshirunheshengkejiyouxiangongsi,658BD8DE38924927947D73C47253963F,119.99,IN_STOCK,3.5,36,/ip/Unlocked-Cell-Phones-Blackview-Shark-6-120Hz-Unlocked-Smartphones-128GB-ROM-8GB-RAM-T-Mobile-Android-15-Phone-6-88-5G-Dual-SIM-Gray/5983644456,"Blackview Shark 6 Unlocked Android Phones 5G (2025), Android 15 Cell Phone Unlocked, 6.88"" 120Hz Display, 24GB+128GB/2TB, 16MP+8MP AI Camera, 5000mAh/18W,Fingerprint/Face ID,Dual SIM/GPS/OTG/NFC,Blac",5G Unlocked Phones,1.0,Not worth the price,The phone is very laggy and sometimes it doesn't even recognize the code I created until restarted. It should have been a $50 or less phine with how it performs.,7/30/2023,No recommendation,3.0,0.0,Lcannon0236744,English,unknown,bazaarvoice
5983644456,"Blackview Shark 6 Unlocked Android Phones 5G (2025), Android 15 Cell Phone Unlocked, 6.88"" 120Hz Display, 24GB+128GB/2TB, 16MP+8MP AI Camera, 5000mAh/18W,Fingerprint/Face ID,Dual SIM/GPS/OTG/NFC,Blac",Cell Phones,shenzhenshirunheshengkejiyouxiangongsi,658BD8DE38924927947D73C47253963F,119.99,IN_STOCK,3.5,36,/ip/Unlocked-Cell-Phones-Blackview-Shark-6-120Hz-Unlocked-Smartphones-128GB-ROM-8GB-RAM-T-Mobile-Android-15-Phone-6-88-5G-Dual-SIM-Gray/5983644456,"Blackview Shark 6 Unlocked Android Phones 5G (2025), Android 15 Cell Phone Unlocked, 6.88"" 120Hz Display, 24GB+128GB/2TB, 16MP+8MP AI Camera, 5000mAh/18W,Fingerprint/Face ID,Dual SIM/GPS/OTG/NFC,Blac",5G Unlocked Phones,1.0,terrible!!!!,i just received my phone yesterday and today im having nothing but problems... none of my apps were working not even the phone app i had to restart my phone... not good the battery life is harrible i got up at 6 am by 10 am the phone is dead by 3 pm its only charged to 25% horrible charging abilitie,9/30/2023,No recommendation,1.0,1.0,Billie,English,unknown,bazaarvoice
518919373,"Samsung Galaxy A03s Cell Phone, Factory Unlocked Android Smartphone, 32GB, 3 Camera Lenses, Infinity Display Screen, Long Battery Life, Expandable Storage, US Version, Black",Cell Phones,Accipio technologies Inc,03743A66B9384C869C23D8DC4C6EAB59,92.99,IN_STOCK,4.2,1851,/ip/Samsung-Galaxy-A03s-Cell-Phone-Factory-Unlocked-Android-Smartphone-32GB-3-Camera-Lenses-Infinity-Display-Screen-Long-Battery-Life-Expandable-Storage/518919373,"Samsung Galaxy A03s Cell Phone, Factory Unlocked Android Smartphone, 32GB, 3 Camera Lenses, Infinity Display Screen, Long Battery Life, Expandable Storage, US Version, Black",All Samsung Galaxy Unlocked Phones,5.0,Indestructible,"[This review was collected as part of a promotion.] It doesn't matter which one of the Samsung phones you have they all are built fantastic! From the from the sturdy build,to the fact that it's able to go from app to app so fast ,is one of the reasons I stay and continue to use Samsung products.",8/27/2023,No recommendation,0.0,0.0,Ladybug67,English,unknown,bazaarvoice
518919373,"Samsung Galaxy A03s Cell Phone, Factory Unlocked Android Smartphone, 32GB, 3 Camera Lenses, Infinity Display Screen, Long Battery Life, Expandable Storage, US Version, Black",Cell Phones,Accipio technologies Inc,03743A66B9384C869C23D8DC4C6EAB59,92.99,IN_STOCK,4.2,1851,/ip/Samsung-Galaxy-A03s-Cell-Phone-Factory-Unlocked-Android-Smartphone-32GB-3-Camera-Lenses-Infinity-Display-Screen-Long-Battery-Life-Expandable-Storage/518919373,"Samsung Galaxy A03s Cell Phone, Factory Unlocked Android Smartphone, 32GB, 3 Camera Lenses, Infinity Display Screen, Long Battery Life, Expandable Storage, US Version, Black",All Samsung Galaxy Unlocked Phones,5.0,Galaxy AO2,[This review was collected as part of a promotion.] It is a great phone have no problems or issues out of it. Had one for over 2 years no problems just a great phone. Be trustworthy this would be the fun you need to go with. Never had a iPhone in my life but this is like my iPhone out of an Android.,2/26/2023,No recommendation,0.0,0.0,Slutton69247,English,unknown,bazaarvoice
518919373,"Samsung Galaxy A03s Cell Phone, Factory Unlocked Android Smartphone, 32GB, 3 Camera Lenses, Infinity Display Screen, Long Battery Life, Expandable Storage, US Version, Black",Cell Phones,Accipio technologies Inc,03743A66B9384C869C23D8DC4C6EAB59,92.99,IN_STOCK,4.2,1851,/ip/Samsung-Galaxy-A03s-Cell-Phone-Factory-Unlocked-Android-Smartphone-32GB-3-Camera-Lenses-Infinity-Display-Screen-Long-Battery-Life-Expandable-Storage/518919373,"Samsung Galaxy A03s Cell Phone, Factory Unlocked Android Smartphone, 32GB, 3 Camera Lenses, Infinity Display Screen, Long Battery Life, Expandable Storage, US Version, Black",All Samsung Galaxy Unlocked Phones,5.0,Great for Dashing,[This review was collected as part of a promotion.] I use my device to Door Dash part time and it works very well for this application. I also use it to watch news and other YouTube videos in between times when I receive customer orders and it switches easily from one task to another. I'm very happy so far with this product.,12/13/2023,No recommendation,0.0,0.0,Dash2You,English,unknown,bazaarvoice
518919373,"Samsung Galaxy A03s Cell Phone, Factory Unlocked Android Smartphone, 32GB, 3 Camera Lenses, Infinity Display Screen, Long Battery Life, Expandable Storage, US Version, Black",Cell Phones,Accipio technologies Inc,03743A66B9384C869C23D8DC4C6EAB59,92.99,IN_STOCK,4.2,1851,/ip/Samsung-Galaxy-A03s-Cell-Phone-Factory-Unlocked-Android-Smartphone-32GB-3-Camera-Lenses-Infinity-Display-Screen-Long-Battery-Life-Expandable-Storage/518919373,"Samsung Galaxy A03s Cell Phone, Factory Unlocked Android Smartphone, 32GB, 3 Camera Lenses, Infinity Display Screen, Long Battery Life, Expandable Storage, US Version, Black",All Samsung Galaxy Unlocked Phones,5.0,Great features,"[This review was collected as part of a promotion.] I love how on the Samsung phones we can do different fonts, also we are able to do Samsung health on these phones. Since we are able to have Samsung health it is easier for me to track my health and my fitness.",12/27/2023,No recommendation,0.0,0.0,KadenLAllen02,English,unknown,bazaarvoice
518919373,"Samsung Galaxy A03s Cell Phone, Factory Unlocked Android Smartphone, 32GB, 3 Camera Lenses, Infinity Display Screen, Long Battery Life, Expandable Storage, US Version, Black",Cell Phones,Accipio technologies Inc,03743A66B9384C869C23D8DC4C6EAB59,92.99,IN_STOCK,4.2,1851,/ip/Samsung-Galaxy-A03s-Cell-Phone-Factory-Unlocked-Android-Smartphone-32GB-3-Camera-Lenses-Infinity-Display-Screen-Long-Battery-Life-Expandable-Storage/518919373,"Samsung Galaxy A03s Cell Phone, Factory Unlocked Android Smartphone, 32GB, 3 Camera Lenses, Infinity Display Screen, Long Battery Life, Expandable Storage, US Version, Black",All Samsung Galaxy Unlocked Phones,5.0,Samsung products are top of the line!!,"[This review was collected as part of a promotion.] Samsung has the widest variety of devices and features, so that way you don't ever have to pay for more than what you need. Their products are always fast and responsive, and they work in sync like magic! I always choose Samsung for my devices I couldn't have it any other way. No one else compares by a long shot, they're the best in the industry.",11/17/2023,No recommendation,0.0,0.0,Samfan0347,English,unknown,bazaarvoice
518919373,"Samsung Galaxy A03s Cell Phone, Factory Unlocked Android Smartphone, 32GB, 3 Camera Lenses, Infinity Display Screen, Long Battery Life, Expandable Storage, US Version, Black",Cell Phones,Accipio technologies Inc,03743A66B9384C869C23D8DC4C6EAB59,92.99,IN_STOCK,4.2,1851,/ip/Samsung-Galaxy-A03s-Cell-Phone-Factory-Unlocked-Android-Smartphone-32GB-3-Camera-Lenses-Infinity-Display-Screen-Long-Battery-Life-Expandable-Storage/518919373,"Samsung Galaxy A03s Cell Phone, Factory Unlocked Android Smartphone, 32GB, 3 Camera Lenses, Infinity Display Screen, Long Battery Life, Expandable Storage, US Version, Black",All Samsung Galaxy Unlocked Phones,5.0,I have loved every Samsung phone I have ever had,"[This review was collected as part of a promotion.] I use it for everything: mirror for makeup, Pinterest for home decor and such, research is my hobby so I use Google assistant daily, and also I do my online college courses on my phone. I love it for everything! Even PowerPoint and writing academic papers.",08-12-2023,No recommendation,0.0,0.0,DuckieDuck,English,unknown,bazaarvoice
518919373,"Samsung Galaxy A03s Cell Phone, Factory Unlocked Android Smartphone, 32GB, 3 Camera Lenses, Infinity Display Screen, Long Battery Life, Expandable Storage, US Version, Black",Cell Phones,Accipio technologies Inc,03743A66B9384C869C23D8DC4C6EAB59,92.99,IN_STOCK,4.2,1851,/ip/Samsung-Galaxy-A03s-Cell-Phone-Factory-Unlocked-Android-Smartphone-32GB-3-Camera-Lenses-Infinity-Display-Screen-Long-Battery-Life-Expandable-Storage/518919373,"Samsung Galaxy A03s Cell Phone, Factory Unlocked Android Smartphone, 32GB, 3 Camera Lenses, Infinity Display Screen, Long Battery Life, Expandable Storage, US Version, Black",All Samsung Galaxy Unlocked Phones,4.0,This is my first samsung phone,[This review was collected as part of a promotion.] So far I like this phone and haven't had any issues using it. I've only had it about a month now and haven't really had the chance to explore all of the features or learn much about it but I will slowly when I'm able to. Maybe after getting more used to samsung phones I might upgrade to a newer phone. But for now I like it.,09-03-2023,No recommendation,0.0,0.0,MsWicked,English,unknown,bazaarvoice
518919373,"Samsung Galaxy A03s Cell Phone, Factory Unlocked Android Smartphone, 32GB, 3 Camera Lenses, Infinity Display Screen, Long Battery Life, Expandable Storage, US Version, Black",Cell Phones,Accipio technologies Inc,03743A66B9384C869C23D8DC4C6EAB59,92.99,IN_STOCK,4.2,1851,/ip/Samsung-Galaxy-A03s-Cell-Phone-Factory-Unlocked-Android-Smartphone-32GB-3-Camera-Lenses-Infinity-Display-Screen-Long-Battery-Life-Expandable-Storage/518919373,"Samsung Galaxy A03s Cell Phone, Factory Unlocked Android Smartphone, 32GB, 3 Camera Lenses, Infinity Display Screen, Long Battery Life, Expandable Storage, US Version, Black",All Samsung Galaxy Unlocked Phones,4.0,Samsung galaxy A03s,[This review was collected as part of a promotion.] This is my first time using this phone  I never had a galaxy or any Samsung product but since I kept shattering the screen on my other phones I wanted something different  and so far it's  a pretty good choice I have made and I also found  a caes for it as well  I would  tell all my friends if any ask to get a Samsung  is the best android phone I have ever had,2/26/2023,No recommendation,0.0,0.0,Kikiblues,English,unknown,bazaarvoice
518919373,"Samsung Galaxy A03s Cell Phone, Factory Unlocked Android Smartphone, 32GB, 3 Camera Lenses, Infinity Display Screen, Long Battery Life, Expandable Storage, US Version, Black",Cell Phones,Accipio technologies Inc,03743A66B9384C869C23D8DC4C6EAB59,92.99,IN_STOCK,4.2,1851,/ip/Samsung-Galaxy-A03s-Cell-Phone-Factory-Unlocked-Android-Smartphone-32GB-3-Camera-Lenses-Infinity-Display-Screen-Long-Battery-Life-Expandable-Storage/518919373,"Samsung Galaxy A03s Cell Phone, Factory Unlocked Android Smartphone, 32GB, 3 Camera Lenses, Infinity Display Screen, Long Battery Life, Expandable Storage, US Version, Black",All Samsung Galaxy Unlocked Phones,5.0,This phone is amazing,"[This review was collected as part of a promotion.] When I got outta prison I didn't know how to ooerate a phone but when I got the galaxy A03...it was the phone itself that made it easy to learn from my zoom meetings to watching my favorite fishing shows on hulu...but the safety feature I love most is the fingerprint scan to use my credit cards....thats the best safety option for anyone in my opinion....I never thought I'd be able to use this phone for my everyday needs...work, class,fishing, recording music,and so much more...",8/21/2023,No recommendation,0.0,0.0,OGZCW873,English,unknown,bazaarvoice
518919373,"Samsung Galaxy A03s Cell Phone, Factory Unlocked Android Smartphone, 32GB, 3 Camera Lenses, Infinity Display Screen, Long Battery Life, Expandable Storage, US Version, Black",Cell Phones,Accipio technologies Inc,03743A66B9384C869C23D8DC4C6EAB59,92.99,IN_STOCK,4.2,1851,/ip/Samsung-Galaxy-A03s-Cell-Phone-Factory-Unlocked-Android-Smartphone-32GB-3-Camera-Lenses-Infinity-Display-Screen-Long-Battery-Life-Expandable-Storage/518919373,"Samsung Galaxy A03s Cell Phone, Factory Unlocked Android Smartphone, 32GB, 3 Camera Lenses, Infinity Display Screen, Long Battery Life, Expandable Storage, US Version, Black",All Samsung Galaxy Unlocked Phones,5.0,Can't beat the price for the quality,[This review was collected as part of a promotion.] For such a low cost price this phone runs better than any other brand compared to the same price range. You can also find this same phone at all different carriers with all different plans so you'll be able to find whatever matches your needs and wants.,12/13/2023,No recommendation,0.0,0.0,Weezymeee,English,unknown,bazaarvoice
518919373,"Samsung Galaxy A03s Cell Phone, Factory Unlocked Android Smartphone, 32GB, 3 Camera Lenses, Infinity Display Screen, Long Battery Life, Expandable Storage, US Version, Black",Cell Phones,Accipio technologies Inc,03743A66B9384C869C23D8DC4C6EAB59,92.99,IN_STOCK,4.2,1851,/ip/Samsung-Galaxy-A03s-Cell-Phone-Factory-Unlocked-Android-Smartphone-32GB-3-Camera-Lenses-Infinity-Display-Screen-Long-Battery-Life-Expandable-Storage/518919373,"Samsung Galaxy A03s Cell Phone, Factory Unlocked Android Smartphone, 32GB, 3 Camera Lenses, Infinity Display Screen, Long Battery Life, Expandable Storage, US Version, Black",All Samsung Galaxy Unlocked Phones,5.0,My Samsung AO3,"[This review was collected as part of a promotion.] I wasn't sure if I was going to like my device at first but I love it! I use mine not only for calls and text but also for streaming, social media, music and pictures. I am very pleased with it because it does as well as some of my friends more expensive devices. I honestly don't have any complaints bc anything I need to do I have been able to do so on this device.  I like it so well that when I dropped my first one in the driveway and run over it I replaced it with the same device! I would recommend it to anyone",11/13/2023,No recommendation,0.0,0.0,TiedyeHippie,English,unknown,bazaarvoice
518919373,"Samsung Galaxy A03s Cell Phone, Factory Unlocked Android Smartphone, 32GB, 3 Camera Lenses, Infinity Display Screen, Long Battery Life, Expandable Storage, US Version, Black",Cell Phones,Accipio technologies Inc,03743A66B9384C869C23D8DC4C6EAB59,92.99,IN_STOCK,4.2,1851,/ip/Samsung-Galaxy-A03s-Cell-Phone-Factory-Unlocked-Android-Smartphone-32GB-3-Camera-Lenses-Infinity-Display-Screen-Long-Battery-Life-Expandable-Storage/518919373,"Samsung Galaxy A03s Cell Phone, Factory Unlocked Android Smartphone, 32GB, 3 Camera Lenses, Infinity Display Screen, Long Battery Life, Expandable Storage, US Version, Black",All Samsung Galaxy Unlocked Phones,4.0,Honest review,"[This review was collected as part of a promotion.] Overall I would give my galaxy 03s and good rating, but it should be great given the Samsung name. My only complaints with my device are the internal storage, being that when u buy the phone it doesn't leave you much space unless you insert a SD card. The only other thing is, it does run a little slow compared to other phones I've had from different makers. Other than those 2 things it works and does as it should for any phone in its price range.",12-12-2023,No recommendation,0.0,0.0,Cwalls,English,unknown,bazaarvoice
518919373,"Samsung Galaxy A03s Cell Phone, Factory Unlocked Android Smartphone, 32GB, 3 Camera Lenses, Infinity Display Screen, Long Battery Life, Expandable Storage, US Version, Black",Cell Phones,Accipio technologies Inc,03743A66B9384C869C23D8DC4C6EAB59,92.99,IN_STOCK,4.2,1851,/ip/Samsung-Galaxy-A03s-Cell-Phone-Factory-Unlocked-Android-Smartphone-32GB-3-Camera-Lenses-Infinity-Display-Screen-Long-Battery-Life-Expandable-Storage/518919373,"Samsung Galaxy A03s Cell Phone, Factory Unlocked Android Smartphone, 32GB, 3 Camera Lenses, Infinity Display Screen, Long Battery Life, Expandable Storage, US Version, Black",All Samsung Galaxy Unlocked Phones,5.0,Fast and reliable samsung smart phone A03s.,"[This review was collected as part of a promotion.] My samsung galaxy A03s is fast connecting an very reliable for any use. The quality is very outstanding, the animations are very smooth. I'm inlove with the camera quality, I play my video games smooth without any logging.",12-12-2023,No recommendation,0.0,0.0,Tashie,English,unknown,bazaarvoice
518919373,"Samsung Galaxy A03s Cell Phone, Factory Unlocked Android Smartphone, 32GB, 3 Camera Lenses, Infinity Display Screen, Long Battery Life, Expandable Storage, US Version, Black",Cell Phones,Accipio technologies Inc,03743A66B9384C869C23D8DC4C6EAB59,92.99,IN_STOCK,4.2,1851,/ip/Samsung-Galaxy-A03s-Cell-Phone-Factory-Unlocked-Android-Smartphone-32GB-3-Camera-Lenses-Infinity-Display-Screen-Long-Battery-Life-Expandable-Storage/518919373,"Samsung Galaxy A03s Cell Phone, Factory Unlocked Android Smartphone, 32GB, 3 Camera Lenses, Infinity Display Screen, Long Battery Life, Expandable Storage, US Version, Black",All Samsung Galaxy Unlocked Phones,5.0,This phone is great for everyday use.,"[This review was collected as part of a promotion.] I use my phone daily for work, gaming, streaming music, movies, etc..... 
It works great could use a better camera because I love taking pictures also definitely needs more space I am constantly having to delete things because the os takes up so much space there isn't very much space for much else.",8/21/2023,No recommendation,0.0,0.0,Angel6979,English,unknown,bazaarvoice
518919373,"Samsung Galaxy A03s Cell Phone, Factory Unlocked Android Smartphone, 32GB, 3 Camera Lenses, Infinity Display Screen, Long Battery Life, Expandable Storage, US Version, Black",Cell Phones,Accipio technologies Inc,03743A66B9384C869C23D8DC4C6EAB59,92.99,IN_STOCK,4.2,1851,/ip/Samsung-Galaxy-A03s-Cell-Phone-Factory-Unlocked-Android-Smartphone-32GB-3-Camera-Lenses-Infinity-Display-Screen-Long-Battery-Life-Expandable-Storage/518919373,"Samsung Galaxy A03s Cell Phone, Factory Unlocked Android Smartphone, 32GB, 3 Camera Lenses, Infinity Display Screen, Long Battery Life, Expandable Storage, US Version, Black",All Samsung Galaxy Unlocked Phones,5.0,Great phone,"[This review was collected as part of a promotion.] I absolutely love this phone, I can stream, make videos using the awesome camera and it has a multitude of storage for photos and videos. It's lightweight and easily fits in my pocket. The volume is excellent t for watching YouTube and listening to music on my streaming apps.",11/13/2023,No recommendation,0.0,0.0,Slove36,English,unknown,bazaarvoice
518919373,"Samsung Galaxy A03s Cell Phone, Factory Unlocked Android Smartphone, 32GB, 3 Camera Lenses, Infinity Display Screen, Long Battery Life, Expandable Storage, US Version, Black",Cell Phones,Accipio technologies Inc,03743A66B9384C869C23D8DC4C6EAB59,92.99,IN_STOCK,4.2,1851,/ip/Samsung-Galaxy-A03s-Cell-Phone-Factory-Unlocked-Android-Smartphone-32GB-3-Camera-Lenses-Infinity-Display-Screen-Long-Battery-Life-Expandable-Storage/518919373,"Samsung Galaxy A03s Cell Phone, Factory Unlocked Android Smartphone, 32GB, 3 Camera Lenses, Infinity Display Screen, Long Battery Life, Expandable Storage, US Version, Black",All Samsung Galaxy Unlocked Phones,2.0,Just blahhhh,"[This review was collected as part of a promotion.] I use my Galaxy A03 as a Second phone. 
Do not recomend. This phone is the slowest, bug infested galaxy device i have evere used. Constantly having to restart or wait. The phone is basically useless. I would be better off without it.",09-11-2023,No recommendation,0.0,0.0,MamaRat,English,unknown,bazaarvoice
518919373,"Samsung Galaxy A03s Cell Phone, Factory Unlocked Android Smartphone, 32GB, 3 Camera Lenses, Infinity Display Screen, Long Battery Life, Expandable Storage, US Version, Black",Cell Phones,Accipio technologies Inc,03743A66B9384C869C23D8DC4C6EAB59,92.99,IN_STOCK,4.2,1851,/ip/Samsung-Galaxy-A03s-Cell-Phone-Factory-Unlocked-Android-Smartphone-32GB-3-Camera-Lenses-Infinity-Display-Screen-Long-Battery-Life-Expandable-Storage/518919373,"Samsung Galaxy A03s Cell Phone, Factory Unlocked Android Smartphone, 32GB, 3 Camera Lenses, Infinity Display Screen, Long Battery Life, Expandable Storage, US Version, Black",All Samsung Galaxy Unlocked Phones,3.0,OK phone for starters,"[This review was collected as part of a promotion.] I use my phone for streaming my online subscription services, basic emails, web browsing and school work. Performance is a bit lagging but gets what I need to get done done. If you are an extreme gamer or like to run data intense or memory intense apps I would suggest probably going for a different model.",8/26/2023,No recommendation,0.0,0.0,Dootzie,English,unknown,bazaarvoice
518919373,"Samsung Galaxy A03s Cell Phone, Factory Unlocked Android Smartphone, 32GB, 3 Camera Lenses, Infinity Display Screen, Long Battery Life, Expandable Storage, US Version, Black",Cell Phones,Accipio technologies Inc,03743A66B9384C869C23D8DC4C6EAB59,92.99,IN_STOCK,4.2,1851,/ip/Samsung-Galaxy-A03s-Cell-Phone-Factory-Unlocked-Android-Smartphone-32GB-3-Camera-Lenses-Infinity-Display-Screen-Long-Battery-Life-Expandable-Storage/518919373,"Samsung Galaxy A03s Cell Phone, Factory Unlocked Android Smartphone, 32GB, 3 Camera Lenses, Infinity Display Screen, Long Battery Life, Expandable Storage, US Version, Black",All Samsung Galaxy Unlocked Phones,5.0,I can use to talk to family far away,[This review was collected as part of a promotion.] I like this phone so much.all of my family live in different areas  far away. I don't own a car.so when I'm missing one of them or they need to call me about something bad happening. I have this phone.,12/24/2022,True,0.0,0.0,FAM1,English,unknown,bazaarvoice
518919373,"Samsung Galaxy A03s Cell Phone, Factory Unlocked Android Smartphone, 32GB, 3 Camera Lenses, Infinity Display Screen, Long Battery Life, Expandable Storage, US Version, Black",Cell Phones,Accipio technologies Inc,03743A66B9384C869C23D8DC4C6EAB59,92.99,IN_STOCK,4.2,1851,/ip/Samsung-Galaxy-A03s-Cell-Phone-Factory-Unlocked-Android-Smartphone-32GB-3-Camera-Lenses-Infinity-Display-Screen-Long-Battery-Life-Expandable-Storage/518919373,"Samsung Galaxy A03s Cell Phone, Factory Unlocked Android Smartphone, 32GB, 3 Camera Lenses, Infinity Display Screen, Long Battery Life, Expandable Storage, US Version, Black",All Samsung Galaxy Unlocked Phones,5.0,Samsung products are top of the line!!,"[This review was collected as part of a promotion.] Samsung has the widest variety of devices and features, so that way you don't ever have to pay for more than what you need. Their products are always fast and responsive, and they work in sync like magic! I always choose Samsung for my devices I couldn't have it any other way. No one else compares by a long shot, they're the best in the industry.",11/17/2023,No recommendation,0.0,0.0,Samfan0347,English,unknown,bazaarvoice
518919373,"Samsung Galaxy A03s Cell Phone, Factory Unlocked Android Smartphone, 32GB, 3 Camera Lenses, Infinity Display Screen, Long Battery Life, Expandable Storage, US Version, Black",Cell Phones,Accipio technologies Inc,03743A66B9384C869C23D8DC4C6EAB59,92.99,IN_STOCK,4.2,1851,/ip/Samsung-Galaxy-A03s-Cell-Phone-Factory-Unlocked-Android-Smartphone-32GB-3-Camera-Lenses-Infinity-Display-Screen-Long-Battery-Life-Expandable-Storage/518919373,"Samsung Galaxy A03s Cell Phone, Factory Unlocked Android Smartphone, 32GB, 3 Camera Lenses, Infinity Display Screen, Long Battery Life, Expandable Storage, US Version, Black",All Samsung Galaxy Unlocked Phones,5.0,I have loved every Samsung phone I have ever had,"[This review was collected as part of a promotion.] I use it for everything: mirror for makeup, Pinterest for home decor and such, research is my hobby so I use Google assistant daily, and also I do my online college courses on my phone. I love it for everything! Even PowerPoint and writing academic papers.",08-12-2023,No recommendation,0.0,0.0,DuckieDuck,English,unknown,bazaarvoice
17190919230,Bolt 5G | Dual SIM | Unlocked Smartphone |IP64 | Android 15 | 2 Day Battery | 6.75” HD+ 120Hz Display | 4GB+8GB VRAM | 128GB Storage | 50MP Dual Camera | Fingerprint | Black,Cell Phones,Parktel USA,EFC746395FFE45D4BB9AB5670EE4320B,169.99,IN_STOCK,5.0,1,/ip/Bolt-5G-Dual-SIM-Unlocked-Smartphone-IP64-Android-15-2-Day-Battery-6-75-HD-120Hz-Display-4GB-8GB-VRAM-128GB-Storage-50MP-Dual-Camera-Fingerprint-Blac/17190919230,Bolt 5G | Dual SIM | Unlocked Smartphone |IP64 | Android 15 | 2 Day Battery | 6.75” HD+ 120Hz Display | 4GB+8GB VRAM | 128GB Storage | 50MP Dual Camera | Fingerprint | Black,5G Unlocked Phones,5.0,No title,"The phone has lots of features for a good price. It works great for me. It comes with all accessories, including a case. I like that it has a mic jack too.",05-05-2026,True,0.0,0.0,Rui,English,Walmart,bazaarvoice
5243895448,"Straight Talk Moto G Play 4G 2024, 64GB, Blue - Prepaid Smartphone [Locked to Straight Talk]",Cell Phones,Walmart.com,F55CDC31AB754BB68FE0B39041159D63,29.88,IN_STOCK,4.3,5712,/ip/Straight-Talk-Moto-G-Play-4G-2024-64GB-Blue-Prepaid-Smartphone-Locked-to-Straight-Talk/5243895448,"Straight Talk Moto G Play 4G 2024, 64GB, Blue - Prepaid Smartphone [Locked to Straight Talk]",Prepaid Android phones,5.0,Good phone,I got 2 of these phones for my siblings and I recommend this phone to little kids mostly because of the slowness and it lags a little.,1/30/2026,No recommendation,0.0,0.0,sam,English,Walmart,bazaarvoice
5243895448,"Straight Talk Moto G Play 4G 2024, 64GB, Blue - Prepaid Smartphone [Locked to Straight Talk]",Cell Phones,Walmart.com,F55CDC31AB754BB68FE0B39041159D63,29.88,IN_STOCK,4.3,5712,/ip/Straight-Talk-Moto-G-Play-4G-2024-64GB-Blue-Prepaid-Smartphone-Locked-to-Straight-Talk/5243895448,"Straight Talk Moto G Play 4G 2024, 64GB, Blue - Prepaid Smartphone [Locked to Straight Talk]",Prepaid Android phones,5.0,No title,"Order this for a family member and it came early and in good condition! My family member absolutely loves their new phone, its been an amazing phone so far!",11/25/2024,No recommendation,0.0,0.0,WalmartCustomer,English,unknown,bazaarvoice
5243895448,"Straight Talk Moto G Play 4G 2024, 64GB, Blue - Prepaid Smartphone [Locked to Straight Talk]",Cell Phones,Walmart.com,F55CDC31AB754BB68FE0B39041159D63,29.88,IN_STOCK,4.3,5712,/ip/Straight-Talk-Moto-G-Play-4G-2024-64GB-Blue-Prepaid-Smartphone-Locked-to-Straight-Talk/5243895448,"Straight Talk Moto G Play 4G 2024, 64GB, Blue - Prepaid Smartphone [Locked to Straight Talk]",Prepaid Android phones,5.0,No title,I like the phone very much.  and am happy my first choice wasn't available and i got a way nicer phone with the black friday deals then i would have gotten had the sale not been going on so thank you for offering the black Friday deals,11/16/2024,No recommendation,0.0,0.0,Unknown,English,unknown,bazaarvoice
5243895448,"Straight Talk Moto G Play 4G 2024, 64GB, Blue - Prepaid Smartphone [Locked to Straight Talk]",Cell Phones,Walmart.com,F55CDC31AB754BB68FE0B39041159D63,29.88,IN_STOCK,4.3,5712,/ip/Straight-Talk-Moto-G-Play-4G-2024-64GB-Blue-Prepaid-Smartphone-Locked-to-Straight-Talk/5243895448,"Straight Talk Moto G Play 4G 2024, 64GB, Blue - Prepaid Smartphone [Locked to Straight Talk]",Prepaid Android phones,1.0,No title,Make sure employees actually scan when you pick up. Mine was never scanned. It was a gift and got all the way to Florida and couldn't even use because it's locked.,12-10-2024,No recommendation,0.0,0.0,Holly,English,Walmart,bazaarvoice
5243895448,"Straight Talk Moto G Play 4G 2024, 64GB, Blue - Prepaid Smartphone [Locked to Straight Talk]",Cell Phones,Walmart.com,F55CDC31AB754BB68FE0B39041159D63,29.88,IN_STOCK,4.3,5712,/ip/Straight-Talk-Moto-G-Play-4G-2024-64GB-Blue-Prepaid-Smartphone-Locked-to-Straight-Talk/5243895448,"Straight Talk Moto G Play 4G 2024, 64GB, Blue - Prepaid Smartphone [Locked to Straight Talk]",Prepaid Android phones,1.0,No title,I wasn't able to use the device. The shopper purchased the wrong device. I paid almost $60.00 for a phone that i can not use. Let alone couldn't return.,12-04-2024,No recommendation,0.0,0.0,Coralene,English,Walmart,bazaarvoice
5243895448,"Straight Talk Moto G Play 4G 2024, 64GB, Blue - Prepaid Smartphone [Locked to Straight Talk]",Cell Phones,Walmart.com,F55CDC31AB754BB68FE0B39041159D63,29.88,IN_STOCK,4.3,5712,/ip/Straight-Talk-Moto-G-Play-4G-2024-64GB-Blue-Prepaid-Smartphone-Locked-to-Straight-Talk/5243895448,"Straight Talk Moto G Play 4G 2024, 64GB, Blue - Prepaid Smartphone [Locked to Straight Talk]",Prepaid Android phones,1.0,No title,HATE KEES RESETTING IT SELF AND NOW ITS POSSESSED DON'T WORK AT ALL AND EVERY TIME I GET ONE OF THESE MF I DON'T COMPLAIN BUT THE SCREEN IS ALWAYS CRACKED,9/16/2024,No recommendation,0.0,0.0,YALONDA,English,Walmart,bazaarvoice
5243895448,"Straight Talk Moto G Play 4G 2024, 64GB, Blue - Prepaid Smartphone [Locked to Straight Talk]",Cell Phones,Walmart.com,F55CDC31AB754BB68FE0B39041159D63,29.88,IN_STOCK,4.3,5712,/ip/Straight-Talk-Moto-G-Play-4G-2024-64GB-Blue-Prepaid-Smartphone-Locked-to-Straight-Talk/5243895448,"Straight Talk Moto G Play 4G 2024, 64GB, Blue - Prepaid Smartphone [Locked to Straight Talk]",Prepaid Android phones,1.0,DONT BUY THIS PHONE FROM WALMART DO IT ELSEWHERE,"of course i ignored the didnt scan before shipping reviews. i should've known better and not ordered through walmart. the phones nice though, but now im returning it.",09-03-2024,No recommendation,0.0,0.0,K,English,Walmart,bazaarvoice
5243895448,"Straight Talk Moto G Play 4G 2024, 64GB, Blue - Prepaid Smartphone [Locked to Straight Talk]",Cell Phones,Walmart.com,F55CDC31AB754BB68FE0B39041159D63,29.88,IN_STOCK,4.3,5712,/ip/Straight-Talk-Moto-G-Play-4G-2024-64GB-Blue-Prepaid-Smartphone-Locked-to-Straight-Talk/5243895448,"Straight Talk Moto G Play 4G 2024, 64GB, Blue - Prepaid Smartphone [Locked to Straight Talk]",Prepaid Android phones,1.0,No title,phone wasn't scanned before it was shipped so I will never know how it works.I can't return it in person so it's a loss and a crying shame it happened twice.Stuck with two phones,9/14/2024,No recommendation,0.0,0.0,Unknown,English,unknown,bazaarvoice
5243895448,"Straight Talk Moto G Play 4G 2024, 64GB, Blue - Prepaid Smartphone [Locked to Straight Talk]",Cell Phones,Walmart.com,F55CDC31AB754BB68FE0B39041159D63,29.88,IN_STOCK,4.3,5712,/ip/Straight-Talk-Moto-G-Play-4G-2024-64GB-Blue-Prepaid-Smartphone-Locked-to-Straight-Talk/5243895448,"Straight Talk Moto G Play 4G 2024, 64GB, Blue - Prepaid Smartphone [Locked to Straight Talk]",Prepaid Android phones,1.0,No title,This product was not scanned before they delivered it. Had problems had to return it to the store. Very disappointed I need a new phone now I have to go back to store and buy a new one again.,09-01-2024,No recommendation,0.0,0.0,heather,English,Walmart,bazaarvoice
5243895448,"Straight Talk Moto G Play 4G 2024, 64GB, Blue - Prepaid Smartphone [Locked to Straight Talk]",Cell Phones,Walmart.com,F55CDC31AB754BB68FE0B39041159D63,29.88,IN_STOCK,4.3,5712,/ip/Straight-Talk-Moto-G-Play-4G-2024-64GB-Blue-Prepaid-Smartphone-Locked-to-Straight-Talk/5243895448,"Straight Talk Moto G Play 4G 2024, 64GB, Blue - Prepaid Smartphone [Locked to Straight Talk]",Prepaid Android phones,5.0,Buy it,"I actually bought this phone for my son but when i started setting it up, I decided i wanted it. This phone works better with my smartwatch than the galaxy A15 i had. Yes i just ended up giving my son my galaxy.",02-07-2025,True,0.0,0.0,anonymous,English,Walmart,bazaarvoice
5243895448,"Straight Talk Moto G Play 4G 2024, 64GB, Blue - Prepaid Smartphone [Locked to Straight Talk]",Cell Phones,Walmart.com,F55CDC31AB754BB68FE0B39041159D63,29.88,IN_STOCK,4.3,5712,/ip/Straight-Talk-Moto-G-Play-4G-2024-64GB-Blue-Prepaid-Smartphone-Locked-to-Straight-Talk/5243895448,"Straight Talk Moto G Play 4G 2024, 64GB, Blue - Prepaid Smartphone [Locked to Straight Talk]",Prepaid Android phones,3.0,No title,phone is pretty good except it does not support tap pay or Google wallet tap pay which makes it suck,10-12-2025,True,0.0,0.0,Kelly,English,Walmart,bazaarvoice
5243895448,"Straight Talk Moto G Play 4G 2024, 64GB, Blue - Prepaid Smartphone [Locked to Straight Talk]",Cell Phones,Walmart.com,F55CDC31AB754BB68FE0B39041159D63,29.88,IN_STOCK,4.3,5712,/ip/Straight-Talk-Moto-G-Play-4G-2024-64GB-Blue-Prepaid-Smartphone-Locked-to-Straight-Talk/5243895448,"Straight Talk Moto G Play 4G 2024, 64GB, Blue - Prepaid Smartphone [Locked to Straight Talk]",Prepaid Android phones,5.0,No title,This is the perfect first phone. My grandson loves it. And it's so inexpensive just in case something happens to it.,10/14/2025,True,0.0,0.0,Kim,English,Walmart,bazaarvoice
5243895448,"Straight Talk Moto G Play 4G 2024, 64GB, Blue - Prepaid Smartphone [Locked to Straight Talk]",Cell Phones,Walmart.com,F55CDC31AB754BB68FE0B39041159D63,29.88,IN_STOCK,4.3,5712,/ip/Straight-Talk-Moto-G-Play-4G-2024-64GB-Blue-Prepaid-Smartphone-Locked-to-Straight-Talk/5243895448,"Straight Talk Moto G Play 4G 2024, 64GB, Blue - Prepaid Smartphone [Locked to Straight Talk]",Prepaid Android phones,2.0,No title,screens crack within a few days ive bought multiple of these phones for my husband and within a day theres always a crak in them,11-03-2025,False,0.0,0.0,Kayla,English,Walmart,bazaarvoice
5243895448,"Straight Talk Moto G Play 4G 2024, 64GB, Blue - Prepaid Smartphone [Locked to Straight Talk]",Cell Phones,Walmart.com,F55CDC31AB754BB68FE0B39041159D63,29.88,IN_STOCK,4.3,5712,/ip/Straight-Talk-Moto-G-Play-4G-2024-64GB-Blue-Prepaid-Smartphone-Locked-to-Straight-Talk/5243895448,"Straight Talk Moto G Play 4G 2024, 64GB, Blue - Prepaid Smartphone [Locked to Straight Talk]",Prepaid Android phones,1.0,No title,The phone literally had a 1 foot fall off of a Bluetooth speaker and just completely broke screen wouldn't come on completely unresponsive,9/28/2025,No recommendation,0.0,0.0,kris,English,Walmart,bazaarvoice
5243895448,"Straight Talk Moto G Play 4G 2024, 64GB, Blue - Prepaid Smartphone [Locked to Straight Talk]",Cell Phones,Walmart.com,F55CDC31AB754BB68FE0B39041159D63,29.88,IN_STOCK,4.3,5712,/ip/Straight-Talk-Moto-G-Play-4G-2024-64GB-Blue-Prepaid-Smartphone-Locked-to-Straight-Talk/5243895448,"Straight Talk Moto G Play 4G 2024, 64GB, Blue - Prepaid Smartphone [Locked to Straight Talk]",Prepaid Android phones,1.0,No title,Never received order was cancelled by Walmart last minute now now time to find gift and have delivered by Christmas,12/16/2025,No recommendation,0.0,0.0,WalmartCustomer,English,unknown,bazaarvoice
5243895448,"Straight Talk Moto G Play 4G 2024, 64GB, Blue - Prepaid Smartphone [Locked to Straight Talk]",Cell Phones,Walmart.com,F55CDC31AB754BB68FE0B39041159D63,29.88,IN_STOCK,4.3,5712,/ip/Straight-Talk-Moto-G-Play-4G-2024-64GB-Blue-Prepaid-Smartphone-Locked-to-Straight-Talk/5243895448,"Straight Talk Moto G Play 4G 2024, 64GB, Blue - Prepaid Smartphone [Locked to Straight Talk]",Prepaid Android phones,5.0,No title,the product is very good it operates good fast it does not ever skip or stall it's a very good cell phone,12/17/2025,No recommendation,0.0,0.0,WalmartCustomer,English,unknown,bazaarvoice
5243895448,"Straight Talk Moto G Play 4G 2024, 64GB, Blue - Prepaid Smartphone [Locked to Straight Talk]",Cell Phones,Walmart.com,F55CDC31AB754BB68FE0B39041159D63,29.88,IN_STOCK,4.3,5712,/ip/Straight-Talk-Moto-G-Play-4G-2024-64GB-Blue-Prepaid-Smartphone-Locked-to-Straight-Talk/5243895448,"Straight Talk Moto G Play 4G 2024, 64GB, Blue - Prepaid Smartphone [Locked to Straight Talk]",Prepaid Android phones,5.0,good beginner phone,bought this for my granddaughter as a game phone and you tube.  good begginer phone and for basic usage.,12/13/2025,True,0.0,0.0,WalmartCustomer,English,Walmart,bazaarvoice
5243895448,"Straight Talk Moto G Play 4G 2024, 64GB, Blue - Prepaid Smartphone [Locked to Straight Talk]",Cell Phones,Walmart.com,F55CDC31AB754BB68FE0B39041159D63,29.88,IN_STOCK,4.3,5712,/ip/Straight-Talk-Moto-G-Play-4G-2024-64GB-Blue-Prepaid-Smartphone-Locked-to-Straight-Talk/5243895448,"Straight Talk Moto G Play 4G 2024, 64GB, Blue - Prepaid Smartphone [Locked to Straight Talk]",Prepaid Android phones,5.0,Good phone,I got 2 of these phones for my siblings and I recommend this phone to little kids mostly because of the slowness and it lags a little.,1/30/2026,No recommendation,0.0,0.0,sam,English,Walmart,bazaarvoice
5243895448,"Straight Talk Moto G Play 4G 2024, 64GB, Blue - Prepaid Smartphone [Locked to Straight Talk]",Cell Phones,Walmart.com,F55CDC31AB754BB68FE0B39041159D63,29.88,IN_STOCK,4.3,5712,/ip/Straight-Talk-Moto-G-Play-4G-2024-64GB-Blue-Prepaid-Smartphone-Locked-to-Straight-Talk/5243895448,"Straight Talk Moto G Play 4G 2024, 64GB, Blue - Prepaid Smartphone [Locked to Straight Talk]",Prepaid Android phones,1.0,No title,"Crap, sorry.  No memory for basic functions. constantly freezing despite only necessary apps installed. Only good as very basic, absolute last resort",1/30/2026,False,0.0,0.0,Nancy,English,Walmart,bazaarvoice
5243895448,"Straight Talk Moto G Play 4G 2024, 64GB, Blue - Prepaid Smartphone [Locked to Straight Talk]",Cell Phones,Walmart.com,F55CDC31AB754BB68FE0B39041159D63,29.88,IN_STOCK,4.3,5712,/ip/Straight-Talk-Moto-G-Play-4G-2024-64GB-Blue-Prepaid-Smartphone-Locked-to-Straight-Talk/5243895448,"Straight Talk Moto G Play 4G 2024, 64GB, Blue - Prepaid Smartphone [Locked to Straight Talk]",Prepaid Android phones,5.0,Motorola g play Great cell phone,"Nice  phone for the price.  Great sound quality. Nice screen size. It's a Motorola .Great company, great phone.",11-04-2025,True,0.0,0.0,EZ,English,Walmart,bazaarvoice
13679564809,"AT&T Samsung Galaxy A16 5G, 128GB, Blue Black - Prepaid Smartphone",Cell Phones,Walmart.com,F55CDC31AB754BB68FE0B39041159D63,49.88,IN_STOCK,4.0,1885,/ip/AT-T-Samsung-Galaxy-A16-5G-64GB-Blue-Black-Prepaid-Smartphone/13679564809,"AT&T Samsung Galaxy A16 5G, 64GB, Blue Black - Prepaid Smartphone",Prepaid Android phones,5.0,No title,"This item has ********* GB of memory, rather than the 64 stated in your description.  The quality of this cell phone in this price range seems very good and the memory capacity excellent, although as I have only just received it, I would probably need additional time for a fuller review. The price was also very good, as other carriers are charging a little more for the same model.",12-02-2025,No recommendation,6.0,0.0,WalmartCustomer,English,unknown,bazaarvoice
13679564809,"AT&T Samsung Galaxy A16 5G, 128GB, Blue Black - Prepaid Smartphone",Cell Phones,Walmart.com,F55CDC31AB754BB68FE0B39041159D63,49.88,IN_STOCK,4.0,1885,/ip/AT-T-Samsung-Galaxy-A16-5G-64GB-Blue-Black-Prepaid-Smartphone/13679564809,"AT&T Samsung Galaxy A16 5G, 64GB, Blue Black - Prepaid Smartphone",Prepaid Android phones,5.0,wonderful phone,this phone works great . the battery will last 2 days with out having to charge it. love the big screen and the easy use android program. the phone lets me have a lot of apps on it with out saying it is running out of memory. the phone takes great pictures. i would buy this phone again for sure,12-08-2025,True,7.0,0.0,Momma3,English,Walmart,bazaarvoice
13679564809,"AT&T Samsung Galaxy A16 5G, 128GB, Blue Black - Prepaid Smartphone",Cell Phones,Walmart.com,F55CDC31AB754BB68FE0B39041159D63,49.88,IN_STOCK,4.0,1885,/ip/AT-T-Samsung-Galaxy-A16-5G-64GB-Blue-Black-Prepaid-Smartphone/13679564809,"AT&T Samsung Galaxy A16 5G, 64GB, Blue Black - Prepaid Smartphone",Prepaid Android phones,4.0,No title,"its a good buy for someone on a budget and works very well for its price. it has a good camera and LOUD speaker. I actually bought 3, one for myself, my husband, and my oldest daughter as her first cell phone. It works great! 
your going to want to buy a phone case with screen protection though.",04-10-2026,True,2.0,0.0,Brittany,English,Walmart,bazaarvoice
13679564809,"AT&T Samsung Galaxy A16 5G, 128GB, Blue Black - Prepaid Smartphone",Cell Phones,Walmart.com,F55CDC31AB754BB68FE0B39041159D63,49.88,IN_STOCK,4.0,1885,/ip/AT-T-Samsung-Galaxy-A16-5G-64GB-Blue-Black-Prepaid-Smartphone/13679564809,"AT&T Samsung Galaxy A16 5G, 64GB, Blue Black - Prepaid Smartphone",Prepaid Android phones,3.0,No title,"i would only recommend this as a temporary phone. First negative thing most of all is glitchy and freezes.  Second the camera zoom isn't as good as Samsungs higher end cameras.  The positive is the battery life and fibger oribt recognition is in the side of the phone, love that",11/22/2025,False,5.0,1.0,David,English,Walmart,bazaarvoice
13679564809,"AT&T Samsung Galaxy A16 5G, 128GB, Blue Black - Prepaid Smartphone",Cell Phones,Walmart.com,F55CDC31AB754BB68FE0B39041159D63,49.88,IN_STOCK,4.0,1885,/ip/AT-T-Samsung-Galaxy-A16-5G-64GB-Blue-Black-Prepaid-Smartphone/13679564809,"AT&T Samsung Galaxy A16 5G, 64GB, Blue Black - Prepaid Smartphone",Prepaid Android phones,1.0,Disappointment!,"This smartphone was advertised as prepaid/unlocked  to which after purchasing it, receiving it via home delivery and initiating phone setup, it was not as advertise claimed (not unlocked), therefore i was not able to get this new purchased smartphone to work/operate with my previous (being replaced), phone's SIM-card as well as it's SD card.",3/16/2026,False,4.0,0.0,ABRAHAM,English,Walmart,bazaarvoice
13679564809,"AT&T Samsung Galaxy A16 5G, 128GB, Blue Black - Prepaid Smartphone",Cell Phones,Walmart.com,F55CDC31AB754BB68FE0B39041159D63,49.88,IN_STOCK,4.0,1885,/ip/AT-T-Samsung-Galaxy-A16-5G-64GB-Blue-Black-Prepaid-Smartphone/13679564809,"AT&T Samsung Galaxy A16 5G, 64GB, Blue Black - Prepaid Smartphone",Prepaid Android phones,1.0,BAD IN-STORE SERVICE.,COULD NOT GET THE PHONE ACTIVATED. AT%26T SAID WALMART DIDNT SCAN IT RIGHT. RETURNED ONE PHONE AND BOUGHT ANOTHER IN STORE.... SAME THING. THE 3RD PARTY ATT REP WAS  ABSOLUTELY NO HELP AND DIDNT WANT TO HELP AS THEY DONT MAKE COMMISION ON PREPAID SETUP. DONT EXPECT ANY IN-STORE HELP WITH THESE PHONES.,2/24/2026,False,6.0,0.0,Bill,English,Walmart,bazaarvoice
13679564809,"AT&T Samsung Galaxy A16 5G, 128GB, Blue Black - Prepaid Smartphone",Cell Phones,Walmart.com,F55CDC31AB754BB68FE0B39041159D63,49.88,IN_STOCK,4.0,1885,/ip/AT-T-Samsung-Galaxy-A16-5G-64GB-Blue-Black-Prepaid-Smartphone/13679564809,"AT&T Samsung Galaxy A16 5G, 64GB, Blue Black - Prepaid Smartphone",Prepaid Android phones,1.0,Samsung phones aren't all great,"Constant UI crash, constant restart, photos taken get lost in space, nothing works as it should, This was a replacement for the first one, same model, even it had UI issues, camera and photos didnt disappear. I can talking to someone an phone cuts %26 restarts all on its own, then constant UI crashes until I restart it, then UI will still crash a couple times, then stops. Tried everything recommended to do, but makes no difference",4/15/2026,False,2.0,0.0,Keith,English,Walmart,bazaarvoice
13679564809,"AT&T Samsung Galaxy A16 5G, 128GB, Blue Black - Prepaid Smartphone",Cell Phones,Walmart.com,F55CDC31AB754BB68FE0B39041159D63,49.88,IN_STOCK,4.0,1885,/ip/AT-T-Samsung-Galaxy-A16-5G-64GB-Blue-Black-Prepaid-Smartphone/13679564809,"AT&T Samsung Galaxy A16 5G, 64GB, Blue Black - Prepaid Smartphone",Prepaid Android phones,1.0,No title,still waiting on the email to return from walmarr.com because they didnt scan the phone before shipping. have to return it so the local walmart can scan it as being sold until then my husbands christmas gift is useless so please hurry up and send me what i need to resolve this thanks called on the 29th of December supposedly 5 business days,01-05-2026,False,5.0,0.0,deana,English,Walmart,bazaarvoice
13679564809,"AT&T Samsung Galaxy A16 5G, 128GB, Blue Black - Prepaid Smartphone",Cell Phones,Walmart.com,F55CDC31AB754BB68FE0B39041159D63,49.88,IN_STOCK,4.0,1885,/ip/AT-T-Samsung-Galaxy-A16-5G-64GB-Blue-Black-Prepaid-Smartphone/13679564809,"AT&T Samsung Galaxy A16 5G, 64GB, Blue Black - Prepaid Smartphone",Prepaid Android phones,1.0,Do not order phones online.,"I ordered this item on walmart.com, got my sim card switched over...only to have at%26t lock my phone because it was never scanned before leaving the warehouse. I attempted to get problem resolved in store, for nearly an hour, only for them to tell me there was nothing they could do. Now i am out 80 dollars and have a useless phone. This was a horrible experience.",01-07-2026,False,9.0,0.0,Mike,English,Walmart,bazaarvoice
13679564809,"AT&T Samsung Galaxy A16 5G, 128GB, Blue Black - Prepaid Smartphone",Cell Phones,Walmart.com,F55CDC31AB754BB68FE0B39041159D63,49.88,IN_STOCK,4.0,1885,/ip/AT-T-Samsung-Galaxy-A16-5G-64GB-Blue-Black-Prepaid-Smartphone/13679564809,"AT&T Samsung Galaxy A16 5G, 64GB, Blue Black - Prepaid Smartphone",Prepaid Android phones,1.0,No title,"Do not buy electronics online from Walmart. They are having a problem with the item not being scanned properly so then when you go to set it up, it is saying that it was not processed right and you can not actually set the item up. Took a whole weekend to switch a prepaid phone, horrible.",9/22/2025,False,8.0,2.0,prima,English,Walmart,bazaarvoice
13679564809,"AT&T Samsung Galaxy A16 5G, 128GB, Blue Black - Prepaid Smartphone",Cell Phones,Walmart.com,F55CDC31AB754BB68FE0B39041159D63,49.88,IN_STOCK,4.0,1885,/ip/AT-T-Samsung-Galaxy-A16-5G-64GB-Blue-Black-Prepaid-Smartphone/13679564809,"AT&T Samsung Galaxy A16 5G, 64GB, Blue Black - Prepaid Smartphone",Prepaid Android phones,4.0,No title,Awesome phone at a.n ubelievable price,02-09-2026,No recommendation,0.0,0.0,WalmartCustomer,English,unknown,bazaarvoice
13679564809,"AT&T Samsung Galaxy A16 5G, 128GB, Blue Black - Prepaid Smartphone",Cell Phones,Walmart.com,F55CDC31AB754BB68FE0B39041159D63,49.88,IN_STOCK,4.0,1885,/ip/AT-T-Samsung-Galaxy-A16-5G-64GB-Blue-Black-Prepaid-Smartphone/13679564809,"AT&T Samsung Galaxy A16 5G, 64GB, Blue Black - Prepaid Smartphone",Prepaid Android phones,5.0,Phone and case for my daughter easy and quick,Thanks fast and easy delivery,03-03-2026,No recommendation,0.0,0.0,Tabatha,English,Walmart,bazaarvoice
13679564809,"AT&T Samsung Galaxy A16 5G, 128GB, Blue Black - Prepaid Smartphone",Cell Phones,Walmart.com,F55CDC31AB754BB68FE0B39041159D63,49.88,IN_STOCK,4.0,1885,/ip/AT-T-Samsung-Galaxy-A16-5G-64GB-Blue-Black-Prepaid-Smartphone/13679564809,"AT&T Samsung Galaxy A16 5G, 64GB, Blue Black - Prepaid Smartphone",Prepaid Android phones,1.0,No title,not what i wanted,5/14/2026,No recommendation,0.0,0.0,anonymous,English,Walmart,bazaarvoice
13679564809,"AT&T Samsung Galaxy A16 5G, 128GB, Blue Black - Prepaid Smartphone",Cell Phones,Walmart.com,F55CDC31AB754BB68FE0B39041159D63,49.88,IN_STOCK,4.0,1885,/ip/AT-T-Samsung-Galaxy-A16-5G-64GB-Blue-Black-Prepaid-Smartphone/13679564809,"AT&T Samsung Galaxy A16 5G, 64GB, Blue Black - Prepaid Smartphone",Prepaid Android phones,5.0,No title,very good prepaid phond,5/14/2026,No recommendation,0.0,0.0,anonymous,English,Walmart,bazaarvoice
13679564809,"AT&T Samsung Galaxy A16 5G, 128GB, Blue Black - Prepaid Smartphone",Cell Phones,Walmart.com,F55CDC31AB754BB68FE0B39041159D63,49.88,IN_STOCK,4.0,1885,/ip/AT-T-Samsung-Galaxy-A16-5G-64GB-Blue-Black-Prepaid-Smartphone/13679564809,"AT&T Samsung Galaxy A16 5G, 64GB, Blue Black - Prepaid Smartphone",Prepaid Android phones,5.0,No title,It is good.,4/18/2026,True,0.0,0.0,Brent,English,Walmart,bazaarvoice
13679564809,"AT&T Samsung Galaxy A16 5G, 128GB, Blue Black - Prepaid Smartphone",Cell Phones,Walmart.com,F55CDC31AB754BB68FE0B39041159D63,49.88,IN_STOCK,4.0,1885,/ip/AT-T-Samsung-Galaxy-A16-5G-64GB-Blue-Black-Prepaid-Smartphone/13679564809,"AT&T Samsung Galaxy A16 5G, 64GB, Blue Black - Prepaid Smartphone",Prepaid Android phones,5.0,No title,item is good,05-01-2026,False,0.0,0.0,Dave,English,Walmart,bazaarvoice
13679564809,"AT&T Samsung Galaxy A16 5G, 128GB, Blue Black - Prepaid Smartphone",Cell Phones,Walmart.com,F55CDC31AB754BB68FE0B39041159D63,49.88,IN_STOCK,4.0,1885,/ip/AT-T-Samsung-Galaxy-A16-5G-64GB-Blue-Black-Prepaid-Smartphone/13679564809,"AT&T Samsung Galaxy A16 5G, 64GB, Blue Black - Prepaid Smartphone",Prepaid Android phones,4.0,No title,grandson loves it,5/17/2026,No recommendation,0.0,0.0,anonymous,English,Walmart,bazaarvoice
13679564809,"AT&T Samsung Galaxy A16 5G, 128GB, Blue Black - Prepaid Smartphone",Cell Phones,Walmart.com,F55CDC31AB754BB68FE0B39041159D63,49.88,IN_STOCK,4.0,1885,/ip/AT-T-Samsung-Galaxy-A16-5G-64GB-Blue-Black-Prepaid-Smartphone/13679564809,"AT&T Samsung Galaxy A16 5G, 64GB, Blue Black - Prepaid Smartphone",Prepaid Android phones,5.0,No title,great phone,5/21/2026,No recommendation,0.0,0.0,anonymous,English,Walmart,bazaarvoice
13679564809,"AT&T Samsung Galaxy A16 5G, 128GB, Blue Black - Prepaid Smartphone",Cell Phones,Walmart.com,F55CDC31AB754BB68FE0B39041159D63,49.88,IN_STOCK,4.0,1885,/ip/AT-T-Samsung-Galaxy-A16-5G-64GB-Blue-Black-Prepaid-Smartphone/13679564809,"AT&T Samsung Galaxy A16 5G, 64GB, Blue Black - Prepaid Smartphone",Prepaid Android phones,5.0,No title,Nice for the price,5/15/2026,No recommendation,0.0,0.0,sharon,English,Walmart,bazaarvoice
13679564809,"AT&T Samsung Galaxy A16 5G, 128GB, Blue Black - Prepaid Smartphone",Cell Phones,Walmart.com,F55CDC31AB754BB68FE0B39041159D63,49.88,IN_STOCK,4.0,1885,/ip/AT-T-Samsung-Galaxy-A16-5G-64GB-Blue-Black-Prepaid-Smartphone/13679564809,"AT&T Samsung Galaxy A16 5G, 64GB, Blue Black - Prepaid Smartphone",Prepaid Android phones,1.0,No title,when ordered online they sent them to me unactivated from the location. spent over an hour on the phone with at%26t just to be told there isn't any way to activate the phones on their end. went to Walmart and same thing. i ended up getting a refund in the end. it was a simple issue to fix but due to their negligence i was not able to use the phones,07-07-2025,True,2.0,3.0,Andrew,English,Walmart,bazaarvoice
5427036899,"Straight Talk K24, 32GB, CDMA LTE, GRAY - Prepaid Smartphone [Locked to Straight Talk]",Cell Phones,Walmart.com,F55CDC31AB754BB68FE0B39041159D63,29.88,IN_STOCK,3.9,579,/ip/Straight-Talk-TCL-K24-32GB-Gray-Prepaid-Smartphone-Locked-to-Straight-Talk/5427036899,"Straight Talk TCL K24, 32GB, Gray - Prepaid Smartphone [Locked to Straight Talk]",Prepaid Android phones,1.0,No title,Horrible phone,10-06-2025,No recommendation,0.0,0.0,Charese,English,Walmart,bazaarvoice
5427036899,"Straight Talk K24, 32GB, CDMA LTE, GRAY - Prepaid Smartphone [Locked to Straight Talk]",Cell Phones,Walmart.com,F55CDC31AB754BB68FE0B39041159D63,29.88,IN_STOCK,3.9,579,/ip/Straight-Talk-TCL-K24-32GB-Gray-Prepaid-Smartphone-Locked-to-Straight-Talk/5427036899,"Straight Talk TCL K24, 32GB, Gray - Prepaid Smartphone [Locked to Straight Talk]",Prepaid Android phones,5.0,No title,everything was great,12-11-2025,No recommendation,0.0,0.0,WILLIE,English,Walmart,bazaarvoice
5427036899,"Straight Talk K24, 32GB, CDMA LTE, GRAY - Prepaid Smartphone [Locked to Straight Talk]",Cell Phones,Walmart.com,F55CDC31AB754BB68FE0B39041159D63,29.88,IN_STOCK,3.9,579,/ip/Straight-Talk-TCL-K24-32GB-Gray-Prepaid-Smartphone-Locked-to-Straight-Talk/5427036899,"Straight Talk TCL K24, 32GB, Gray - Prepaid Smartphone [Locked to Straight Talk]",Prepaid Android phones,5.0,Great phones,They loved them,08-07-2025,No recommendation,0.0,0.0,Lori,English,Walmart,bazaarvoice
5427036899,"Straight Talk K24, 32GB, CDMA LTE, GRAY - Prepaid Smartphone [Locked to Straight Talk]",Cell Phones,Walmart.com,F55CDC31AB754BB68FE0B39041159D63,29.88,IN_STOCK,3.9,579,/ip/Straight-Talk-TCL-K24-32GB-Gray-Prepaid-Smartphone-Locked-to-Straight-Talk/5427036899,"Straight Talk TCL K24, 32GB, Gray - Prepaid Smartphone [Locked to Straight Talk]",Prepaid Android phones,1.0,No title,judt not great at all,5/21/2025,No recommendation,0.0,0.0,anonymous,English,Walmart,bazaarvoice
5427036899,"Straight Talk K24, 32GB, CDMA LTE, GRAY - Prepaid Smartphone [Locked to Straight Talk]",Cell Phones,Walmart.com,F55CDC31AB754BB68FE0B39041159D63,29.88,IN_STOCK,3.9,579,/ip/Straight-Talk-TCL-K24-32GB-Gray-Prepaid-Smartphone-Locked-to-Straight-Talk/5427036899,"Straight Talk TCL K24, 32GB, Gray - Prepaid Smartphone [Locked to Straight Talk]",Prepaid Android phones,1.0,No title,Phone move to slow,8/24/2025,No recommendation,0.0,0.0,malina,English,Walmart,bazaarvoice
5427036899,"Straight Talk K24, 32GB, CDMA LTE, GRAY - Prepaid Smartphone [Locked to Straight Talk]",Cell Phones,Walmart.com,F55CDC31AB754BB68FE0B39041159D63,29.88,IN_STOCK,3.9,579,/ip/Straight-Talk-TCL-K24-32GB-Gray-Prepaid-Smartphone-Locked-to-Straight-Talk/5427036899,"Straight Talk TCL K24, 32GB, Gray - Prepaid Smartphone [Locked to Straight Talk]",Prepaid Android phones,5.0,No title,am loving my new phone,09-09-2025,No recommendation,0.0,0.0,WalmartCustomer,English,unknown,bazaarvoice
5427036899,"Straight Talk K24, 32GB, CDMA LTE, GRAY - Prepaid Smartphone [Locked to Straight Talk]",Cell Phones,Walmart.com,F55CDC31AB754BB68FE0B39041159D63,29.88,IN_STOCK,3.9,579,/ip/Straight-Talk-TCL-K24-32GB-Gray-Prepaid-Smartphone-Locked-to-Straight-Talk/5427036899,"Straight Talk TCL K24, 32GB, Gray - Prepaid Smartphone [Locked to Straight Talk]",Prepaid Android phones,5.0,No title,larger screen,9/23/2025,True,0.0,0.0,American,English,Walmart,bazaarvoice
5427036899,"Straight Talk K24, 32GB, CDMA LTE, GRAY - Prepaid Smartphone [Locked to Straight Talk]",Cell Phones,Walmart.com,F55CDC31AB754BB68FE0B39041159D63,29.88,IN_STOCK,3.9,579,/ip/Straight-Talk-TCL-K24-32GB-Gray-Prepaid-Smartphone-Locked-to-Straight-Talk/5427036899,"Straight Talk TCL K24, 32GB, Gray - Prepaid Smartphone [Locked to Straight Talk]",Prepaid Android phones,5.0,No title,good for the price,6/20/2025,True,0.0,0.0,anonymous,English,Walmart,bazaarvoice
5427036899,"Straight Talk K24, 32GB, CDMA LTE, GRAY - Prepaid Smartphone [Locked to Straight Talk]",Cell Phones,Walmart.com,F55CDC31AB754BB68FE0B39041159D63,29.88,IN_STOCK,3.9,579,/ip/Straight-Talk-TCL-K24-32GB-Gray-Prepaid-Smartphone-Locked-to-Straight-Talk/5427036899,"Straight Talk TCL K24, 32GB, Gray - Prepaid Smartphone [Locked to Straight Talk]",Prepaid Android phones,5.0,No title,Great for price,3/18/2026,True,0.0,0.0,Ireen,English,Walmart,bazaarvoice
5427036899,"Straight Talk K24, 32GB, CDMA LTE, GRAY - Prepaid Smartphone [Locked to Straight Talk]",Cell Phones,Walmart.com,F55CDC31AB754BB68FE0B39041159D63,29.88,IN_STOCK,3.9,579,/ip/Straight-Talk-TCL-K24-32GB-Gray-Prepaid-Smartphone-Locked-to-Straight-Talk/5427036899,"Straight Talk TCL K24, 32GB, Gray - Prepaid Smartphone [Locked to Straight Talk]",Prepaid Android phones,1.0,No title,doesmt work,03-09-2026,False,0.0,0.0,cinda,English,Walmart,bazaarvoice
17255716939,"DOOGEE Blade 20 Play 5G Rugged Phone, Dimensity 7050 Octa Core, 32GB+256GB,Android 15 10300mAh Rugged Smartphone with 125dB Speakers, 6.6"" HD + LED Light Effect, 50MP+20MP+16MP, Face ID/NFC/WIFI6/OTG",Cell Phones,"Shenzhen DOOGEE Creative E-Commerce Co., Ltd.",FD53890E6FAD4B5F8DFAA1558850900B,247.49,IN_STOCK,4.3,8,/ip/DOOGEE-Blade-20-Play-5G-Rugged-Phone-Dimensity-7050-Octa-Core-32GB-256GB-Android-15-10300mAh-Rugged-Smartphone-125dB-Speakers-6-6-HD-LED-Light-Effect/17255716939,"DOOGEE Blade 20 Play 5G Rugged Phone, Dimensity 7050 Octa Core, 32GB+256GB,Android 15 10300mAh Rugged Smartphone with 125dB Speakers,6.6"" HD + LED Light Effect,50MP+20MP+16MP,Face ID/NFC/WIFI6/OTG",5G Unlocked Phones,5.0,Great rugged phone,Phone works exactly as advertised!! Great rugged phone that works with any gsm network. no 5 g,08-12-2025,True,0.0,0.0,Kevin,English,Seller,bazaarvoice
17255716939,"DOOGEE Blade 20 Play 5G Rugged Phone, Dimensity 7050 Octa Core, 32GB+256GB,Android 15 10300mAh Rugged Smartphone with 125dB Speakers, 6.6"" HD + LED Light Effect, 50MP+20MP+16MP, Face ID/NFC/WIFI6/OTG",Cell Phones,"Shenzhen DOOGEE Creative E-Commerce Co., Ltd.",FD53890E6FAD4B5F8DFAA1558850900B,247.49,IN_STOCK,4.3,8,/ip/DOOGEE-Blade-20-Play-5G-Rugged-Phone-Dimensity-7050-Octa-Core-32GB-256GB-Android-15-10300mAh-Rugged-Smartphone-125dB-Speakers-6-6-HD-LED-Light-Effect/17255716939,"DOOGEE Blade 20 Play 5G Rugged Phone, Dimensity 7050 Octa Core, 32GB+256GB,Android 15 10300mAh Rugged Smartphone with 125dB Speakers,6.6"" HD + LED Light Effect,50MP+20MP+16MP,Face ID/NFC/WIFI6/OTG",5G Unlocked Phones,5.0,No title,great phone not the best speaker and definitely not unbreakable but stronger than most,7/13/2025,True,0.0,0.0,Charles,English,Seller,bazaarvoice
17255716939,"DOOGEE Blade 20 Play 5G Rugged Phone, Dimensity 7050 Octa Core, 32GB+256GB,Android 15 10300mAh Rugged Smartphone with 125dB Speakers, 6.6"" HD + LED Light Effect, 50MP+20MP+16MP, Face ID/NFC/WIFI6/OTG",Cell Phones,"Shenzhen DOOGEE Creative E-Commerce Co., Ltd.",FD53890E6FAD4B5F8DFAA1558850900B,247.49,IN_STOCK,4.3,8,/ip/DOOGEE-Blade-20-Play-5G-Rugged-Phone-Dimensity-7050-Octa-Core-32GB-256GB-Android-15-10300mAh-Rugged-Smartphone-125dB-Speakers-6-6-HD-LED-Light-Effect/17255716939,"DOOGEE Blade 20 Play 5G Rugged Phone, Dimensity 7050 Octa Core, 32GB+256GB,Android 15 10300mAh Rugged Smartphone with 125dB Speakers,6.6"" HD + LED Light Effect,50MP+20MP+16MP,Face ID/NFC/WIFI6/OTG",5G Unlocked Phones,5.0,Recommended!!!,"Also on construction to have a real strong mobile to support the daily hard work and gaming, easy to configure and until now it is working really good",04-09-2025,No recommendation,0.0,0.0,Jonathan,English,Seller,bazaarvoice
17255716939,"DOOGEE Blade 20 Play 5G Rugged Phone, Dimensity 7050 Octa Core, 32GB+256GB,Android 15 10300mAh Rugged Smartphone with 125dB Speakers, 6.6"" HD + LED Light Effect, 50MP+20MP+16MP, Face ID/NFC/WIFI6/OTG",Cell Phones,"Shenzhen DOOGEE Creative E-Commerce Co., Ltd.",FD53890E6FAD4B5F8DFAA1558850900B,247.49,IN_STOCK,4.3,8,/ip/DOOGEE-Blade-20-Play-5G-Rugged-Phone-Dimensity-7050-Octa-Core-32GB-256GB-Android-15-10300mAh-Rugged-Smartphone-125dB-Speakers-6-6-HD-LED-Light-Effect/17255716939,"DOOGEE Blade 20 Play 5G Rugged Phone, Dimensity 7050 Octa Core, 32GB+256GB,Android 15 10300mAh Rugged Smartphone with 125dB Speakers,6.6"" HD + LED Light Effect,50MP+20MP+16MP,Face ID/NFC/WIFI6/OTG",5G Unlocked Phones,4.0,hopeful but uncertain about purchase,"its very hefty, lacks an audio jack and its design is not very ergonomic.",02-12-2026,False,0.0,0.0,Luis,English,Seller,bazaarvoice
5296361527,"Tracfone Blu View 5 Pro, 64GB, Black - Prepaid Smartphone [Locked to Tracfone]",Cell Phones,Walmart.com,F55CDC31AB754BB68FE0B39041159D63,29.88,IN_STOCK,3.5,1585,/ip/Tracfone-Blu-View-5-Pro-64GB-Black-Prepaid-Smartphone-Locked-to-Tracfone/5296361527,"Tracfone Blu View 5 Pro, 64GB, Black - Prepaid Smartphone [Locked to Tracfone]",Prepaid Android phones,5.0,TracFone!!!!!!,"i Have been a TracFone Customer For Years,From The Very First TracFone "" The Brick With The Retractable Antenna"" I Love The Fact That I Can Have Reliable Cell Service At A Reasonable Price. This New TracFone Was An Upgrade, As I Usually Buy A New One Every Year. This Phone Works Excellent As They All Always Have.The Cell Service Picks Up Great . I Highly Recommend This TracFone To Anyone That Wants Or Needs A Reliable Cell Without Spending A Fortune On The Phone itself Or The Monthly Payment. 30 Day Plans Start At $15.00 And That's For One Month Of Calls And Text And 1 GB Of Data. My Plan Is Through Verizon, And If Unused And You Refill Your Plan The Data Rolls Over. My Opinion Is Its Alot Better Than Paying And Outrageous Amount For Another Phone And Having A Monthly For Basically The Same Thing. Payment That Has To Be Paid. This TracFone Works Great. ⭐⭐⭐⭐⭐ 5 Stars All The Way .",10/19/2025,True,0.0,0.0,Lynn257,English,Walmart,bazaarvoice
5296361527,"Tracfone Blu View 5 Pro, 64GB, Black - Prepaid Smartphone [Locked to Tracfone]",Cell Phones,Walmart.com,F55CDC31AB754BB68FE0B39041159D63,29.88,IN_STOCK,3.5,1585,/ip/Tracfone-Blu-View-5-Pro-64GB-Black-Prepaid-Smartphone-Locked-to-Tracfone/5296361527,"Tracfone Blu View 5 Pro, 64GB, Black - Prepaid Smartphone [Locked to Tracfone]",Prepaid Android phones,1.0,No title,"couldn't  get  any  help  setting  it  up  , the service  assistant  was  rude and  crude. i used to have tracfone services  with the old flip phone and lovèd it, i am 70 years. old  now  and  thought I'd  get me one again, i bougt  minutes  each month with rollover  minutes. now. thetracphone blu is nothing  but. a paper  weighht  cause walmart and tracfone  neither  one couuld assist  me with  it, i am handicapped and home bound due  to   my  not having mobility  anymore. so i cant believe  tracfone  services  have  dropped  their  services  so  badly.",12/13/2025,False,0.0,0.0,katie,English,Walmart,bazaarvoice
5296361527,"Tracfone Blu View 5 Pro, 64GB, Black - Prepaid Smartphone [Locked to Tracfone]",Cell Phones,Walmart.com,F55CDC31AB754BB68FE0B39041159D63,29.88,IN_STOCK,3.5,1585,/ip/Tracfone-Blu-View-5-Pro-64GB-Black-Prepaid-Smartphone-Locked-to-Tracfone/5296361527,"Tracfone Blu View 5 Pro, 64GB, Black - Prepaid Smartphone [Locked to Tracfone]",Prepaid Android phones,3.0,No title,"This product was on my 2nd order on July 6th, and I actually have a problem with this item. Product arrived and price was awesome. However when attempting to activate the phone, Carrier stated that phone was never scanned at store and was not recognized as eligible for activation. I have tried calling store several times and no one is answering. I have tried both prompt 4 (home delivery concerns) and Prompt 5 (electronics). Online chat called me right away, but when they attempted to contact store, they could not get anyone on the phone either.",07-08-2025,No recommendation,0.0,0.0,WalmartCustomer,English,unknown,bazaarvoice
5296361527,"Tracfone Blu View 5 Pro, 64GB, Black - Prepaid Smartphone [Locked to Tracfone]",Cell Phones,Walmart.com,F55CDC31AB754BB68FE0B39041159D63,29.88,IN_STOCK,3.5,1585,/ip/Tracfone-Blu-View-5-Pro-64GB-Black-Prepaid-Smartphone-Locked-to-Tracfone/5296361527,"Tracfone Blu View 5 Pro, 64GB, Black - Prepaid Smartphone [Locked to Tracfone]",Prepaid Android phones,1.0,No title,"i got this,  it was not activated befire delivery, so i had to go in any way.  then it gets activated, and go to use it, and it now says the phone is corrupt and will shut off in 5 seconds, in sure its a defect,  but you should know,  if you see this from others,  i say watch out.",02-02-2026,False,0.0,0.0,William,English,Walmart,bazaarvoice
5296361527,"Tracfone Blu View 5 Pro, 64GB, Black - Prepaid Smartphone [Locked to Tracfone]",Cell Phones,Walmart.com,F55CDC31AB754BB68FE0B39041159D63,29.88,IN_STOCK,3.5,1585,/ip/Tracfone-Blu-View-5-Pro-64GB-Black-Prepaid-Smartphone-Locked-to-Tracfone/5296361527,"Tracfone Blu View 5 Pro, 64GB, Black - Prepaid Smartphone [Locked to Tracfone]",Prepaid Android phones,5.0,No title,tgge item wasn't scanned properly so I've never activated it to use it... call the Sulphur springs store got the run around... the lady in online purchase hung up the phone after she sighed %26 was rude b! tch next time I called was on hold for 25 minutes %26 never spoke to anyone.. so I chose to chat on the app... finally received an answer from there! get rid of that hateful no work ethic b! tch in online purchase my 1year old granddaughter is a better candidate,08-02-2025,True,0.0,0.0,tamara,English,Walmart,bazaarvoice
5296361527,"Tracfone Blu View 5 Pro, 64GB, Black - Prepaid Smartphone [Locked to Tracfone]",Cell Phones,Walmart.com,F55CDC31AB754BB68FE0B39041159D63,29.88,IN_STOCK,3.5,1585,/ip/Tracfone-Blu-View-5-Pro-64GB-Black-Prepaid-Smartphone-Locked-to-Tracfone/5296361527,"Tracfone Blu View 5 Pro, 64GB, Black - Prepaid Smartphone [Locked to Tracfone]",Prepaid Android phones,2.0,Good Phone But Don't Buy it for Delivery,"This is a Yes and No review. The phone is a Yes, but make sure you go into the store to purchase. That's the No. I ordered this to be delivered and there are no issues there. However, when i attempted to activate the phone, I was told it was not scanned properly at the store. Therefore, it could not be activated. Frustrating. Have to make a trip to the store to return it or have it properly scanned....Isn't that the idea of delivery",7/22/2025,True,0.0,0.0,Lindy,English,Walmart,bazaarvoice
5296361527,"Tracfone Blu View 5 Pro, 64GB, Black - Prepaid Smartphone [Locked to Tracfone]",Cell Phones,Walmart.com,F55CDC31AB754BB68FE0B39041159D63,29.88,IN_STOCK,3.5,1585,/ip/Tracfone-Blu-View-5-Pro-64GB-Black-Prepaid-Smartphone-Locked-to-Tracfone/5296361527,"Tracfone Blu View 5 Pro, 64GB, Black - Prepaid Smartphone [Locked to Tracfone]",Prepaid Android phones,4.0,A decent phone.,"At $29.99, this is an excellent deal. I bought it to replace a Blu View Speed 5G B1550VL that I lost, and so far, it's been pretty decent. If you're someone who heavily relies on their phone, this might not be the best choice, but if you just need something for calls, texts, and basic web browsing, this should do the job just fine.",10-10-2025,True,0.0,0.0,Martin,English,Walmart,bazaarvoice
5296361527,"Tracfone Blu View 5 Pro, 64GB, Black - Prepaid Smartphone [Locked to Tracfone]",Cell Phones,Walmart.com,F55CDC31AB754BB68FE0B39041159D63,29.88,IN_STOCK,3.5,1585,/ip/Tracfone-Blu-View-5-Pro-64GB-Black-Prepaid-Smartphone-Locked-to-Tracfone/5296361527,"Tracfone Blu View 5 Pro, 64GB, Black - Prepaid Smartphone [Locked to Tracfone]",Prepaid Android phones,3.0,No title,"overall performance of the phone is decent enough for the price. Battery on the other hand was a huge disappointment for me. the phone didn't even last me 2 weeks before the battery on it completely stopped charging for me despite trying several different chargers,  it just all of a sudden wouldn't charge for me anymore and had to go back for a refund because of it. however I 
Did just purchase the same phone again and gunna keep my fingers crossed that I don't run into the same issue all over again on the new one. can't go wrong for the price despite my initial experience.",11/28/2025,False,0.0,0.0,Karalena,English,Walmart,bazaarvoice
5296361527,"Tracfone Blu View 5 Pro, 64GB, Black - Prepaid Smartphone [Locked to Tracfone]",Cell Phones,Walmart.com,F55CDC31AB754BB68FE0B39041159D63,29.88,IN_STOCK,3.5,1585,/ip/Tracfone-Blu-View-5-Pro-64GB-Black-Prepaid-Smartphone-Locked-to-Tracfone/5296361527,"Tracfone Blu View 5 Pro, 64GB, Black - Prepaid Smartphone [Locked to Tracfone]",Prepaid Android phones,1.0,"Too heavy, etc.","Way too heavy. Way too big. The swipe feature to get to the screen is simply horrible. Can't get back in phone; swipe and swipe and nothing. The screen keeps going black when on hold. Too many things in there. Just ridiculous. Need to push two buttons at once to turn off; and its way too big, heavy and awkward to do that easily. Same problem for trying to photo. Do not recommend. (But I don't recommend any smart phones either.)",11/24/2025,False,0.0,0.0,kathleen,English,Walmart,bazaarvoice
5296361527,"Tracfone Blu View 5 Pro, 64GB, Black - Prepaid Smartphone [Locked to Tracfone]",Cell Phones,Walmart.com,F55CDC31AB754BB68FE0B39041159D63,29.88,IN_STOCK,3.5,1585,/ip/Tracfone-Blu-View-5-Pro-64GB-Black-Prepaid-Smartphone-Locked-to-Tracfone/5296361527,"Tracfone Blu View 5 Pro, 64GB, Black - Prepaid Smartphone [Locked to Tracfone]",Prepaid Android phones,2.0,No title,"Too slow. It is ok if just texting or calling,but if you want it for other things forget it. Next time I will pay a little more for more RAM.Would have given 3 stars but Walmart didn't activate it when it was delivered. Ordered second one for shipping and still not activated even though customer service promised me it would not happen second time.",3/24/2026,False,0.0,0.0,Kristi,English,Walmart,bazaarvoice
5296361527,"Tracfone Blu View 5 Pro, 64GB, Black - Prepaid Smartphone [Locked to Tracfone]",Cell Phones,Walmart.com,F55CDC31AB754BB68FE0B39041159D63,29.88,IN_STOCK,3.5,1585,/ip/Tracfone-Blu-View-5-Pro-64GB-Black-Prepaid-Smartphone-Locked-to-Tracfone/5296361527,"Tracfone Blu View 5 Pro, 64GB, Black - Prepaid Smartphone [Locked to Tracfone]",Prepaid Android phones,4.0,No title,this is the second time I have bought a phone from Walmart and then when I go to activated they said it is not been scanned properly so therefore I can't activate it,08-03-2025,No recommendation,0.0,0.0,Jamie,English,Walmart,bazaarvoice
5296361527,"Tracfone Blu View 5 Pro, 64GB, Black - Prepaid Smartphone [Locked to Tracfone]",Cell Phones,Walmart.com,F55CDC31AB754BB68FE0B39041159D63,29.88,IN_STOCK,3.5,1585,/ip/Tracfone-Blu-View-5-Pro-64GB-Black-Prepaid-Smartphone-Locked-to-Tracfone/5296361527,"Tracfone Blu View 5 Pro, 64GB, Black - Prepaid Smartphone [Locked to Tracfone]",Prepaid Android phones,1.0,Doesn't even work,"Phone doesn't even work, It keeps saying corruption issues and so laggy and reboots. Also services gets cut, they say it's not the same sim from purchase.",10/28/2025,False,0.0,0.0,James,English,Walmart,bazaarvoice
5296361527,"Tracfone Blu View 5 Pro, 64GB, Black - Prepaid Smartphone [Locked to Tracfone]",Cell Phones,Walmart.com,F55CDC31AB754BB68FE0B39041159D63,29.88,IN_STOCK,3.5,1585,/ip/Tracfone-Blu-View-5-Pro-64GB-Black-Prepaid-Smartphone-Locked-to-Tracfone/5296361527,"Tracfone Blu View 5 Pro, 64GB, Black - Prepaid Smartphone [Locked to Tracfone]",Prepaid Android phones,1.0,No happy,I am unable to get my phone activated because it said that Walmart did not properly scan my device. I paid an express delivery fee for a phone that I cannot activate until I go back to the store and have them rescan the phone.,10/31/2025,False,0.0,0.0,Benjamin,English,Walmart,bazaarvoice
5296361527,"Tracfone Blu View 5 Pro, 64GB, Black - Prepaid Smartphone [Locked to Tracfone]",Cell Phones,Walmart.com,F55CDC31AB754BB68FE0B39041159D63,29.88,IN_STOCK,3.5,1585,/ip/Tracfone-Blu-View-5-Pro-64GB-Black-Prepaid-Smartphone-Locked-to-Tracfone/5296361527,"Tracfone Blu View 5 Pro, 64GB, Black - Prepaid Smartphone [Locked to Tracfone]",Prepaid Android phones,1.0,No title,We ordered this phone but they must have forgot to scan it at the store so we have to go back into the store to have it scanned. That kind of defeats the purpose of ordering on line. 😆,11-05-2025,False,0.0,0.0,Christy,English,Walmart,bazaarvoice
5296361527,"Tracfone Blu View 5 Pro, 64GB, Black - Prepaid Smartphone [Locked to Tracfone]",Cell Phones,Walmart.com,F55CDC31AB754BB68FE0B39041159D63,29.88,IN_STOCK,3.5,1585,/ip/Tracfone-Blu-View-5-Pro-64GB-Black-Prepaid-Smartphone-Locked-to-Tracfone/5296361527,"Tracfone Blu View 5 Pro, 64GB, Black - Prepaid Smartphone [Locked to Tracfone]",Prepaid Android phones,4.0,Up and running again,"It's a little larger than my old one, which is nice.  It sets up almost the same as my old Blu phone.  So far, it is meeting all of my needs and expectations, and getting it for free was a wonderful bonus!!",08-04-2025,True,0.0,0.0,Coffee Girl,English,unknown,bazaarvoice
5296361527,"Tracfone Blu View 5 Pro, 64GB, Black - Prepaid Smartphone [Locked to Tracfone]",Cell Phones,Walmart.com,F55CDC31AB754BB68FE0B39041159D63,29.88,IN_STOCK,3.5,1585,/ip/Tracfone-Blu-View-5-Pro-64GB-Black-Prepaid-Smartphone-Locked-to-Tracfone/5296361527,"Tracfone Blu View 5 Pro, 64GB, Black - Prepaid Smartphone [Locked to Tracfone]",Prepaid Android phones,1.0,No title,"I dont know about the phone, wasnt able to use it because it wasn't properly scanned so I returned the device and still didn't receive my refund and it's been more than 10 business days.",8/28/2025,False,0.0,0.0,Teshaela,English,Walmart,bazaarvoice
5296361527,"Tracfone Blu View 5 Pro, 64GB, Black - Prepaid Smartphone [Locked to Tracfone]",Cell Phones,Walmart.com,F55CDC31AB754BB68FE0B39041159D63,29.88,IN_STOCK,3.5,1585,/ip/Tracfone-Blu-View-5-Pro-64GB-Black-Prepaid-Smartphone-Locked-to-Tracfone/5296361527,"Tracfone Blu View 5 Pro, 64GB, Black - Prepaid Smartphone [Locked to Tracfone]",Prepaid Android phones,3.0,No title,"it keeps dropping links. Won't stay connected to Walmart and they have the best on line shopping 
   I put Sims card in from Safe Link phone which is also Blu,  it's supposed to be compatible,   I gotta get a better phone.",9/22/2025,False,0.0,0.0,Patricia,English,Walmart,bazaarvoice
5296361527,"Tracfone Blu View 5 Pro, 64GB, Black - Prepaid Smartphone [Locked to Tracfone]",Cell Phones,Walmart.com,F55CDC31AB754BB68FE0B39041159D63,29.88,IN_STOCK,3.5,1585,/ip/Tracfone-Blu-View-5-Pro-64GB-Black-Prepaid-Smartphone-Locked-to-Tracfone/5296361527,"Tracfone Blu View 5 Pro, 64GB, Black - Prepaid Smartphone [Locked to Tracfone]",Prepaid Android phones,1.0,WAL MART DELEVERY SYSTEM SUCKS,"the phone is what i wanted. but WAL MART DELEVERY SERVICE IS ROTTEN. SEVERAL TIMES WAS TOLD IT WOULD BE LATE COMING, WENT TO WRONG ADDRESS, LEFT ON STEPS WAS RAINING AT THIS TIME.        THINK AGAIN BEFORE U BUY FROM WAL MART",7/17/2025,True,0.0,0.0,charles,English,Walmart,bazaarvoice
5296361527,"Tracfone Blu View 5 Pro, 64GB, Black - Prepaid Smartphone [Locked to Tracfone]",Cell Phones,Walmart.com,F55CDC31AB754BB68FE0B39041159D63,29.88,IN_STOCK,3.5,1585,/ip/Tracfone-Blu-View-5-Pro-64GB-Black-Prepaid-Smartphone-Locked-to-Tracfone/5296361527,"Tracfone Blu View 5 Pro, 64GB, Black - Prepaid Smartphone [Locked to Tracfone]",Prepaid Android phones,4.0,Internet,"Slow online, but everything else is as expected. Had two later models, years ago before this one.  Got it for size of display and the camera is better than expected.",07-03-2025,True,0.0,0.0,Unknown,English,unknown,bazaarvoice
5296361527,"Tracfone Blu View 5 Pro, 64GB, Black - Prepaid Smartphone [Locked to Tracfone]",Cell Phones,Walmart.com,F55CDC31AB754BB68FE0B39041159D63,29.88,IN_STOCK,3.5,1585,/ip/Tracfone-Blu-View-5-Pro-64GB-Black-Prepaid-Smartphone-Locked-to-Tracfone/5296361527,"Tracfone Blu View 5 Pro, 64GB, Black - Prepaid Smartphone [Locked to Tracfone]",Prepaid Android phones,4.0,Shut down sequence is my issue.,It's doing well.  I'm still getting used to it.  My biggest gripe is the shutdown process with the two buttons on the same side of the phone that you have to press simultaneously.  I end up taking screenshots or lowering the volume.,9/21/2025,No recommendation,0.0,0.0,bome11,English,unknown,bazaarvoice
12014964263,"Tracfone Samsung Galaxy A15, 64GB, 5G, Black - Prepaid Smartphone [Locked to Tracfone]",Cell Phones,Walmart.com,F55CDC31AB754BB68FE0B39041159D63,59.88,IN_STOCK,4.3,1989,/ip/Tracfone-Samsung-Galaxy-A15-64GB-5G-Black-Prepaid-Smartphone-Locked-to-Tracfone/12014964263,"Tracfone Samsung Galaxy A15, 64GB, 5G, Black - Prepaid Smartphone [Locked to Tracfone]",Prepaid Android phones,4.0,No title,Great phone if being used without Wi-Fi. If used with Wi-Fi you will have dropped calls,11/20/2025,True,1.0,0.0,Marianne,English,Walmart,bazaarvoice
12014964263,"Tracfone Samsung Galaxy A15, 64GB, 5G, Black - Prepaid Smartphone [Locked to Tracfone]",Cell Phones,Walmart.com,F55CDC31AB754BB68FE0B39041159D63,59.88,IN_STOCK,4.3,1989,/ip/Tracfone-Samsung-Galaxy-A15-64GB-5G-Black-Prepaid-Smartphone-Locked-to-Tracfone/12014964263,"Tracfone Samsung Galaxy A15, 64GB, 5G, Black - Prepaid Smartphone [Locked to Tracfone]",Prepaid Android phones,5.0,Samsung A-15,This is a great phone. I upgraded from a 3G! Easy to navigate and the picture quality is the best.,04-02-2026,True,0.0,0.0,Unknown,English,unknown,bazaarvoice
12014964263,"Tracfone Samsung Galaxy A15, 64GB, 5G, Black - Prepaid Smartphone [Locked to Tracfone]",Cell Phones,Walmart.com,F55CDC31AB754BB68FE0B39041159D63,59.88,IN_STOCK,4.3,1989,/ip/Tracfone-Samsung-Galaxy-A15-64GB-5G-Black-Prepaid-Smartphone-Locked-to-Tracfone/12014964263,"Tracfone Samsung Galaxy A15, 64GB, 5G, Black - Prepaid Smartphone [Locked to Tracfone]",Prepaid Android phones,4.0,Excellent phone just need more memory,"Great quality , great display, smooth operation, very recommended",04-09-2026,True,0.0,0.0,Unknown,English,unknown,bazaarvoice
12014964263,"Tracfone Samsung Galaxy A15, 64GB, 5G, Black - Prepaid Smartphone [Locked to Tracfone]",Cell Phones,Walmart.com,F55CDC31AB754BB68FE0B39041159D63,59.88,IN_STOCK,4.3,1989,/ip/Tracfone-Samsung-Galaxy-A15-64GB-5G-Black-Prepaid-Smartphone-Locked-to-Tracfone/12014964263,"Tracfone Samsung Galaxy A15, 64GB, 5G, Black - Prepaid Smartphone [Locked to Tracfone]",Prepaid Android phones,5.0,Great for a great price.,"I bought this for my son and so far, he is happy with it.",3/18/2026,True,0.0,0.0,S Mas,English,unknown,bazaarvoice
12014964263,"Tracfone Samsung Galaxy A15, 64GB, 5G, Black - Prepaid Smartphone [Locked to Tracfone]",Cell Phones,Walmart.com,F55CDC31AB754BB68FE0B39041159D63,59.88,IN_STOCK,4.3,1989,/ip/Tracfone-Samsung-Galaxy-A15-64GB-5G-Black-Prepaid-Smartphone-Locked-to-Tracfone/12014964263,"Tracfone Samsung Galaxy A15, 64GB, 5G, Black - Prepaid Smartphone [Locked to Tracfone]",Prepaid Android phones,4.0,It has great features.,My new phone works great except I can't turn it off...or restart it for some reason.,3/27/2026,No recommendation,0.0,0.0,Unknown,English,unknown,bazaarvoice
12014964263,"Tracfone Samsung Galaxy A15, 64GB, 5G, Black - Prepaid Smartphone [Locked to Tracfone]",Cell Phones,Walmart.com,F55CDC31AB754BB68FE0B39041159D63,59.88,IN_STOCK,4.3,1989,/ip/Tracfone-Samsung-Galaxy-A15-64GB-5G-Black-Prepaid-Smartphone-Locked-to-Tracfone/12014964263,"Tracfone Samsung Galaxy A15, 64GB, 5G, Black - Prepaid Smartphone [Locked to Tracfone]",Prepaid Android phones,5.0,malky,i love the phone it has lot of good features on it,3/28/2026,True,0.0,0.0,malky,English,unknown,bazaarvoice
12014964263,"Tracfone Samsung Galaxy A15, 64GB, 5G, Black - Prepaid Smartphone [Locked to Tracfone]",Cell Phones,Walmart.com,F55CDC31AB754BB68FE0B39041159D63,59.88,IN_STOCK,4.3,1989,/ip/Tracfone-Samsung-Galaxy-A15-64GB-5G-Black-Prepaid-Smartphone-Locked-to-Tracfone/12014964263,"Tracfone Samsung Galaxy A15, 64GB, 5G, Black - Prepaid Smartphone [Locked to Tracfone]",Prepaid Android phones,5.0,It's has great features.,My SAMSUNG A 15 IS EXACTLY 💯 WHAT I EXPECTED. IT'S RELIABLE AND DOES EVERYTHING I EXPECTED TO DO.,3/21/2026,True,0.0,0.0,Gato,English,unknown,bazaarvoice
12014964263,"Tracfone Samsung Galaxy A15, 64GB, 5G, Black - Prepaid Smartphone [Locked to Tracfone]",Cell Phones,Walmart.com,F55CDC31AB754BB68FE0B39041159D63,59.88,IN_STOCK,4.3,1989,/ip/Tracfone-Samsung-Galaxy-A15-64GB-5G-Black-Prepaid-Smartphone-Locked-to-Tracfone/12014964263,"Tracfone Samsung Galaxy A15, 64GB, 5G, Black - Prepaid Smartphone [Locked to Tracfone]",Prepaid Android phones,5.0,Phone,Love the phone is fast work smoot for me love the type,04-09-2026,No recommendation,0.0,0.0,Unknown,English,unknown,bazaarvoice
12014964263,"Tracfone Samsung Galaxy A15, 64GB, 5G, Black - Prepaid Smartphone [Locked to Tracfone]",Cell Phones,Walmart.com,F55CDC31AB754BB68FE0B39041159D63,59.88,IN_STOCK,4.3,1989,/ip/Tracfone-Samsung-Galaxy-A15-64GB-5G-Black-Prepaid-Smartphone-Locked-to-Tracfone/12014964263,"Tracfone Samsung Galaxy A15, 64GB, 5G, Black - Prepaid Smartphone [Locked to Tracfone]",Prepaid Android phones,5.0,New phone,Wow it has a lot of storage space and takes nice pic great function better battery time,3/22/2026,True,0.0,0.0,Barabella069,English,unknown,bazaarvoice
12014964263,"Tracfone Samsung Galaxy A15, 64GB, 5G, Black - Prepaid Smartphone [Locked to Tracfone]",Cell Phones,Walmart.com,F55CDC31AB754BB68FE0B39041159D63,59.88,IN_STOCK,4.3,1989,/ip/Tracfone-Samsung-Galaxy-A15-64GB-5G-Black-Prepaid-Smartphone-Locked-to-Tracfone/12014964263,"Tracfone Samsung Galaxy A15, 64GB, 5G, Black - Prepaid Smartphone [Locked to Tracfone]",Prepaid Android phones,1.0,"I GAVE THIS ONE STAR, NOT 5","Too heavy, cumbersome.
I'm switching back to a flip phone.",04-01-2026,False,0.0,0.0,littlehawk,English,unknown,bazaarvoice
12014964263,"Tracfone Samsung Galaxy A15, 64GB, 5G, Black - Prepaid Smartphone [Locked to Tracfone]",Cell Phones,Walmart.com,F55CDC31AB754BB68FE0B39041159D63,59.88,IN_STOCK,4.3,1989,/ip/Tracfone-Samsung-Galaxy-A15-64GB-5G-Black-Prepaid-Smartphone-Locked-to-Tracfone/12014964263,"Tracfone Samsung Galaxy A15, 64GB, 5G, Black - Prepaid Smartphone [Locked to Tracfone]",Prepaid Android phones,4.0,Absolutely Satisfied,"Performs as well as expected, and better. Four stars rather than five because there's always room for improvement, in any endeavor. Through our efforts, may the way grow closer to perfection.",12/18/2025,True,0.0,0.0,The Icarus Collective,English,unknown,bazaarvoice
12014964263,"Tracfone Samsung Galaxy A15, 64GB, 5G, Black - Prepaid Smartphone [Locked to Tracfone]",Cell Phones,Walmart.com,F55CDC31AB754BB68FE0B39041159D63,59.88,IN_STOCK,4.3,1989,/ip/Tracfone-Samsung-Galaxy-A15-64GB-5G-Black-Prepaid-Smartphone-Locked-to-Tracfone/12014964263,"Tracfone Samsung Galaxy A15, 64GB, 5G, Black - Prepaid Smartphone [Locked to Tracfone]",Prepaid Android phones,4.0,"The phone, of course","Phone worked as it should out of the box. However, after an update which installed UI, the phone lost the ability to shut down manually. In other words, I have to talk to the phone to get it to shutdown. This is not acceptable to me. I despise UI.",11/21/2025,False,0.0,0.0,Jay Silverheals,English,unknown,bazaarvoice
12014964263,"Tracfone Samsung Galaxy A15, 64GB, 5G, Black - Prepaid Smartphone [Locked to Tracfone]",Cell Phones,Walmart.com,F55CDC31AB754BB68FE0B39041159D63,59.88,IN_STOCK,4.3,1989,/ip/Tracfone-Samsung-Galaxy-A15-64GB-5G-Black-Prepaid-Smartphone-Locked-to-Tracfone/12014964263,"Tracfone Samsung Galaxy A15, 64GB, 5G, Black - Prepaid Smartphone [Locked to Tracfone]",Prepaid Android phones,1.0,my new phone is possessed by talk back,"came with cracked screen, while looking at functions i turned talk back on and now phone is not able to be used. Talk back took over and I cannot even make phone turn off. I am phoneless right now and had to buy another so I have a phone to use.",12-01-2025,False,0.0,0.0,happycamper,English,Walmart,bazaarvoice
12014964263,"Tracfone Samsung Galaxy A15, 64GB, 5G, Black - Prepaid Smartphone [Locked to Tracfone]",Cell Phones,Walmart.com,F55CDC31AB754BB68FE0B39041159D63,59.88,IN_STOCK,4.3,1989,/ip/Tracfone-Samsung-Galaxy-A15-64GB-5G-Black-Prepaid-Smartphone-Locked-to-Tracfone/12014964263,"Tracfone Samsung Galaxy A15, 64GB, 5G, Black - Prepaid Smartphone [Locked to Tracfone]",Prepaid Android phones,4.0,Review of Samsung Galaxy A15 5G 64GB,I started using this phone a week ago. I'm impressed with the large screen size and the battery life is good. I only wish they would have included the charger block with the phone.,9/20/2025,True,0.0,0.0,Karl O,English,unknown,bazaarvoice
12014964263,"Tracfone Samsung Galaxy A15, 64GB, 5G, Black - Prepaid Smartphone [Locked to Tracfone]",Cell Phones,Walmart.com,F55CDC31AB754BB68FE0B39041159D63,59.88,IN_STOCK,4.3,1989,/ip/Tracfone-Samsung-Galaxy-A15-64GB-5G-Black-Prepaid-Smartphone-Locked-to-Tracfone/12014964263,"Tracfone Samsung Galaxy A15, 64GB, 5G, Black - Prepaid Smartphone [Locked to Tracfone]",Prepaid Android phones,4.0,No title,"""There is some question as to the """"64GB"""" provided in the description. The internal storage of the device is only 4GB. Otherwise the product would be five out of five stars. It is affordable and the quality is good for the price.""",10-01-2025,No recommendation,0.0,0.0,WalmartCustomer,English,unknown,bazaarvoice
12014964263,"Tracfone Samsung Galaxy A15, 64GB, 5G, Black - Prepaid Smartphone [Locked to Tracfone]",Cell Phones,Walmart.com,F55CDC31AB754BB68FE0B39041159D63,59.88,IN_STOCK,4.3,1989,/ip/Tracfone-Samsung-Galaxy-A15-64GB-5G-Black-Prepaid-Smartphone-Locked-to-Tracfone/12014964263,"Tracfone Samsung Galaxy A15, 64GB, 5G, Black - Prepaid Smartphone [Locked to Tracfone]",Prepaid Android phones,5.0,Great phone,This is a great phone with very affordable service and good service! At the mobile phone stores this phone is $250! As always Walmart has a great deal. Also purchased phone card and got it immediately in email. Phone was very easy to hook up.,11-06-2025,No recommendation,0.0,0.0,MissBuysAlot,English,Walmart,bazaarvoice
12014964263,"Tracfone Samsung Galaxy A15, 64GB, 5G, Black - Prepaid Smartphone [Locked to Tracfone]",Cell Phones,Walmart.com,F55CDC31AB754BB68FE0B39041159D63,59.88,IN_STOCK,4.3,1989,/ip/Tracfone-Samsung-Galaxy-A15-64GB-5G-Black-Prepaid-Smartphone-Locked-to-Tracfone/12014964263,"Tracfone Samsung Galaxy A15, 64GB, 5G, Black - Prepaid Smartphone [Locked to Tracfone]",Prepaid Android phones,2.0,Samsung galaxy A15 (Tracfone),"I was very disappointed because This phone was advertised with 8gb of ram,It has only got 4gb ram,I already had phone that was 4gb, Just was looking forward  to getting the 8gb ram..",10-05-2025,False,0.0,0.0,Jeffery,English,Walmart,bazaarvoice
12014964263,"Tracfone Samsung Galaxy A15, 64GB, 5G, Black - Prepaid Smartphone [Locked to Tracfone]",Cell Phones,Walmart.com,F55CDC31AB754BB68FE0B39041159D63,59.88,IN_STOCK,4.3,1989,/ip/Tracfone-Samsung-Galaxy-A15-64GB-5G-Black-Prepaid-Smartphone-Locked-to-Tracfone/12014964263,"Tracfone Samsung Galaxy A15, 64GB, 5G, Black - Prepaid Smartphone [Locked to Tracfone]",Prepaid Android phones,5.0,Great inexpensive phone,While the phone is a bit bigger than my last Samsung it certainly has all the functionality that counts. It's easy to use and does the job for me. I am very satisfied.,12/29/2025,True,0.0,0.0,Willa,English,unknown,bazaarvoice
12014964263,"Tracfone Samsung Galaxy A15, 64GB, 5G, Black - Prepaid Smartphone [Locked to Tracfone]",Cell Phones,Walmart.com,F55CDC31AB754BB68FE0B39041159D63,59.88,IN_STOCK,4.3,1989,/ip/Tracfone-Samsung-Galaxy-A15-64GB-5G-Black-Prepaid-Smartphone-Locked-to-Tracfone/12014964263,"Tracfone Samsung Galaxy A15, 64GB, 5G, Black - Prepaid Smartphone [Locked to Tracfone]",Prepaid Android phones,5.0,Excellent phone,I mainly got this phone because I needed a phone that can scan and work with my diabetes sensor. This phone also has good memory and speed with other apps. The phone is not designed for games that's ok for me.,11/13/2025,True,0.0,0.0,Unknown,English,unknown,bazaarvoice
12014964263,"Tracfone Samsung Galaxy A15, 64GB, 5G, Black - Prepaid Smartphone [Locked to Tracfone]",Cell Phones,Walmart.com,F55CDC31AB754BB68FE0B39041159D63,59.88,IN_STOCK,4.3,1989,/ip/Tracfone-Samsung-Galaxy-A15-64GB-5G-Black-Prepaid-Smartphone-Locked-to-Tracfone/12014964263,"Tracfone Samsung Galaxy A15, 64GB, 5G, Black - Prepaid Smartphone [Locked to Tracfone]",Prepaid Android phones,5.0,Better than expected,A welcome change over my previous phone. The contrast and clarity provides easy viewing. It loads quickly and easy to navigate. The battery doesn't require constant charging and when it does it's fast charging. Very pleased with the purchase.,11-07-2025,True,0.0,0.0,SkepticLee,English,unknown,bazaarvoice
16339673812,"AT&T Motivate Pro 2 5G, 128 GB, Stormy Blue - Prepaid Smartphone [Locked to AT&T]",Cell Phones,Walmart.com,F55CDC31AB754BB68FE0B39041159D63,49.88,IN_STOCK,4.2,224,/ip/ATT-Motivate-Pro-2-5G/16339673812,"AT&T Motivate Pro 2 5G, 128 GB, Stormy Blue - Prepaid Smartphone [Locked to AT&T]",5G AT&T Phones,5.0,yes,"I do like this phone,sofar so good,getting  use to it",1/21/2026,True,0.0,0.0,waylon,English,Walmart,bazaarvoice
16339673812,"AT&T Motivate Pro 2 5G, 128 GB, Stormy Blue - Prepaid Smartphone [Locked to AT&T]",Cell Phones,Walmart.com,F55CDC31AB754BB68FE0B39041159D63,49.88,IN_STOCK,4.2,224,/ip/ATT-Motivate-Pro-2-5G/16339673812,"AT&T Motivate Pro 2 5G, 128 GB, Stormy Blue - Prepaid Smartphone [Locked to AT&T]",5G AT&T Phones,1.0,No title,the speaker on the phone was broken i could barley hear them and they couldnt hear me,4/14/2026,False,0.0,0.0,Darron,English,Walmart,bazaarvoice
16339673812,"AT&T Motivate Pro 2 5G, 128 GB, Stormy Blue - Prepaid Smartphone [Locked to AT&T]",Cell Phones,Walmart.com,F55CDC31AB754BB68FE0B39041159D63,49.88,IN_STOCK,4.2,224,/ip/ATT-Motivate-Pro-2-5G/16339673812,"AT&T Motivate Pro 2 5G, 128 GB, Stormy Blue - Prepaid Smartphone [Locked to AT&T]",5G AT&T Phones,1.0,No title,The phone just sucks,02-10-2026,No recommendation,0.0,0.0,Felicia,English,Walmart,bazaarvoice
16339673812,"AT&T Motivate Pro 2 5G, 128 GB, Stormy Blue - Prepaid Smartphone [Locked to AT&T]",Cell Phones,Walmart.com,F55CDC31AB754BB68FE0B39041159D63,49.88,IN_STOCK,4.2,224,/ip/ATT-Motivate-Pro-2-5G/16339673812,"AT&T Motivate Pro 2 5G, 128 GB, Stormy Blue - Prepaid Smartphone [Locked to AT&T]",5G AT&T Phones,4.0,No title,Decent phone for price,2/21/2026,True,0.0,0.0,Kamari,English,Walmart,bazaarvoice
16339673812,"AT&T Motivate Pro 2 5G, 128 GB, Stormy Blue - Prepaid Smartphone [Locked to AT&T]",Cell Phones,Walmart.com,F55CDC31AB754BB68FE0B39041159D63,49.88,IN_STOCK,4.2,224,/ip/ATT-Motivate-Pro-2-5G/16339673812,"AT&T Motivate Pro 2 5G, 128 GB, Stormy Blue - Prepaid Smartphone [Locked to AT&T]",5G AT&T Phones,1.0,No title,Because of the low price of phone,12-01-2025,No recommendation,0.0,5.0,WalmartCustomer,English,unknown,bazaarvoice
15418973113,"Samsung Galaxy A36 5G A Series 128GB Unlocked Android Cell Phone with 50MP Camera, Awesome Black",Cell Phones,DAC Enterprises,17FC341ABE8B40C98A71CEFBDB82AF2F,240.72,IN_STOCK,4.5,2111,/ip/A36-5G-Awesome-Black/15418973113,"Samsung Galaxy A36 - 5G smartphone - dual-SIM - RAM 6 GB / Internal Memory 128 GB - OLED display - 6.7"" - 2340 x 1080 pixels (120 Hz) - 3x rear cameras 50 MP, 8 MP, 5 MP - front camera 12 MP - awesome lavender",5G Unlocked Phones,3.0,Performance not as good as predecessor,"Bought the phone in January. Doesn't have a premium fell to feels cheap plastic 
Battery life wasn't too bad 
Good wifi distance 
Didn't have any wow features and overheated from streaming on YouTube 
Decent camera",4/29/2026,False,0.0,0.0,Baby boy1,English,unknown,bazaarvoice
15418973113,"Samsung Galaxy A36 5G A Series 128GB Unlocked Android Cell Phone with 50MP Camera, Awesome Black",Cell Phones,DAC Enterprises,17FC341ABE8B40C98A71CEFBDB82AF2F,240.72,IN_STOCK,4.5,2111,/ip/A36-5G-Awesome-Black/15418973113,"Samsung Galaxy A36 - 5G smartphone - dual-SIM - RAM 6 GB / Internal Memory 128 GB - OLED display - 6.7"" - 2340 x 1080 pixels (120 Hz) - 3x rear cameras 50 MP, 8 MP, 5 MP - front camera 12 MP - awesome lavender",5G Unlocked Phones,4.0,can't access voicemail as easily,"for some reason, it says verizon when it is turned on, even though it is unlocked. I have T Mobile. Now when I get a voicemail, I can't just click on it or press and hold ""1"". I have to dial ""123"" to access my voicemail.",5/25/2026,No recommendation,0.0,0.0,KAREN,English,Seller,bazaarvoice
15418973113,"Samsung Galaxy A36 5G A Series 128GB Unlocked Android Cell Phone with 50MP Camera, Awesome Black",Cell Phones,DAC Enterprises,17FC341ABE8B40C98A71CEFBDB82AF2F,240.72,IN_STOCK,4.5,2111,/ip/A36-5G-Awesome-Black/15418973113,"Samsung Galaxy A36 5G A Series 128GB Unlocked Android Cell Phone with 50MP Camera, Awesome Black",5G Unlocked Phones,3.0,New phone is ok but not great,"What was a surprise when buying this ""unlocked"" phone and then went to t-mobile to set it up, what that when the phone is restarted or powered off and back on.... the power up screen show V - Verison.   I do not like that and do not appreciate not being informed that is what may or does happen with a phone that is not locked. 
The t-mobile associate told me that it is a phone originally made for a manufacturer like veison, then unlocked so it can be set up elsewhere on other phone services, but the start up screen will show the phone service it was originally created for and he could not change that. 
If that does not bother you then the phone is ok.",02-01-2026,False,0.0,0.0,Dave,English,Walmart,bazaarvoice
15418973113,"Samsung Galaxy A36 5G A Series 128GB Unlocked Android Cell Phone with 50MP Camera, Awesome Black",Cell Phones,DAC Enterprises,17FC341ABE8B40C98A71CEFBDB82AF2F,240.72,IN_STOCK,4.5,2111,/ip/A36-5G-Awesome-Black/15418973113,"Samsung Galaxy A36 5G A Series 128GB Unlocked Android Cell Phone with 50MP Camera, Awesome Black",5G Unlocked Phones,5.0,Good Value for Money,"Much better than my Old A32  5G model. This phone is Unlocked and it works with my AT%26T 5G carrier , it is the right model that AT%26T approves SM-S366V.  Dual Sim, seems to be an international phone, just my opinion here. Happy with purchase so far. it needed several software updates but that is normal because is a mid 2025 model. my old phone died and wasnt able to use the  phone to phone transfer apps.",1/24/2026,True,0.0,0.0,Manuela,English,Walmart,bazaarvoice
15418973113,"Samsung Galaxy A36 5G A Series 128GB Unlocked Android Cell Phone with 50MP Camera, Awesome Black",Cell Phones,DAC Enterprises,17FC341ABE8B40C98A71CEFBDB82AF2F,240.72,IN_STOCK,4.5,2111,/ip/A36-5G-Awesome-Black/15418973113,"Samsung Galaxy A36 5G A Series 128GB Unlocked Android Cell Phone with 50MP Camera, Awesome Black",5G Unlocked Phones,4.0,There's a reason the price was low,"I guess I shouldn't be surprised but this phone is, well, a little flaky. Now as far as I can tell, the phone is new... but there were some oddities:

Opened it up and there was a piece of paper with some instructions... not from Samsung.

Not all the items described in the documentation were in the box (earphones and charger were missing)

While it seems to be unlocked, when you boot you see a ""Verizon"" screen

And the documentation directs you to the samsung.com/hk page which is the Hong Kong site.

Guess I saved $70 over buying a brand new one direct from Samsung. Over the long run that may not be worth it.",2/27/2026,False,0.0,0.0,Michael,English,Seller,bazaarvoice
15418973113,"Samsung Galaxy A36 5G A Series 128GB Unlocked Android Cell Phone with 50MP Camera, Awesome Black",Cell Phones,DAC Enterprises,17FC341ABE8B40C98A71CEFBDB82AF2F,240.72,IN_STOCK,4.5,2111,/ip/A36-5G-Awesome-Black/15418973113,"Samsung Galaxy A36 5G A Series 128GB Unlocked Android Cell Phone with 50MP Camera, Awesome Black",5G Unlocked Phones,5.0,This phone is good for the cost.,"[This review was collected as part of a promotion.] The a series is are great phone for half the price if you live the s series but dont have the money to spend on the, I highly recommend the a series.",10-07-2025,No recommendation,0.0,0.0,Brittany,English,unknown,bazaarvoice
15418973113,"Samsung Galaxy A36 5G A Series 128GB Unlocked Android Cell Phone with 50MP Camera, Awesome Black",Cell Phones,DAC Enterprises,17FC341ABE8B40C98A71CEFBDB82AF2F,240.72,IN_STOCK,4.5,2111,/ip/A36-5G-Awesome-Black/15418973113,"Samsung Galaxy A36 5G A Series 128GB Unlocked Android Cell Phone with 50MP Camera, Awesome Black",5G Unlocked Phones,5.0,Very easy to use love the Gemini AI.,[This review was collected as part of a promotion.] I use my Gemini AI for photos and creative things to do with photos and videos. So easy to learn to use very fast speed one of the best phones I have ever owned.,10-10-2025,No recommendation,0.0,0.0,LoveGeminiAI4photos,English,unknown,bazaarvoice
15418973113,"Samsung Galaxy A36 5G A Series 128GB Unlocked Android Cell Phone with 50MP Camera, Awesome Black",Cell Phones,DAC Enterprises,17FC341ABE8B40C98A71CEFBDB82AF2F,240.72,IN_STOCK,4.5,2111,/ip/A36-5G-Awesome-Black/15418973113,"Samsung Galaxy A36 5G A Series 128GB Unlocked Android Cell Phone with 50MP Camera, Awesome Black",5G Unlocked Phones,5.0,Great Upgrade,"This is one of the best phones ever! I recently upgraded my Moto G 5G 2023 to this Samsung A36 for my 16th birthday, and it was worth it. Great camera, good performance, 6 OS updates. I'd definitely recommend this phone for a friend.",11/15/2025,True,0.0,0.0,MajicJ,English,unknown,bazaarvoice
15418973113,"Samsung Galaxy A36 5G A Series 128GB Unlocked Android Cell Phone with 50MP Camera, Awesome Black",Cell Phones,DAC Enterprises,17FC341ABE8B40C98A71CEFBDB82AF2F,240.72,IN_STOCK,4.5,2111,/ip/A36-5G-Awesome-Black/15418973113,"Samsung Galaxy A36 5G A Series 128GB Unlocked Android Cell Phone with 50MP Camera, Awesome Black",5G Unlocked Phones,5.0,This product family has to be the best yet,[This review was collected as part of a promotion.] I will always be an android/Galaxy customer. The price range and affordable plans really make it easy to get a device in these very fast times.,10/31/2025,No recommendation,0.0,0.0,Italianhamma777,English,unknown,bazaarvoice
15418973113,"Samsung Galaxy A36 5G A Series 128GB Unlocked Android Cell Phone with 50MP Camera, Awesome Black",Cell Phones,DAC Enterprises,17FC341ABE8B40C98A71CEFBDB82AF2F,240.72,IN_STOCK,4.5,2111,/ip/A36-5G-Awesome-Black/15418973113,"Samsung Galaxy A36 5G A Series 128GB Unlocked Android Cell Phone with 50MP Camera, Awesome Black",5G Unlocked Phones,5.0,Galaxy is my wife and I favorite Brand,"[This review was collected as part of a promotion.] I use my device for various reasons 
I've been a FAN of Galaxy since the first time I put a Galaxy phone in my hand.",10/23/2025,No recommendation,0.0,0.0,BigGalaxy74,English,unknown,bazaarvoice
15418973113,"Samsung Galaxy A36 5G A Series 128GB Unlocked Android Cell Phone with 50MP Camera, Awesome Black",Cell Phones,DAC Enterprises,17FC341ABE8B40C98A71CEFBDB82AF2F,240.72,IN_STOCK,4.5,2111,/ip/A36-5G-Awesome-Black/15418973113,"Samsung Galaxy A36 5G A Series 128GB Unlocked Android Cell Phone with 50MP Camera, Awesome Black",5G Unlocked Phones,2.0,"Used product, not new.",The description said the phone was new. It arrived and it was clear it was not new. It was missing all the paperwork and attachments. It looks used.,11/16/2025,False,0.0,0.0,Wawama,English,Walmart,bazaarvoice
15418973113,"Samsung Galaxy A36 5G A Series 128GB Unlocked Android Cell Phone with 50MP Camera, Awesome Black",Cell Phones,DAC Enterprises,17FC341ABE8B40C98A71CEFBDB82AF2F,240.72,IN_STOCK,4.5,2111,/ip/A36-5G-Awesome-Black/15418973113,"Samsung Galaxy A36 - 5G smartphone - dual-SIM - RAM 6 GB / Internal Memory 128 GB - OLED display - 6.7"" - 2340 x 1080 pixels (120 Hz) - 3x rear cameras 50 MP, 8 MP, 5 MP - front camera 12 MP - awesome lavender",5G Unlocked Phones,3.0,Big screen,[This review was collected as part of a promotion.] Galaxy a35 is great for gaming and has a nice big screen great photo quality okay battery life,5/22/2026,No recommendation,4.0,0.0,Ashley1995,English,unknown,bazaarvoice
15418973113,"Samsung Galaxy A36 5G A Series 128GB Unlocked Android Cell Phone with 50MP Camera, Awesome Black",Cell Phones,DAC Enterprises,17FC341ABE8B40C98A71CEFBDB82AF2F,240.72,IN_STOCK,4.5,2111,/ip/A36-5G-Awesome-Black/15418973113,"Samsung Galaxy A36 - 5G smartphone - dual-SIM - RAM 6 GB / Internal Memory 128 GB - OLED display - 6.7"" - 2340 x 1080 pixels (120 Hz) - 3x rear cameras 50 MP, 8 MP, 5 MP - front camera 12 MP - awesome lavender",5G Unlocked Phones,5.0,The Samsung A36 has great features,"[This review was collected as part of a promotion.] I use it for work, streaming,  sports,  movies and games.",05-04-2026,No recommendation,4.0,0.0,Nightowl,English,unknown,bazaarvoice
15418973113,"Samsung Galaxy A36 5G A Series 128GB Unlocked Android Cell Phone with 50MP Camera, Awesome Black",Cell Phones,DAC Enterprises,17FC341ABE8B40C98A71CEFBDB82AF2F,240.72,IN_STOCK,4.5,2111,/ip/A36-5G-Awesome-Black/15418973113,"Samsung Galaxy A36 5G A Series 128GB Unlocked Android Cell Phone with 50MP Camera, Awesome Black",5G Unlocked Phones,2.0,Budget phone,Battery drains very fast. Takes time to unlock screen. Voice quality is low. Sometimes it gets stuck for few seconds and then functions properly. Phones becomes hot very often.,7/20/2025,False,0.0,0.0,Annie,English,unknown,bazaarvoice
15418973113,"Samsung Galaxy A36 5G A Series 128GB Unlocked Android Cell Phone with 50MP Camera, Awesome Black",Cell Phones,DAC Enterprises,17FC341ABE8B40C98A71CEFBDB82AF2F,240.72,IN_STOCK,4.5,2111,/ip/A36-5G-Awesome-Black/15418973113,"Samsung Galaxy A36 5G A Series 128GB Unlocked Android Cell Phone with 50MP Camera, Awesome Black",5G Unlocked Phones,5.0,Most features of the S series,"Great, really great budget phone.  Has very few features lesser than the S series.  Great processor, and camera.  I was a little concerned it is a larger format than the A54, but I have adapted!",7/30/2025,No recommendation,0.0,0.0,John Jim,English,unknown,bazaarvoice
15418973113,"Samsung Galaxy A36 5G A Series 128GB Unlocked Android Cell Phone with 50MP Camera, Awesome Black",Cell Phones,DAC Enterprises,17FC341ABE8B40C98A71CEFBDB82AF2F,240.72,IN_STOCK,4.5,2111,/ip/A36-5G-Awesome-Black/15418973113,"Samsung Galaxy A36 5G A Series 128GB Unlocked Android Cell Phone with 50MP Camera, Awesome Black",5G Unlocked Phones,5.0,"Good phone, good price",This phone is fast and battery life is great.  I love the price point too; it looks like a more expensive phone.  The lavender ombre color is beautiful.  Overall I love this phone.,06-11-2025,No recommendation,0.0,0.0,Suszie,English,unknown,bazaarvoice
15418973113,"Samsung Galaxy A36 5G A Series 128GB Unlocked Android Cell Phone with 50MP Camera, Awesome Black",Cell Phones,DAC Enterprises,17FC341ABE8B40C98A71CEFBDB82AF2F,240.72,IN_STOCK,4.5,2111,/ip/A36-5G-Awesome-Black/15418973113,"Samsung Galaxy A36 5G A Series 128GB Unlocked Android Cell Phone with 50MP Camera, Awesome Black",5G Unlocked Phones,5.0,Great Trade In Deal,"The variety of options in setup can be dizzying, but it's sleek and great looking and easy to use. The sound is outstanding and it connected with all my pheripherals without any issues.",08-12-2025,True,0.0,0.0,SoylaNY,English,unknown,bazaarvoice
15418973113,"Samsung Galaxy A36 5G A Series 128GB Unlocked Android Cell Phone with 50MP Camera, Awesome Black",Cell Phones,DAC Enterprises,17FC341ABE8B40C98A71CEFBDB82AF2F,240.72,IN_STOCK,4.5,2111,/ip/A36-5G-Awesome-Black/15418973113,"Samsung Galaxy A36 5G A Series 128GB Unlocked Android Cell Phone with 50MP Camera, Awesome Black",5G Unlocked Phones,1.0,Out of control,Riddled with bugs. Nothing i set up remains where I put it.,1/29/2026,False,0.0,0.0,Disappointed,English,unknown,bazaarvoice
15418973113,"Samsung Galaxy A36 5G A Series 128GB Unlocked Android Cell Phone with 50MP Camera, Awesome Black",Cell Phones,DAC Enterprises,17FC341ABE8B40C98A71CEFBDB82AF2F,240.72,IN_STOCK,4.5,2111,/ip/A36-5G-Awesome-Black/15418973113,"Samsung Galaxy A36 5G A Series 128GB Unlocked Android Cell Phone with 50MP Camera, Awesome Black",5G Unlocked Phones,5.0,Perfect For Me,"Just what I wanted, good size, stronger battery, familiar system",02-01-2026,No recommendation,0.0,0.0,Star726,English,unknown,bazaarvoice
15418973113,"Samsung Galaxy A36 5G A Series 128GB Unlocked Android Cell Phone with 50MP Camera, Awesome Black",Cell Phones,DAC Enterprises,17FC341ABE8B40C98A71CEFBDB82AF2F,240.72,IN_STOCK,4.5,2111,/ip/A36-5G-Awesome-Black/15418973113,"Samsung Galaxy A36 5G A Series 128GB Unlocked Android Cell Phone with 50MP Camera, Awesome Black",5G Unlocked Phones,5.0,No title,i like the A36 it's fast and reliable for the price.,1/16/2026,True,0.0,0.0,Cheryl,English,Seller,bazaarvoice
15126450594,"Total Wireless Motorola Moto g Power 2025, 5G, 128GB, Gray - Prepaid Smartphone [Locked to Total Wireless]",Cell Phones,VIPOUTLET,66656029CC6541CBADDFA17547A98DE0,113.0,IN_STOCK,4.6,67,/ip/Total-Wireless-Motorola-Moto-g-Power-2025-5G-128GB-Gray-Prepaid-Smartphone-Locked-to-Total-Wireless/15126450594,"Total Wireless Motorola Moto g Power 2025, 5G, 128GB, Gray - Prepaid Smartphone [Locked to Total Wireless]",5G Prepaid Phones,5.0,Phone,This phone is much better than my A14. It's faster and only need to charge every other day,10/19/2025,True,0.0,0.0,Linda Behrens,English,unknown,bazaarvoice
15126450594,"Total Wireless Motorola Moto g Power 2025, 5G, 128GB, Gray - Prepaid Smartphone [Locked to Total Wireless]",Cell Phones,VIPOUTLET,66656029CC6541CBADDFA17547A98DE0,113.0,IN_STOCK,4.6,67,/ip/Total-Wireless-Motorola-Moto-g-Power-2025-5G-128GB-Gray-Prepaid-Smartphone-Locked-to-Total-Wireless/15126450594,"Total Wireless Motorola Moto g Power 2025, 5G, 128GB, Gray - Prepaid Smartphone [Locked to Total Wireless]",5G Prepaid Phones,5.0,Great phone  thanks for the awesome job you guys,Thanks total wireless   would like every one to join total wireless,4/15/2026,True,0.0,0.0,Baker2o,English,unknown,bazaarvoice
15126450594,"Total Wireless Motorola Moto g Power 2025, 5G, 128GB, Gray - Prepaid Smartphone [Locked to Total Wireless]",Cell Phones,VIPOUTLET,66656029CC6541CBADDFA17547A98DE0,113.0,IN_STOCK,4.6,67,/ip/Total-Wireless-Motorola-Moto-g-Power-2025-5G-128GB-Gray-Prepaid-Smartphone-Locked-to-Total-Wireless/15126450594,"Total Wireless Motorola Moto g Power 2025, 5G, 128GB, Gray - Prepaid Smartphone [Locked to Total Wireless]",5G Prepaid Phones,5.0,Great Phone,This is a great phone for the price. It has lots of storage space and really good graphics.,12-01-2025,True,0.0,0.0,Rob W.,English,unknown,bazaarvoice
15126450594,"Total Wireless Motorola Moto g Power 2025, 5G, 128GB, Gray - Prepaid Smartphone [Locked to Total Wireless]",Cell Phones,VIPOUTLET,66656029CC6541CBADDFA17547A98DE0,113.0,IN_STOCK,4.6,67,/ip/Total-Wireless-Motorola-Moto-g-Power-2025-5G-128GB-Gray-Prepaid-Smartphone-Locked-to-Total-Wireless/15126450594,"Total Wireless Motorola Moto g Power 2025, 5G, 128GB, Gray - Prepaid Smartphone [Locked to Total Wireless]",5G Prepaid Phones,5.0,great,I love this phone good space great camera works beautifully,11/17/2025,True,0.0,0.0,Jennifer,English,Walmart,bazaarvoice
15126450594,"Total Wireless Motorola Moto g Power 2025, 5G, 128GB, Gray - Prepaid Smartphone [Locked to Total Wireless]",Cell Phones,VIPOUTLET,66656029CC6541CBADDFA17547A98DE0,113.0,IN_STOCK,4.6,67,/ip/Total-Wireless-Motorola-Moto-g-Power-2025-5G-128GB-Gray-Prepaid-Smartphone-Locked-to-Total-Wireless/15126450594,"Total Wireless Motorola Moto g Power 2025, 5G, 128GB, Gray - Prepaid Smartphone [Locked to Total Wireless]",5G Prepaid Phones,5.0,No title,works great can't wait to give to my husband for Christmas,11/23/2025,True,0.0,0.0,Kimberly,English,Walmart,bazaarvoice
15126450594,"Total Wireless Motorola Moto g Power 2025, 5G, 128GB, Gray - Prepaid Smartphone [Locked to Total Wireless]",Cell Phones,VIPOUTLET,66656029CC6541CBADDFA17547A98DE0,113.0,IN_STOCK,4.6,67,/ip/Total-Wireless-Motorola-Moto-g-Power-2025-5G-128GB-Gray-Prepaid-Smartphone-Locked-to-Total-Wireless/15126450594,"Total Wireless Motorola Moto g Power 2025, 5G, 128GB, Gray - Prepaid Smartphone [Locked to Total Wireless]",5G Prepaid Phones,5.0,great phone,absolutely love this phone. fast charging battery and lightweight exactly as described,11-11-2025,True,0.0,0.0,Unknown,English,Walmart,bazaarvoice
15126450594,"Total Wireless Motorola Moto g Power 2025, 5G, 128GB, Gray - Prepaid Smartphone [Locked to Total Wireless]",Cell Phones,VIPOUTLET,66656029CC6541CBADDFA17547A98DE0,113.0,IN_STOCK,4.6,67,/ip/Total-Wireless-Motorola-Moto-g-Power-2025-5G-128GB-Gray-Prepaid-Smartphone-Locked-to-Total-Wireless/15126450594,"Total Wireless Motorola Moto g Power 2025, 5G, 128GB, Gray - Prepaid Smartphone [Locked to Total Wireless]",5G Prepaid Phones,5.0,Good,It's a great phone and works well and has good clear audio,05-08-2025,No recommendation,0.0,0.0,David Knepp,English,unknown,bazaarvoice
15126450594,"Total Wireless Motorola Moto g Power 2025, 5G, 128GB, Gray - Prepaid Smartphone [Locked to Total Wireless]",Cell Phones,VIPOUTLET,66656029CC6541CBADDFA17547A98DE0,113.0,IN_STOCK,4.6,67,/ip/Total-Wireless-Motorola-Moto-g-Power-2025-5G-128GB-Gray-Prepaid-Smartphone-Locked-to-Total-Wireless/15126450594,"Total Wireless Motorola Moto g Power 2025, 5G, 128GB, Gray - Prepaid Smartphone [Locked to Total Wireless]",5G Prepaid Phones,5.0,Great phone fast internet speed and reliably good,"Fast charging and long battery life,. definitely would recommend.",5/26/2025,True,0.0,0.0,Samb,English,unknown,bazaarvoice
15126450594,"Total Wireless Motorola Moto g Power 2025, 5G, 128GB, Gray - Prepaid Smartphone [Locked to Total Wireless]",Cell Phones,VIPOUTLET,66656029CC6541CBADDFA17547A98DE0,113.0,IN_STOCK,4.6,67,/ip/Total-Wireless-Motorola-Moto-g-Power-2025-5G-128GB-Gray-Prepaid-Smartphone-Locked-to-Total-Wireless/15126450594,"Total Wireless Motorola Moto g Power 2025, 5G, 128GB, Gray - Prepaid Smartphone [Locked to Total Wireless]",5G Prepaid Phones,4.0,Great phone,Phone is reliable and affordable. Battery life is very good.,06-11-2025,True,0.0,0.0,Stephanie W.,English,unknown,bazaarvoice
15126450594,"Total Wireless Motorola Moto g Power 2025, 5G, 128GB, Gray - Prepaid Smartphone [Locked to Total Wireless]",Cell Phones,VIPOUTLET,66656029CC6541CBADDFA17547A98DE0,113.0,IN_STOCK,4.6,67,/ip/Total-Wireless-Motorola-Moto-g-Power-2025-5G-128GB-Gray-Prepaid-Smartphone-Locked-to-Total-Wireless/15126450594,"Total Wireless Motorola Moto g Power 2025, 5G, 128GB, Gray - Prepaid Smartphone [Locked to Total Wireless]",5G Prepaid Phones,4.0,"Great phone, good price, Verizon locked.",Fast w/ clear screen. Good price. Too bad it's locked.,04-07-2025,True,0.0,0.0,kdacar,English,unknown,bazaarvoice
14942374852,"Samsung Galaxy S25 128GB US Version, Unlocked Android Smartphone with 50MP Camera, 8K Video, Long Battery, Navy",Cell Phones,Cellwave Inc,4E123F5DBCF248E4A0D06265A91B3988,679.97,IN_STOCK,4.7,4994,/ip/PA1-128GB-Navy/14942374852,"Samsung Galaxy S25 256GB US Version, Unlocked Android Smartphone with 50MP Camera, 8K Video, Long Battery, Navy",All Samsung Galaxy Unlocked Phones,5.0,This device runs very smooth no lagging.  Perfect,[This review was collected as part of a promotion.] I bought this phone few weeks ago. I am very happy with the product and worth spending money.,04-08-2026,True,0.0,0.0,Jinder,English,unknown,bazaarvoice
14942374852,"Samsung Galaxy S25 128GB US Version, Unlocked Android Smartphone with 50MP Camera, 8K Video, Long Battery, Navy",Cell Phones,Cellwave Inc,4E123F5DBCF248E4A0D06265A91B3988,679.97,IN_STOCK,4.7,4994,/ip/PA1-128GB-Navy/14942374852,"Samsung Galaxy S25 256GB US Version, Unlocked Android Smartphone with 50MP Camera, 8K Video, Long Battery, Navy",All Samsung Galaxy Unlocked Phones,5.0,Easy and nice.,[This review was collected as part of a promotion.] Easy to transfer data from previous to new one. Easy to use.,04-08-2026,True,0.0,0.0,RRK11,English,unknown,bazaarvoice
14942374852,"Samsung Galaxy S25 128GB US Version, Unlocked Android Smartphone with 50MP Camera, 8K Video, Long Battery, Navy",Cell Phones,Cellwave Inc,4E123F5DBCF248E4A0D06265A91B3988,679.97,IN_STOCK,4.7,4994,/ip/PA1-128GB-Navy/14942374852,"Samsung Galaxy S25 256GB US Version, Unlocked Android Smartphone with 50MP Camera, 8K Video, Long Battery, Navy",All Samsung Galaxy Unlocked Phones,5.0,"Phone smart ,fast and ease of use excellent.","[This review was collected as part of a promotion.] Great phone,camera is amazing. The best phone I have ever owned.",04-06-2026,True,0.0,0.0,Tiger2,English,unknown,bazaarvoice
14942374852,"Samsung Galaxy S25 128GB US Version, Unlocked Android Smartphone with 50MP Camera, 8K Video, Long Battery, Navy",Cell Phones,Cellwave Inc,4E123F5DBCF248E4A0D06265A91B3988,679.97,IN_STOCK,4.7,4994,/ip/PA1-128GB-Navy/14942374852,"Samsung Galaxy S25 256GB US Version, Unlocked Android Smartphone with 50MP Camera, 8K Video, Long Battery, Navy",All Samsung Galaxy Unlocked Phones,3.0,Galaxy S25 256Gb (Unlocked),"The phone is nice, it just heats up really fast. I haven't had a phone where the battery gets hot so quickly when in use. I also feel like it dies quicker than my previous phone, which was a Galazy S21+.",10/29/2025,No recommendation,0.0,0.0,Owl B,English,unknown,bazaarvoice
14942374852,"Samsung Galaxy S25 128GB US Version, Unlocked Android Smartphone with 50MP Camera, 8K Video, Long Battery, Navy",Cell Phones,Cellwave Inc,4E123F5DBCF248E4A0D06265A91B3988,679.97,IN_STOCK,4.7,4994,/ip/PA1-128GB-Navy/14942374852,"Samsung Galaxy S25 256GB US Version, Unlocked Android Smartphone with 50MP Camera, 8K Video, Long Battery, Navy",All Samsung Galaxy Unlocked Phones,5.0,Nice upgrade,"Upgraded from an S23 and I'm very happy. The S25 is very responsive, slightly thinner and lighter which is good for me. The screen is crisp, clear, images load quickly. Overall a positive upgrade.",01-03-2026,True,0.0,0.0,Unknown,English,unknown,bazaarvoice
14942374852,"Samsung Galaxy S25 128GB US Version, Unlocked Android Smartphone with 50MP Camera, 8K Video, Long Battery, Navy",Cell Phones,Cellwave Inc,4E123F5DBCF248E4A0D06265A91B3988,679.97,IN_STOCK,4.7,4994,/ip/PA1-128GB-Navy/14942374852,"Samsung Galaxy S25 256GB US Version, Unlocked Android Smartphone with 50MP Camera, 8K Video, Long Battery, Navy",All Samsung Galaxy Unlocked Phones,4.0,No title,A small sleek design. Lightweight with a durable case. I am however disappointed that Samsung refuses to bring back the micro sd slot for memory. Battery life a little less than advertised so far,10-01-2025,True,0.0,0.0,Gahjah48,English,unknown,bazaarvoice
14942374852,"Samsung Galaxy S25 128GB US Version, Unlocked Android Smartphone with 50MP Camera, 8K Video, Long Battery, Navy",Cell Phones,Cellwave Inc,4E123F5DBCF248E4A0D06265A91B3988,679.97,IN_STOCK,4.7,4994,/ip/PA1-128GB-Navy/14942374852,"Samsung Galaxy S25 256GB US Version, Unlocked Android Smartphone with 50MP Camera, 8K Video, Long Battery, Navy",All Samsung Galaxy Unlocked Phones,5.0,Great!,So far so good! I'm a samsung user for 5 years?  I like this version due to the size. The other S25 are too big so I'm glad they still have a decent small size everytime a new one releases. Everything else seems good.,11/20/2025,True,0.0,0.0,PYaG,English,unknown,bazaarvoice
14942374852,"Samsung Galaxy S25 128GB US Version, Unlocked Android Smartphone with 50MP Camera, 8K Video, Long Battery, Navy",Cell Phones,Cellwave Inc,4E123F5DBCF248E4A0D06265A91B3988,679.97,IN_STOCK,4.7,4994,/ip/PA1-128GB-Navy/14942374852,"Samsung Galaxy S25 256GB US Version, Unlocked Android Smartphone with 50MP Camera, 8K Video, Long Battery, Navy",All Samsung Galaxy Unlocked Phones,5.0,Great phone,"We only buy Samsung for Android and T-Mobile. It is a combination made in heaven. Always perfect and beautiful. Crisp, clear, intutive, right-sized, dependable, long-lasting, and smart.",10/23/2025,True,0.0,0.0,Nancy,English,Walmart,bazaarvoice
14942374852,"Samsung Galaxy S25 128GB US Version, Unlocked Android Smartphone with 50MP Camera, 8K Video, Long Battery, Navy",Cell Phones,Cellwave Inc,4E123F5DBCF248E4A0D06265A91B3988,679.97,IN_STOCK,4.7,4994,/ip/PA1-128GB-Navy/14942374852,"Samsung Galaxy S25 256GB US Version, Unlocked Android Smartphone with 50MP Camera, 8K Video, Long Battery, Navy",All Samsung Galaxy Unlocked Phones,5.0,S25,"It's quite small but works great we didn't pay close attention to the screen size when we ordered the phone other than that we love Samsung phones, TV an sound bar",12/26/2025,True,0.0,0.0,Wendy,English,unknown,bazaarvoice
14942374852,"Samsung Galaxy S25 128GB US Version, Unlocked Android Smartphone with 50MP Camera, 8K Video, Long Battery, Navy",Cell Phones,Cellwave Inc,4E123F5DBCF248E4A0D06265A91B3988,679.97,IN_STOCK,4.7,4994,/ip/PA1-128GB-Navy/14942374852,"Samsung Galaxy S25 256GB US Version, Unlocked Android Smartphone with 50MP Camera, 8K Video, Long Battery, Navy",All Samsung Galaxy Unlocked Phones,5.0,S25,"just switched to the Galaxy S25 and wow — this thing is smooth, fast, and the camera is 🔥. Battery lasts all day and the AI features are actually useful. Samsung nailed it.",12/22/2025,No recommendation,0.0,0.0,Rogdoger45,English,unknown,bazaarvoice
14942374852,"Samsung Galaxy S25 128GB US Version, Unlocked Android Smartphone with 50MP Camera, 8K Video, Long Battery, Navy",Cell Phones,Cellwave Inc,4E123F5DBCF248E4A0D06265A91B3988,679.97,IN_STOCK,4.7,4994,/ip/PA1-128GB-Navy/14942374852,"Samsung Galaxy S25 256GB US Version, Unlocked Android Smartphone with 50MP Camera, 8K Video, Long Battery, Navy",All Samsung Galaxy Unlocked Phones,5.0,Great phone for the price.,"[This review was collected as part of a promotion.] I bought the Samsung Galaxy S25 FE about a month ago and overall I've been pretty happy with it. The display is bright and smooth with the 120Hz refresh rate, which makes everyday use feel really responsive, and the phone itself feels premium and lightweight. The camera takes solid photos in most situations, especially in good lighting, and it's more than enough for everyday use.

Performance has been good for general tasks like browsing, social media, and streaming. Battery life is decent.
Overall, it's a great mid-range phone that gives you a flagship-like experience without the flagship price.",04-12-2026,True,0.0,0.0,Neilu,English,unknown,bazaarvoice
14942374852,"Samsung Galaxy S25 128GB US Version, Unlocked Android Smartphone with 50MP Camera, 8K Video, Long Battery, Navy",Cell Phones,Cellwave Inc,4E123F5DBCF248E4A0D06265A91B3988,679.97,IN_STOCK,4.7,4994,/ip/PA1-128GB-Navy/14942374852,"Samsung Galaxy S25 256GB US Version, Unlocked Android Smartphone with 50MP Camera, 8K Video, Long Battery, Navy",All Samsung Galaxy Unlocked Phones,5.0,Beautiful phone,"[This review was collected as part of a promotion.] I procrastinated for 12 months or more as to whether I updated my S21 ...bought the S25FE a week ago and am soo happy that I have. Being an old person, it took me a couple of days to set up and am now discovering so many new things to play with (with photos etc) ...it's so much faster and easier to use, I am loving it and so happy I took the plunge. Lots more to discover too...I am looking forward to more discoveries.",04-11-2026,True,0.0,0.0,Belles,English,unknown,bazaarvoice
14942374852,"Samsung Galaxy S25 128GB US Version, Unlocked Android Smartphone with 50MP Camera, 8K Video, Long Battery, Navy",Cell Phones,Cellwave Inc,4E123F5DBCF248E4A0D06265A91B3988,679.97,IN_STOCK,4.7,4994,/ip/PA1-128GB-Navy/14942374852,"Samsung Galaxy S25 256GB US Version, Unlocked Android Smartphone with 50MP Camera, 8K Video, Long Battery, Navy",All Samsung Galaxy Unlocked Phones,5.0,Ticks All The Boxes,"[This review was collected as part of a promotion.] Feels great in the hand... light with a great battery life. Stylish colours ( I have the navy blue). And the killer of course, 7 yrs of Android and security updates which combined with Exynos 2400 processor makes it future proof for many many years to come. The 45W Super Fast Charging means I easily get a full days use and then some.

All in all it it gives me peace of mind and reassurance that I will not have any regrets of having made this purchase as the years roll by.",4/19/2026,True,0.0,0.0,Crikey,English,unknown,bazaarvoice
14942374852,"Samsung Galaxy S25 128GB US Version, Unlocked Android Smartphone with 50MP Camera, 8K Video, Long Battery, Navy",Cell Phones,Cellwave Inc,4E123F5DBCF248E4A0D06265A91B3988,679.97,IN_STOCK,4.7,4994,/ip/PA1-128GB-Navy/14942374852,"Samsung Galaxy S25 256GB US Version, Unlocked Android Smartphone with 50MP Camera, 8K Video, Long Battery, Navy",All Samsung Galaxy Unlocked Phones,4.0,"Please add an SD card holder, & remove the AI...","[This review was collected as part of a promotion.] The best  mobile phone I have had so fat, I really like it. 

The big screen is better for my eyes, as it is relaxing for readng. Nice strong battery life.  I really wish I could renove the AI , as the  AI causes me issues, as AI does things I dont want it to to do, & also please add an SD card holder for more storage . 

I do hope others will also plead with Samsung for these features.",4/25/2026,True,0.0,0.0,Ilsa24,English,unknown,bazaarvoice
14942374852,"Samsung Galaxy S25 128GB US Version, Unlocked Android Smartphone with 50MP Camera, 8K Video, Long Battery, Navy",Cell Phones,Cellwave Inc,4E123F5DBCF248E4A0D06265A91B3988,679.97,IN_STOCK,4.7,4994,/ip/PA1-128GB-Navy/14942374852,"Samsung Galaxy S25 256GB US Version, Unlocked Android Smartphone with 50MP Camera, 8K Video, Long Battery, Navy",All Samsung Galaxy Unlocked Phones,1.0,Do not buy from Walmart!!,"I cannot rate the phone because having ordered 2 from Walmart, neither were usable. The first one ended up being used, though it was sold as a new phone and it did not even turn on. It even had a cover put on by an old owner and a chip in it. It also was a different color than I ordered. No one apparently had even glanced at the item before sending it out. I ordered a second one, at a higher price, and it was new this time, but when I went to set it up, it turned out to be locked to a specific carrier even though it specifically stated it was unlocked. Even in the paper it was wrapped in when it was delivered it was described as an unlocked phone. I only discovered it wasn't when I tried to connect it and spoke to my carrier who assured me that it was definitely locked to Verizon and there was no way to change that. To add insult to injury I have to drive 20 miles each way, plus bridge tolls to get to a Walmart to return these phones, rather than dropping them off at a postal carrier near me. I will be keeping my old phone for a while, which still works fine, it just has to be charged twice a day. And more significantly, Walmart is on my spam list from now on.",3/13/2026,No recommendation,0.0,0.0,Eileen,English,Seller,bazaarvoice
14942374852,"Samsung Galaxy S25 128GB US Version, Unlocked Android Smartphone with 50MP Camera, 8K Video, Long Battery, Navy",Cell Phones,Cellwave Inc,4E123F5DBCF248E4A0D06265A91B3988,679.97,IN_STOCK,4.7,4994,/ip/PA1-128GB-Navy/14942374852,"Samsung Galaxy S25 256GB US Version, Unlocked Android Smartphone with 50MP Camera, 8K Video, Long Battery, Navy",All Samsung Galaxy Unlocked Phones,3.0,disappointing,"I purchased this phone as it was advertised as unlocked.  I discovered after one update that it is carrier unlocked not factory unlocked.  I now see a T-Mobile splash screen, and my landing page was changed to the Tmobile.com site.  also there ware many non factory apps that had to be uninstalled.  It is slower them my old S22.  Also after each Samsung update....have to undo the T-Mobile junk ware.
The phone is nice,  i down rated this so the seller will update the specs to show that is not factory unlocked.",3/25/2026,False,0.0,0.0,Mitchell,English,Seller,bazaarvoice
14942374852,"Samsung Galaxy S25 128GB US Version, Unlocked Android Smartphone with 50MP Camera, 8K Video, Long Battery, Navy",Cell Phones,Cellwave Inc,4E123F5DBCF248E4A0D06265A91B3988,679.97,IN_STOCK,4.7,4994,/ip/PA1-128GB-Navy/14942374852,"Samsung Galaxy S25 256GB US Version, Unlocked Android Smartphone with 50MP Camera, 8K Video, Long Battery, Navy",All Samsung Galaxy Unlocked Phones,1.0,No title,"Description said unlocked. Two things, it's a T-Mobile phone and it was not unlocked. Had to research how to do it.  I was looking for a deal though. Phone itself has some new features my S20 Note didn't.  Also doesn't have some features my S20 did. Overall satisfied though.",12/17/2025,True,1.0,0.0,Ross,English,Seller,bazaarvoice
14942374852,"Samsung Galaxy S25 128GB US Version, Unlocked Android Smartphone with 50MP Camera, 8K Video, Long Battery, Navy",Cell Phones,Cellwave Inc,4E123F5DBCF248E4A0D06265A91B3988,679.97,IN_STOCK,4.7,4994,/ip/PA1-128GB-Navy/14942374852,"Samsung Galaxy S25 256GB US Version, Unlocked Android Smartphone with 50MP Camera, 8K Video, Long Battery, Navy",All Samsung Galaxy Unlocked Phones,5.0,No title,I bought this unlocked phone. When I contacted Spectrum they were kind of confused at first and told me it was locked by T Mobile. I contacted the seller and they replied with guidance. I had to put the physical Sim of my old into this new one then it was not locked. There was no problem installing the updates either,03-11-2026,No recommendation,0.0,0.0,Hagen,English,Seller,bazaarvoice
14942374852,"Samsung Galaxy S25 128GB US Version, Unlocked Android Smartphone with 50MP Camera, 8K Video, Long Battery, Navy",Cell Phones,Cellwave Inc,4E123F5DBCF248E4A0D06265A91B3988,679.97,IN_STOCK,4.7,4994,/ip/PA1-128GB-Navy/14942374852,"Samsung Galaxy S25 128GB US Version, Unlocked Android Smartphone with 50MP Camera, 8K Video, Long Battery, Navy",All Samsung Galaxy Unlocked Phones,1.0,Ban DAC,Don't believe on DAC . I bought brand new but they sent open box mobile. Sim injector tool is missing . And it is resealed. Walmart please disconnect DAC .,05-06-2026,No recommendation,0.0,0.0,Ratheshwar,English,Walmart,bazaarvoice
14942374852,"Samsung Galaxy S25 128GB US Version, Unlocked Android Smartphone with 50MP Camera, 8K Video, Long Battery, Navy",Cell Phones,Cellwave Inc,4E123F5DBCF248E4A0D06265A91B3988,679.97,IN_STOCK,4.7,4994,/ip/PA1-128GB-Navy/14942374852,"Samsung Galaxy S25 256GB US Version, Unlocked Android Smartphone with 50MP Camera, 8K Video, Long Battery, Navy",All Samsung Galaxy Unlocked Phones,5.0,Great fetures,[This review was collected as part of a promotion.] I upgraded from a54 which is a good phone but tge s25fe is much better .love the camera so much better. Also i went for the 512 g. A54 was only 128,05-12-2026,True,0.0,0.0,Palut,English,unknown,bazaarvoice
15449067803,"Nothing Phone (3a) 5G Smartphone, Android Phones 50MP Camera, 50W Charging, Unlock 8+128GB White",Cell Phones,MyWorldPhone,E678A92F6586458A8B4A0233886E1354,449.99,IN_STOCK,4.5,46,/ip/Nothing-Phone-3a-Smartphone-6-77-120Hz-AMOLED-Display-50MP-Triple-Camera-System-Snapdragon-7sgen3-Processor-Bluetooth-5-4-IP64-5000mAh-50W-Charging-8/15449067803,"Nothing Phone (3a) Smartphone, 6.77"" 120Hz AMOLED Display, 50MP Triple Camera System, Snapdragon 7sgen3 Processor, Bluetooth 5.4, IP64, 5000mAh, 50W Charging 8+128GB White",5G Unlocked Phones,4.0,Decent phone at affordable price,"Very clean UI. Very responsive. Decent camera. 
But it doesn't have SD card support.",06-01-2025,True,0.0,0.0,anonymous,English,Walmart,bazaarvoice
15449067803,"Nothing Phone (3a) 5G Smartphone, Android Phones 50MP Camera, 50W Charging, Unlock 8+128GB White",Cell Phones,MyWorldPhone,E678A92F6586458A8B4A0233886E1354,449.99,IN_STOCK,4.5,46,/ip/Nothing-Phone-3a-Smartphone-6-77-120Hz-AMOLED-Display-50MP-Triple-Camera-System-Snapdragon-7sgen3-Processor-Bluetooth-5-4-IP64-5000mAh-50W-Charging-8/15449067803,"Nothing Phone (3a) Smartphone, 6.77"" 120Hz AMOLED Display, 50MP Triple Camera System, Snapdragon 7sgen3 Processor, Bluetooth 5.4, IP64, 5000mAh, 50W Charging 8+128GB White",5G Unlocked Phones,5.0,No title,Beautiful phone. Sleek overall look and performance. Good CP value.,5/14/2025,No recommendation,0.0,0.0,Tzyhyuan,English,Walmart,bazaarvoice
15449067803,"Nothing Phone (3a) 5G Smartphone, Android Phones 50MP Camera, 50W Charging, Unlock 8+128GB White",Cell Phones,MyWorldPhone,E678A92F6586458A8B4A0233886E1354,449.99,IN_STOCK,4.5,46,/ip/Nothing-Phone-3a-Smartphone-6-77-120Hz-AMOLED-Display-50MP-Triple-Camera-System-Snapdragon-7sgen3-Processor-Bluetooth-5-4-IP64-5000mAh-50W-Charging-8/15449067803,"Nothing Phone (3a) Smartphone, 6.77"" 120Hz AMOLED Display, 50MP Triple Camera System, Snapdragon 7sgen3 Processor, Bluetooth 5.4, IP64, 5000mAh, 50W Charging 8+128GB White",5G Unlocked Phones,5.0,No title,great service speedy delivery,6/20/2025,True,0.0,0.0,MARK,English,Walmart,bazaarvoice
15449067803,"Nothing Phone (3a) 5G Smartphone, Android Phones 50MP Camera, 50W Charging, Unlock 8+128GB White",Cell Phones,MyWorldPhone,E678A92F6586458A8B4A0233886E1354,449.99,IN_STOCK,4.5,46,/ip/Nothing-Phone-3a-Smartphone-6-77-120Hz-AMOLED-Display-50MP-Triple-Camera-System-Snapdragon-7sgen3-Processor-Bluetooth-5-4-IP64-5000mAh-50W-Charging-8/15449067803,"Nothing Phone (3a) Smartphone, 6.77"" 120Hz AMOLED Display, 50MP Triple Camera System, Snapdragon 7sgen3 Processor, Bluetooth 5.4, IP64, 5000mAh, 50W Charging 8+128GB White",5G Unlocked Phones,5.0,Highly recommend.,Vety different and new to me after constantly just upgrading to a newer iphone.,06-04-2025,True,0.0,0.0,anonymous,English,Seller,bazaarvoice
15449067803,"Nothing Phone (3a) 5G Smartphone, Android Phones 50MP Camera, 50W Charging, Unlock 8+128GB White",Cell Phones,MyWorldPhone,E678A92F6586458A8B4A0233886E1354,449.99,IN_STOCK,4.5,46,/ip/Nothing-Phone-3a-Smartphone-6-77-120Hz-AMOLED-Display-50MP-Triple-Camera-System-Snapdragon-7sgen3-Processor-Bluetooth-5-4-IP64-5000mAh-50W-Charging-8/15449067803,"Nothing Phone (3a) Smartphone, 6.77"" 120Hz AMOLED Display, 50MP Triple Camera System, Snapdragon 7sgen3 Processor, Bluetooth 5.4, IP64, 5000mAh, 50W Charging 8+128GB White",5G Unlocked Phones,5.0,No title,like the new phone Walmart has the good price and shipping is fast and safe,5/21/2025,True,0.0,0.0,Yao,English,Walmart,bazaarvoice
15449067803,"Nothing Phone (3a) 5G Smartphone, Android Phones 50MP Camera, 50W Charging, Unlock 8+128GB White",Cell Phones,MyWorldPhone,E678A92F6586458A8B4A0233886E1354,449.99,IN_STOCK,4.5,46,/ip/Nothing-Phone-3a-Smartphone-6-77-120Hz-AMOLED-Display-50MP-Triple-Camera-System-Snapdragon-7sgen3-Processor-Bluetooth-5-4-IP64-5000mAh-50W-Charging-8/15449067803,"Nothing Phone (3a) Smartphone, 6.77"" 120Hz AMOLED Display, 50MP Triple Camera System, Snapdragon 7sgen3 Processor, Bluetooth 5.4, IP64, 5000mAh, 50W Charging 8+128GB White",5G Unlocked Phones,5.0,No title,it's really nice,6/29/2025,True,0.0,0.0,Dwayne,English,Walmart,bazaarvoice
13154915779,"Walmart Family Mobile Apple iPhone 13, 128GB, 5G, Midnight - Prepaid Smartphone [Locked to Walmart Family Mobile]",Cell Phones,Walmart.com,F55CDC31AB754BB68FE0B39041159D63,249.0,IN_STOCK,4.2,635,/ip/Walmart-Family-Mobile-Apple-iPhone-13-128GB-5G-Midnight-Prepaid-Smartphone-Locked-to-Walmart-Family-Mobile/13154915779,"Walmart Family Mobile Apple iPhone 13, 128GB, 5G, Midnight - Prepaid Smartphone [Locked to Walmart Family Mobile]",Prepaid iPhones,2.0,No title,Over heats,6/18/2025,No recommendation,0.0,0.0,trevor,English,Walmart,bazaarvoice
13154915779,"Walmart Family Mobile Apple iPhone 13, 128GB, 5G, Midnight - Prepaid Smartphone [Locked to Walmart Family Mobile]",Cell Phones,Walmart.com,F55CDC31AB754BB68FE0B39041159D63,249.0,IN_STOCK,4.2,635,/ip/Walmart-Family-Mobile-Apple-iPhone-13-128GB-5G-Midnight-Prepaid-Smartphone-Locked-to-Walmart-Family-Mobile/13154915779,"Walmart Family Mobile Apple iPhone 13, 128GB, 5G, Midnight - Prepaid Smartphone [Locked to Walmart Family Mobile]",Prepaid iPhones,5.0,iPhone 13,Great phone.,8/23/2025,No recommendation,0.0,0.0,Mary,English,Walmart,bazaarvoice
13154915779,"Walmart Family Mobile Apple iPhone 13, 128GB, 5G, Midnight - Prepaid Smartphone [Locked to Walmart Family Mobile]",Cell Phones,Walmart.com,F55CDC31AB754BB68FE0B39041159D63,249.0,IN_STOCK,4.2,635,/ip/Walmart-Family-Mobile-Apple-iPhone-13-128GB-5G-Midnight-Prepaid-Smartphone-Locked-to-Walmart-Family-Mobile/13154915779,"Walmart Family Mobile Apple iPhone 13, 128GB, 5G, Midnight - Prepaid Smartphone [Locked to Walmart Family Mobile]",Prepaid iPhones,5.0,No title,Excellent phone quality,08-07-2025,No recommendation,0.0,0.0,Idelia,English,unknown,bazaarvoice
13154915779,"Walmart Family Mobile Apple iPhone 13, 128GB, 5G, Midnight - Prepaid Smartphone [Locked to Walmart Family Mobile]",Cell Phones,Walmart.com,F55CDC31AB754BB68FE0B39041159D63,249.0,IN_STOCK,4.2,635,/ip/Walmart-Family-Mobile-Apple-iPhone-13-128GB-5G-Midnight-Prepaid-Smartphone-Locked-to-Walmart-Family-Mobile/13154915779,"Walmart Family Mobile Apple iPhone 13, 128GB, 5G, Midnight - Prepaid Smartphone [Locked to Walmart Family Mobile]",Prepaid iPhones,5.0,No title,Good phone,2/25/2026,True,0.0,0.0,Kamiya,English,Walmart,bazaarvoice
13154915779,"Walmart Family Mobile Apple iPhone 13, 128GB, 5G, Midnight - Prepaid Smartphone [Locked to Walmart Family Mobile]",Cell Phones,Walmart.com,F55CDC31AB754BB68FE0B39041159D63,249.0,IN_STOCK,4.2,635,/ip/Walmart-Family-Mobile-Apple-iPhone-13-128GB-5G-Midnight-Prepaid-Smartphone-Locked-to-Walmart-Family-Mobile/13154915779,"Walmart Family Mobile Apple iPhone 13, 128GB, 5G, Midnight - Prepaid Smartphone [Locked to Walmart Family Mobile]",Prepaid iPhones,5.0,No title,Good shape,5/15/2025,No recommendation,0.0,0.0,Catrice,English,Walmart,bazaarvoice
13154915779,"Walmart Family Mobile Apple iPhone 13, 128GB, 5G, Midnight - Prepaid Smartphone [Locked to Walmart Family Mobile]",Cell Phones,Walmart.com,F55CDC31AB754BB68FE0B39041159D63,249.0,IN_STOCK,4.2,635,/ip/Walmart-Family-Mobile-Apple-iPhone-13-128GB-5G-Midnight-Prepaid-Smartphone-Locked-to-Walmart-Family-Mobile/13154915779,"Walmart Family Mobile Apple iPhone 13, 128GB, 5G, Midnight - Prepaid Smartphone [Locked to Walmart Family Mobile]",Prepaid iPhones,1.0,No title,Card not reading my eSIM,5/23/2025,No recommendation,0.0,0.0,Michael,English,Walmart,bazaarvoice
13154915779,"Walmart Family Mobile Apple iPhone 13, 128GB, 5G, Midnight - Prepaid Smartphone [Locked to Walmart Family Mobile]",Cell Phones,Walmart.com,F55CDC31AB754BB68FE0B39041159D63,249.0,IN_STOCK,4.2,635,/ip/Walmart-Family-Mobile-Apple-iPhone-13-128GB-5G-Midnight-Prepaid-Smartphone-Locked-to-Walmart-Family-Mobile/13154915779,"Walmart Family Mobile Apple iPhone 13, 128GB, 5G, Midnight - Prepaid Smartphone [Locked to Walmart Family Mobile]",Prepaid iPhones,5.0,No title,Working fine!,05-08-2026,No recommendation,0.0,0.0,anonymous,English,Walmart,bazaarvoice
13154915779,"Walmart Family Mobile Apple iPhone 13, 128GB, 5G, Midnight - Prepaid Smartphone [Locked to Walmart Family Mobile]",Cell Phones,Walmart.com,F55CDC31AB754BB68FE0B39041159D63,249.0,IN_STOCK,4.2,635,/ip/Walmart-Family-Mobile-Apple-iPhone-13-128GB-5G-Midnight-Prepaid-Smartphone-Locked-to-Walmart-Family-Mobile/13154915779,"Walmart Family Mobile Apple iPhone 13, 128GB, 5G, Midnight - Prepaid Smartphone [Locked to Walmart Family Mobile]",Prepaid iPhones,1.0,someone else,Never ordered this item!,03-04-2026,True,0.0,0.0,Bob,English,Walmart,bazaarvoice
13154915779,"Walmart Family Mobile Apple iPhone 13, 128GB, 5G, Midnight - Prepaid Smartphone [Locked to Walmart Family Mobile]",Cell Phones,Walmart.com,F55CDC31AB754BB68FE0B39041159D63,249.0,IN_STOCK,4.2,635,/ip/Walmart-Family-Mobile-Apple-iPhone-13-128GB-5G-Midnight-Prepaid-Smartphone-Locked-to-Walmart-Family-Mobile/13154915779,"Walmart Family Mobile Apple iPhone 13, 128GB, 5G, Midnight - Prepaid Smartphone [Locked to Walmart Family Mobile]",Prepaid iPhones,5.0,Upgrade,Love my new iPhone and the fact I can finally update my phone again is amazing haha,03-09-2025,No recommendation,0.0,0.0,Allison,English,Walmart,bazaarvoice
13154915779,"Walmart Family Mobile Apple iPhone 13, 128GB, 5G, Midnight - Prepaid Smartphone [Locked to Walmart Family Mobile]",Cell Phones,Walmart.com,F55CDC31AB754BB68FE0B39041159D63,249.0,IN_STOCK,4.2,635,/ip/Walmart-Family-Mobile-Apple-iPhone-13-128GB-5G-Midnight-Prepaid-Smartphone-Locked-to-Walmart-Family-Mobile/13154915779,"Walmart Family Mobile Apple iPhone 13, 128GB, 5G, Midnight - Prepaid Smartphone [Locked to Walmart Family Mobile]",Prepaid iPhones,1.0,No title,Never even got the phone I'm so mad,03-02-2025,No recommendation,0.0,0.0,Kerissa,English,Walmart,bazaarvoice
13154915779,"Walmart Family Mobile Apple iPhone 13, 128GB, 5G, Midnight - Prepaid Smartphone [Locked to Walmart Family Mobile]",Cell Phones,Walmart.com,F55CDC31AB754BB68FE0B39041159D63,249.0,IN_STOCK,4.2,635,/ip/Walmart-Family-Mobile-Apple-iPhone-13-128GB-5G-Midnight-Prepaid-Smartphone-Locked-to-Walmart-Family-Mobile/13154915779,"Walmart Family Mobile Apple iPhone 13, 128GB, 5G, Midnight - Prepaid Smartphone [Locked to Walmart Family Mobile]",Prepaid iPhones,5.0,Great option for Family Mobile,I've purchased and used the Walmart Family Mobile iPhone SE for years. When that model was discontinued I purchased this phone and it has worked great! I don't have a monthly payment plan for my phone and it is a good sold phone that meets my needs.,3/30/2026,No recommendation,0.0,0.0,ASE,English,Walmart,bazaarvoice
13154915779,"Walmart Family Mobile Apple iPhone 13, 128GB, 5G, Midnight - Prepaid Smartphone [Locked to Walmart Family Mobile]",Cell Phones,Walmart.com,F55CDC31AB754BB68FE0B39041159D63,249.0,IN_STOCK,4.2,635,/ip/Walmart-Family-Mobile-Apple-iPhone-13-128GB-5G-Midnight-Prepaid-Smartphone-Locked-to-Walmart-Family-Mobile/13154915779,"Walmart Family Mobile Apple iPhone 13, 128GB, 5G, Midnight - Prepaid Smartphone [Locked to Walmart Family Mobile]",Prepaid iPhones,4.0,An upgrade from the 11,"Great phone, good for the price. Updated from 11.  The screen is oled, an upgrade from the 11's lcd.  While the cameras don't see much upgrade. The phone is fast enough that will probably receive updates for another 2-3 years .",5/19/2025,No recommendation,0.0,0.0,anonymous,English,Walmart,bazaarvoice
13154915779,"Walmart Family Mobile Apple iPhone 13, 128GB, 5G, Midnight - Prepaid Smartphone [Locked to Walmart Family Mobile]",Cell Phones,Walmart.com,F55CDC31AB754BB68FE0B39041159D63,249.0,IN_STOCK,4.2,635,/ip/Walmart-Family-Mobile-Apple-iPhone-13-128GB-5G-Midnight-Prepaid-Smartphone-Locked-to-Walmart-Family-Mobile/13154915779,"Walmart Family Mobile Apple iPhone 13, 128GB, 5G, Midnight - Prepaid Smartphone [Locked to Walmart Family Mobile]",Prepaid iPhones,1.0,No title,I did not receive the item because it wasn't in stock and I've tried to cancel and the chat people told me they did but I keep getting emails about it being delayed. I couldn't get any straight answers from anyone and got the run around,12-03-2025,No recommendation,0.0,0.0,WalmartCustomer,English,unknown,bazaarvoice
13154915779,"Walmart Family Mobile Apple iPhone 13, 128GB, 5G, Midnight - Prepaid Smartphone [Locked to Walmart Family Mobile]",Cell Phones,Walmart.com,F55CDC31AB754BB68FE0B39041159D63,249.0,IN_STOCK,4.2,635,/ip/Walmart-Family-Mobile-Apple-iPhone-13-128GB-5G-Midnight-Prepaid-Smartphone-Locked-to-Walmart-Family-Mobile/13154915779,"Walmart Family Mobile Apple iPhone 13, 128GB, 5G, Midnight - Prepaid Smartphone [Locked to Walmart Family Mobile]",Prepaid iPhones,5.0,No title,This iphone works amazing. The delivery was very fast ! battery Life is good. Camera quality is good. I just needed another phone for content. So why not get one on Black Friday !,11/30/2025,No recommendation,0.0,0.0,Anastasia,English,Walmart,bazaarvoice
13154915779,"Walmart Family Mobile Apple iPhone 13, 128GB, 5G, Midnight - Prepaid Smartphone [Locked to Walmart Family Mobile]",Cell Phones,Walmart.com,F55CDC31AB754BB68FE0B39041159D63,249.0,IN_STOCK,4.2,635,/ip/Walmart-Family-Mobile-Apple-iPhone-13-128GB-5G-Midnight-Prepaid-Smartphone-Locked-to-Walmart-Family-Mobile/13154915779,"Walmart Family Mobile Apple iPhone 13, 128GB, 5G, Midnight - Prepaid Smartphone [Locked to Walmart Family Mobile]",Prepaid iPhones,4.0,"Great phone, Walmart do better on delivery.",Love the phone. Easy to set up. My only issue was the delivery. It was late because it wasn't shipped on time which made this inconvenient for me but the phone so far so good.,03-05-2026,True,0.0,0.0,Kristen,English,Walmart,bazaarvoice
13154915779,"Walmart Family Mobile Apple iPhone 13, 128GB, 5G, Midnight - Prepaid Smartphone [Locked to Walmart Family Mobile]",Cell Phones,Walmart.com,F55CDC31AB754BB68FE0B39041159D63,249.0,IN_STOCK,4.2,635,/ip/Walmart-Family-Mobile-Apple-iPhone-13-128GB-5G-Midnight-Prepaid-Smartphone-Locked-to-Walmart-Family-Mobile/13154915779,"Walmart Family Mobile Apple iPhone 13, 128GB, 5G, Midnight - Prepaid Smartphone [Locked to Walmart Family Mobile]",Prepaid iPhones,5.0,No title,The phone was delivered same day. Greatly appreciated  No problem transferring data. Called Family Mobile 2x second guy knew what he was doing transfer phone number with no problem like 10 minutes!,09-10-2025,No recommendation,0.0,0.0,Chandra,English,Walmart,bazaarvoice
13154915779,"Walmart Family Mobile Apple iPhone 13, 128GB, 5G, Midnight - Prepaid Smartphone [Locked to Walmart Family Mobile]",Cell Phones,Walmart.com,F55CDC31AB754BB68FE0B39041159D63,249.0,IN_STOCK,4.2,635,/ip/Walmart-Family-Mobile-Apple-iPhone-13-128GB-5G-Midnight-Prepaid-Smartphone-Locked-to-Walmart-Family-Mobile/13154915779,"Walmart Family Mobile Apple iPhone 13, 128GB, 5G, Midnight - Prepaid Smartphone [Locked to Walmart Family Mobile]",Prepaid iPhones,4.0,"Great phone, horrible customer service","I really like the iPhone 13.  Great phone.  Walmart offers a great price for it. 

Customer service is horrible. I was sent a bad SIM card. Customer service told me they couldn't send me a new sim. They instructed me to go to the store and buy a SIM card. I was told there was no supervisor.  

So, I went to the Supercenter.  No one in electronics, no phone reps, so I went to customer service.  They could only return the phone.  No problem, I'll buy one at the store.  Back to electronics and they don't have any. Now I'm in a circular Walmart support cycle.  

If you get the phone to work, you'll be very happy.  If you need any help, you will be frustrated beyond your imagination.",2/13/2025,True,0.0,0.0,abingtonpa,English,Walmart,bazaarvoice
13154915779,"Walmart Family Mobile Apple iPhone 13, 128GB, 5G, Midnight - Prepaid Smartphone [Locked to Walmart Family Mobile]",Cell Phones,Walmart.com,F55CDC31AB754BB68FE0B39041159D63,249.0,IN_STOCK,4.2,635,/ip/Walmart-Family-Mobile-Apple-iPhone-13-128GB-5G-Midnight-Prepaid-Smartphone-Locked-to-Walmart-Family-Mobile/13154915779,"Walmart Family Mobile Apple iPhone 13, 128GB, 5G, Midnight - Prepaid Smartphone [Locked to Walmart Family Mobile]",Prepaid iPhones,5.0,No title,"Got exactly what I wanted in a decent amount of time, and in the time frame I was told it'd arrive.",2/23/2025,No recommendation,2.0,0.0,WalmartCustomer,English,Walmart,bazaarvoice
13154915779,"Walmart Family Mobile Apple iPhone 13, 128GB, 5G, Midnight - Prepaid Smartphone [Locked to Walmart Family Mobile]",Cell Phones,Walmart.com,F55CDC31AB754BB68FE0B39041159D63,249.0,IN_STOCK,4.2,635,/ip/Walmart-Family-Mobile-Apple-iPhone-13-128GB-5G-Midnight-Prepaid-Smartphone-Locked-to-Walmart-Family-Mobile/13154915779,"Walmart Family Mobile Apple iPhone 13, 128GB, 5G, Midnight - Prepaid Smartphone [Locked to Walmart Family Mobile]",Prepaid iPhones,5.0,live it,this was a guft but from the words of the actual owner- I love love love my new phone!! i want to get my mom one!,5/30/2025,True,0.0,0.0,vonda,English,Walmart,bazaarvoice
13154915779,"Walmart Family Mobile Apple iPhone 13, 128GB, 5G, Midnight - Prepaid Smartphone [Locked to Walmart Family Mobile]",Cell Phones,Walmart.com,F55CDC31AB754BB68FE0B39041159D63,249.0,IN_STOCK,4.2,635,/ip/Walmart-Family-Mobile-Apple-iPhone-13-128GB-5G-Midnight-Prepaid-Smartphone-Locked-to-Walmart-Family-Mobile/13154915779,"Walmart Family Mobile Apple iPhone 13, 128GB, 5G, Midnight - Prepaid Smartphone [Locked to Walmart Family Mobile]",Prepaid iPhones,5.0,Great gift,Christmas gift for my daughter which was an upgrade from the iPhone 11. Processor is faster and good amount of storage.,12/26/2025,No recommendation,0.0,0.0,RedRed850,English,Walmart,bazaarvoice
3467193116,"Samsung Galaxy A54 5G A Series Cell Phone, Factory Unlocked Android Smartphone, 128GB, 6.4” Fluid Display Screen, Hi Res Camera, Long Battery Life, Refined Design, US Version, 2023, Awesome Graphite",Cell Phones,Aircell Wireless,CB6AC960A82342369792B661FE4A0682,232.99,IN_STOCK,4.5,2965,/ip/SAMSUNG-Galaxy-A54-5G-A-Series-Cell-Phone-Factory-Unlocked-Android-Smartphone-128GB-w-6-4-Fluid-Display-Screen-Hi-Res-Camera-Long-Battery-Life-Refine/3467193116,"Samsung Galaxy A54 5G A Series Cell Phone, Factory Unlocked Android Smartphone, 128GB, 6.4” Fluid Display Screen, Hi Res Camera, Long Battery Life, Refined Design, US Version, 2023, Awesome Graphite",All Samsung Galaxy Unlocked Phones,5.0,Great mid level phone,"[This review was collected as part of a promotion.] I purchased my A54 about 18 months ago. In the past I have always had flagship phones but could not justify the cost. After much research I found the A54 has all the features I needed, at less than half the price. This is my 4th Samsung phone and 7th Samsung device. 
My A54 is my primary source for internet, watching videos, streaming services,  social media,  texts, and phone.  It works fantastic while in a phone call and still be able to bring up information from productivity apps, from texts, or from online sources. 
Picture quality is good, although I  do not rely solely on my A54 for photos. 
Screen resolution is great for all my streaming services.  The only thing I might complain about is, phone sound volume could be a little louder. Yet with headphones it is great.
Overall this is a great phone. If you do not need or use much of the features found on high end or flagship model phones,  then this is the perfect phone.",2/25/2025,No recommendation,0.0,0.0,KANO58,English,unknown,bazaarvoice
3467193116,"Samsung Galaxy A54 5G A Series Cell Phone, Factory Unlocked Android Smartphone, 128GB, 6.4” Fluid Display Screen, Hi Res Camera, Long Battery Life, Refined Design, US Version, 2023, Awesome Graphite",Cell Phones,Aircell Wireless,CB6AC960A82342369792B661FE4A0682,232.99,IN_STOCK,4.5,2965,/ip/SAMSUNG-Galaxy-A54-5G-A-Series-Cell-Phone-Factory-Unlocked-Android-Smartphone-128GB-w-6-4-Fluid-Display-Screen-Hi-Res-Camera-Long-Battery-Life-Refine/3467193116,"Samsung Galaxy A54 5G A Series Cell Phone, Factory Unlocked Android Smartphone, 128GB, 6.4” Fluid Display Screen, Hi Res Camera, Long Battery Life, Refined Design, US Version, 2023, Awesome Graphite",All Samsung Galaxy Unlocked Phones,5.0,This phone is everything that I need,"[This review was collected as part of a promotion.] The Samsung A54 has been so convenient to my life style. The battery last me all day which good for someone like me who loves playing games and streaming music, the seamless action across apps are satisfying to say the least. The camera quality on this phone is immaculate, clear and smoother then water I tell you! I am super clumsy and have dropped this phone over 50 times since I've got it and not a single scratch, which is most impressive. I recommend the A54 5g to anyone I meet, I tell them it's a great phone with very useful features for everyday use. 10/10",2/25/2025,No recommendation,0.0,0.0,KaiLuvsSamsung,English,unknown,bazaarvoice
3467193116,"Samsung Galaxy A54 5G A Series Cell Phone, Factory Unlocked Android Smartphone, 128GB, 6.4” Fluid Display Screen, Hi Res Camera, Long Battery Life, Refined Design, US Version, 2023, Awesome Graphite",Cell Phones,Aircell Wireless,CB6AC960A82342369792B661FE4A0682,232.99,IN_STOCK,4.5,2965,/ip/SAMSUNG-Galaxy-A54-5G-A-Series-Cell-Phone-Factory-Unlocked-Android-Smartphone-128GB-w-6-4-Fluid-Display-Screen-Hi-Res-Camera-Long-Battery-Life-Refine/3467193116,"Samsung Galaxy A54 5G A Series Cell Phone, Factory Unlocked Android Smartphone, 128GB, 6.4” Fluid Display Screen, Hi Res Camera, Long Battery Life, Refined Design, US Version, 2023, Awesome Graphite",All Samsung Galaxy Unlocked Phones,5.0,Best phone for every day person,[This review was collected as part of a promotion.] This phone has been great for me. It has plenty of storage. Really nice safe biometrics. Great for me because I trade in crypto. The apps work great. One of my favorite features is the Dolby sound for watching movies. Also the eye shield you can turn on. Takes the blue out. Takes great pictures and video. One thing is you can't text longer videos. There's ways around that though. Great seemles across apps. It also has now brief and audio eraser. Overall I haven't had any problems with so far going on 2 years.,2/27/2025,No recommendation,0.0,0.0,Atlantians,English,unknown,bazaarvoice
3467193116,"Samsung Galaxy A54 5G A Series Cell Phone, Factory Unlocked Android Smartphone, 128GB, 6.4” Fluid Display Screen, Hi Res Camera, Long Battery Life, Refined Design, US Version, 2023, Awesome Graphite",Cell Phones,Aircell Wireless,CB6AC960A82342369792B661FE4A0682,232.99,IN_STOCK,4.5,2965,/ip/SAMSUNG-Galaxy-A54-5G-A-Series-Cell-Phone-Factory-Unlocked-Android-Smartphone-128GB-w-6-4-Fluid-Display-Screen-Hi-Res-Camera-Long-Battery-Life-Refine/3467193116,"Samsung Galaxy A54 5G A Series Cell Phone, Factory Unlocked Android Smartphone, 128GB, 6.4” Fluid Display Screen, Hi Res Camera, Long Battery Life, Refined Design, US Version, 2023, Awesome Graphite",All Samsung Galaxy Unlocked Phones,5.0,"Amazing space, sound, and even pic clarity",[This review was collected as part of a promotion.] The phone has been amazing and very sturdy when it comes to my clumsy hands. The Seamless action across the apps when go from looking things up to texting and even jumping right into answering a phone call. When go back to a previous app it keeps the spot saved.,2/25/2025,No recommendation,0.0,0.0,OldSoulNewAge,English,unknown,bazaarvoice
3467193116,"Samsung Galaxy A54 5G A Series Cell Phone, Factory Unlocked Android Smartphone, 128GB, 6.4” Fluid Display Screen, Hi Res Camera, Long Battery Life, Refined Design, US Version, 2023, Awesome Graphite",Cell Phones,Aircell Wireless,CB6AC960A82342369792B661FE4A0682,232.99,IN_STOCK,4.5,2965,/ip/SAMSUNG-Galaxy-A54-5G-A-Series-Cell-Phone-Factory-Unlocked-Android-Smartphone-128GB-w-6-4-Fluid-Display-Screen-Hi-Res-Camera-Long-Battery-Life-Refine/3467193116,"Samsung Galaxy A54 5G A Series Cell Phone, Factory Unlocked Android Smartphone, 128GB, 6.4” Fluid Display Screen, Hi Res Camera, Long Battery Life, Refined Design, US Version, 2023, Awesome Graphite",All Samsung Galaxy Unlocked Phones,3.0,Phone works as a basic model has compatibility iss,[This review was collected as part of a promotion.] This model phone is not completely compatible with a lot of apps I have had usage issues with this model battery has not been the best if it wasn't for the fact that I have to still pay for it I'd get rid of it and switch back to a better model if given the chance,2/25/2025,No recommendation,0.0,0.0,Fmbchris,English,unknown,bazaarvoice
3467193116,"Samsung Galaxy A54 5G A Series Cell Phone, Factory Unlocked Android Smartphone, 128GB, 6.4” Fluid Display Screen, Hi Res Camera, Long Battery Life, Refined Design, US Version, 2023, Awesome Graphite",Cell Phones,Aircell Wireless,CB6AC960A82342369792B661FE4A0682,232.99,IN_STOCK,4.5,2965,/ip/SAMSUNG-Galaxy-A54-5G-A-Series-Cell-Phone-Factory-Unlocked-Android-Smartphone-128GB-w-6-4-Fluid-Display-Screen-Hi-Res-Camera-Long-Battery-Life-Refine/3467193116,"Samsung Galaxy A54 5G A Series Cell Phone, Factory Unlocked Android Smartphone, 128GB, 6.4” Fluid Display Screen, Hi Res Camera, Long Battery Life, Refined Design, US Version, 2023, Awesome Graphite",All Samsung Galaxy Unlocked Phones,5.0,"Wonderful amount of digital space, system runs smo","[This review was collected as part of a promotion.] As a customer having a full family I have to have many apps for entertainment and function. Thousands of photos and many apps are stored and have yet to be low on space. Switching between apps is smooth and don't have a delay like my older phone. Playing and streaming games is wonderful, the only issue is that the lagg is incredibly present when streaming over wifi, when using data to stream it is absolutely flawless.",2/26/2025,No recommendation,0.0,0.0,GoofungiLumptis,English,unknown,bazaarvoice
3467193116,"Samsung Galaxy A54 5G A Series Cell Phone, Factory Unlocked Android Smartphone, 128GB, 6.4” Fluid Display Screen, Hi Res Camera, Long Battery Life, Refined Design, US Version, 2023, Awesome Graphite",Cell Phones,Aircell Wireless,CB6AC960A82342369792B661FE4A0682,232.99,IN_STOCK,4.5,2965,/ip/SAMSUNG-Galaxy-A54-5G-A-Series-Cell-Phone-Factory-Unlocked-Android-Smartphone-128GB-w-6-4-Fluid-Display-Screen-Hi-Res-Camera-Long-Battery-Life-Refine/3467193116,"Samsung Galaxy A54 5G A Series Cell Phone, Factory Unlocked Android Smartphone, 128GB, 6.4” Fluid Display Screen, Hi Res Camera, Long Battery Life, Refined Design, US Version, 2023, Awesome Graphite",All Samsung Galaxy Unlocked Phones,5.0,This product has good upkeep functions,"[This review was collected as part of a promotion.] This phone is quick to let me know when things are not running efficiently and updates are able to be set to auto update, so I am not having to keep checking  on software that keeps things running smoothly.  Also, the seamless actions that available for the apps are a great benefit. I am able to switch how the functions operate base on what I am doing and on what is best in the moment.",2/26/2025,No recommendation,0.0,0.0,Notmuch4ifone,English,unknown,bazaarvoice
3467193116,"Samsung Galaxy A54 5G A Series Cell Phone, Factory Unlocked Android Smartphone, 128GB, 6.4” Fluid Display Screen, Hi Res Camera, Long Battery Life, Refined Design, US Version, 2023, Awesome Graphite",Cell Phones,Aircell Wireless,CB6AC960A82342369792B661FE4A0682,232.99,IN_STOCK,4.5,2965,/ip/SAMSUNG-Galaxy-A54-5G-A-Series-Cell-Phone-Factory-Unlocked-Android-Smartphone-128GB-w-6-4-Fluid-Display-Screen-Hi-Res-Camera-Long-Battery-Life-Refine/3467193116,"Samsung Galaxy A54 5G A Series Cell Phone, Factory Unlocked Android Smartphone, 128GB, 6.4” Fluid Display Screen, Hi Res Camera, Long Battery Life, Refined Design, US Version, 2023, Awesome Graphite",All Samsung Galaxy Unlocked Phones,5.0,Couldn't ask for a phone manufacturer!,"[This review was collected as part of a promotion.] This phone is seamless across apps, and the camera quality is perfect for the price. Its got plenty of storage and so many features.  I can do so many things at once without it slowing down. Its also so durrable! I tend to drop my phone alot, and the screen still has no scratches or cracks! Im so in love! And for the price?! Its so worth it! Its inexpensive and completely durable! Thanks samsung!",2/26/2025,No recommendation,0.0,0.0,Tstone,English,unknown,bazaarvoice
3467193116,"Samsung Galaxy A54 5G A Series Cell Phone, Factory Unlocked Android Smartphone, 128GB, 6.4” Fluid Display Screen, Hi Res Camera, Long Battery Life, Refined Design, US Version, 2023, Awesome Graphite",Cell Phones,Aircell Wireless,CB6AC960A82342369792B661FE4A0682,232.99,IN_STOCK,4.5,2965,/ip/SAMSUNG-Galaxy-A54-5G-A-Series-Cell-Phone-Factory-Unlocked-Android-Smartphone-128GB-w-6-4-Fluid-Display-Screen-Hi-Res-Camera-Long-Battery-Life-Refine/3467193116,"Samsung Galaxy A54 5G A Series Cell Phone, Factory Unlocked Android Smartphone, 128GB, 6.4” Fluid Display Screen, Hi Res Camera, Long Battery Life, Refined Design, US Version, 2023, Awesome Graphite",All Samsung Galaxy Unlocked Phones,5.0,Quality phone,"[This review was collected as part of a promotion.] It is a strong phone that doesn't break easy, has plenty of storage, and can run apps flawlessly. It works so well by giving plenty of customization options, various settings to fit your needs, the battery last really long, and the features you would want but even better. It's perfect for personal use, work use, gaming, recording, photography, the thing works like a charm. The frames are really well, it looks so good and vibrant to watch stuff on. Great management for Bluetooth devices, wifi, and apps. Even app searching, app grouping to keep most of them in one place, setting searching, even recommendations and tips to help with any issues you might have. And even the battery saver mode still has it run amazing while lasting longer. It even has features to protect your phone from messing up the battery, or destroying the hardware, and even parental management if need be. From a QR code scanner in the phone to screen recording, this is a sleeper phone that is worth it.",2/25/2025,No recommendation,0.0,0.0,ShellyWelly,English,unknown,bazaarvoice
3467193116,"Samsung Galaxy A54 5G A Series Cell Phone, Factory Unlocked Android Smartphone, 128GB, 6.4” Fluid Display Screen, Hi Res Camera, Long Battery Life, Refined Design, US Version, 2023, Awesome Graphite",Cell Phones,Aircell Wireless,CB6AC960A82342369792B661FE4A0682,232.99,IN_STOCK,4.5,2965,/ip/SAMSUNG-Galaxy-A54-5G-A-Series-Cell-Phone-Factory-Unlocked-Android-Smartphone-128GB-w-6-4-Fluid-Display-Screen-Hi-Res-Camera-Long-Battery-Life-Refine/3467193116,"Samsung Galaxy A54 5G A Series Cell Phone, Factory Unlocked Android Smartphone, 128GB, 6.4” Fluid Display Screen, Hi Res Camera, Long Battery Life, Refined Design, US Version, 2023, Awesome Graphite",All Samsung Galaxy Unlocked Phones,5.0,A great phone at a budget minded price,"[This review was collected as part of a promotion.] I must say I had my doubts about buying an ""A"" series phone seeing as how I've always  had an ""S"" series but I'm impressed! I can't tell the difference.  The pictures it takes are really high quality, better than any camera I've owned. I'll admit I was disappointed to find out it wouldn't charge wirelessly but then I was informed about the super fast charging feature and I couldn't care less about wireless charging.  Thanks Samsung for making great phones that fit the needs of anyone.",03-01-2025,No recommendation,0.0,0.0,Android4life,English,unknown,bazaarvoice
3467193116,"Samsung Galaxy A54 5G A Series Cell Phone, Factory Unlocked Android Smartphone, 128GB, 6.4” Fluid Display Screen, Hi Res Camera, Long Battery Life, Refined Design, US Version, 2023, Awesome Graphite",Cell Phones,Aircell Wireless,CB6AC960A82342369792B661FE4A0682,232.99,IN_STOCK,4.5,2965,/ip/SAMSUNG-Galaxy-A54-5G-A-Series-Cell-Phone-Factory-Unlocked-Android-Smartphone-128GB-w-6-4-Fluid-Display-Screen-Hi-Res-Camera-Long-Battery-Life-Refine/3467193116,"Samsung Galaxy A54 5G A Series Cell Phone, Factory Unlocked Android Smartphone, 128GB, 6.4” Fluid Display Screen, Hi Res Camera, Long Battery Life, Refined Design, US Version, 2023, Awesome Graphite",All Samsung Galaxy Unlocked Phones,1.0,ive been scammed,this refurbished cell phone was supposed to be unlocked. it is not and can not be unlocked,10/29/2025,False,0.0,0.0,Deana,English,Seller,bazaarvoice
3467193116,"Samsung Galaxy A54 5G A Series Cell Phone, Factory Unlocked Android Smartphone, 128GB, 6.4” Fluid Display Screen, Hi Res Camera, Long Battery Life, Refined Design, US Version, 2023, Awesome Graphite",Cell Phones,Aircell Wireless,CB6AC960A82342369792B661FE4A0682,232.99,IN_STOCK,4.5,2965,/ip/SAMSUNG-Galaxy-A54-5G-A-Series-Cell-Phone-Factory-Unlocked-Android-Smartphone-128GB-w-6-4-Fluid-Display-Screen-Hi-Res-Camera-Long-Battery-Life-Refine/3467193116,"Samsung Galaxy A54 5G A Series Cell Phone, Factory Unlocked Android Smartphone, 128GB, 6.4” Fluid Display Screen, Hi Res Camera, Long Battery Life, Refined Design, US Version, 2023, Awesome Graphite",All Samsung Galaxy Unlocked Phones,5.0,No title,great phone shiped fast and even came with an extra case which I was surprised,03-12-2026,True,0.0,0.0,Justin,English,Seller,bazaarvoice
3467193116,"Samsung Galaxy A54 5G A Series Cell Phone, Factory Unlocked Android Smartphone, 128GB, 6.4” Fluid Display Screen, Hi Res Camera, Long Battery Life, Refined Design, US Version, 2023, Awesome Graphite",Cell Phones,Aircell Wireless,CB6AC960A82342369792B661FE4A0682,232.99,IN_STOCK,4.5,2965,/ip/SAMSUNG-Galaxy-A54-5G-A-Series-Cell-Phone-Factory-Unlocked-Android-Smartphone-128GB-w-6-4-Fluid-Display-Screen-Hi-Res-Camera-Long-Battery-Life-Refine/3467193116,"Samsung Galaxy A54 5G A Series Cell Phone, Factory Unlocked Android Smartphone, 128GB, 6.4” Fluid Display Screen, Hi Res Camera, Long Battery Life, Refined Design, US Version, 2023, Awesome Graphite",All Samsung Galaxy Unlocked Phones,5.0,No title,Its a phone. Basic Samsung workhorse at a great price.,2/16/2026,True,0.0,0.0,MichiganMom,English,Seller,bazaarvoice
3467193116,"Samsung Galaxy A54 5G A Series Cell Phone, Factory Unlocked Android Smartphone, 128GB, 6.4” Fluid Display Screen, Hi Res Camera, Long Battery Life, Refined Design, US Version, 2023, Awesome Graphite",Cell Phones,Aircell Wireless,CB6AC960A82342369792B661FE4A0682,232.99,IN_STOCK,4.5,2965,/ip/SAMSUNG-Galaxy-A54-5G-A-Series-Cell-Phone-Factory-Unlocked-Android-Smartphone-128GB-w-6-4-Fluid-Display-Screen-Hi-Res-Camera-Long-Battery-Life-Refine/3467193116,"Samsung Galaxy A54 5G A Series Cell Phone, Factory Unlocked Android Smartphone, 128GB, 6.4” Fluid Display Screen, Hi Res Camera, Long Battery Life, Refined Design, US Version, 2023, Awesome Graphite",All Samsung Galaxy Unlocked Phones,1.0,No title,It's slow and sometimes the app does not work,5/23/2025,False,0.0,0.0,anonymous,English,Walmart,bazaarvoice
3467193116,"Samsung Galaxy A54 5G A Series Cell Phone, Factory Unlocked Android Smartphone, 128GB, 6.4” Fluid Display Screen, Hi Res Camera, Long Battery Life, Refined Design, US Version, 2023, Awesome Graphite",Cell Phones,Aircell Wireless,CB6AC960A82342369792B661FE4A0682,232.99,IN_STOCK,4.5,2965,/ip/SAMSUNG-Galaxy-A54-5G-A-Series-Cell-Phone-Factory-Unlocked-Android-Smartphone-128GB-w-6-4-Fluid-Display-Screen-Hi-Res-Camera-Long-Battery-Life-Refine/3467193116,"Samsung Galaxy A54 5G A Series Cell Phone, Factory Unlocked Android Smartphone, 128GB, 6.4” Fluid Display Screen, Hi Res Camera, Long Battery Life, Refined Design, US Version, 2023, Awesome Graphite",All Samsung Galaxy Unlocked Phones,5.0,No title,the phone is easy to use. battery lasts a good long time.,02-01-2026,True,0.0,0.0,Rose,English,Seller,bazaarvoice
3467193116,"Samsung Galaxy A54 5G A Series Cell Phone, Factory Unlocked Android Smartphone, 128GB, 6.4” Fluid Display Screen, Hi Res Camera, Long Battery Life, Refined Design, US Version, 2023, Awesome Graphite",Cell Phones,Aircell Wireless,CB6AC960A82342369792B661FE4A0682,232.99,IN_STOCK,4.5,2965,/ip/SAMSUNG-Galaxy-A54-5G-A-Series-Cell-Phone-Factory-Unlocked-Android-Smartphone-128GB-w-6-4-Fluid-Display-Screen-Hi-Res-Camera-Long-Battery-Life-Refine/3467193116,"Samsung Galaxy A54 5G A Series Cell Phone, Factory Unlocked Android Smartphone, 128GB, 6.4” Fluid Display Screen, Hi Res Camera, Long Battery Life, Refined Design, US Version, 2023, Awesome Graphite",All Samsung Galaxy Unlocked Phones,5.0,No title,"like everything about phone ,slim %26 perfect size, great quality.",12-03-2025,True,0.0,0.0,lincoln,English,Seller,bazaarvoice
3467193116,"Samsung Galaxy A54 5G A Series Cell Phone, Factory Unlocked Android Smartphone, 128GB, 6.4” Fluid Display Screen, Hi Res Camera, Long Battery Life, Refined Design, US Version, 2023, Awesome Graphite",Cell Phones,Aircell Wireless,CB6AC960A82342369792B661FE4A0682,232.99,IN_STOCK,4.5,2965,/ip/SAMSUNG-Galaxy-A54-5G-A-Series-Cell-Phone-Factory-Unlocked-Android-Smartphone-128GB-w-6-4-Fluid-Display-Screen-Hi-Res-Camera-Long-Battery-Life-Refine/3467193116,"Samsung Galaxy A54 5G A Series Cell Phone, Factory Unlocked Android Smartphone, 128GB, 6.4” Fluid Display Screen, Hi Res Camera, Long Battery Life, Refined Design, US Version, 2023, Awesome Graphite",All Samsung Galaxy Unlocked Phones,1.0,Decided on another model,I did not like how the phone was handled/used.,12/24/2025,False,0.0,0.0,Carole,English,Seller,bazaarvoice
3467193116,"Samsung Galaxy A54 5G A Series Cell Phone, Factory Unlocked Android Smartphone, 128GB, 6.4” Fluid Display Screen, Hi Res Camera, Long Battery Life, Refined Design, US Version, 2023, Awesome Graphite",Cell Phones,Aircell Wireless,CB6AC960A82342369792B661FE4A0682,232.99,IN_STOCK,4.5,2965,/ip/SAMSUNG-Galaxy-A54-5G-A-Series-Cell-Phone-Factory-Unlocked-Android-Smartphone-128GB-w-6-4-Fluid-Display-Screen-Hi-Res-Camera-Long-Battery-Life-Refine/3467193116,"Samsung Galaxy A54 5G A Series Cell Phone, Factory Unlocked Android Smartphone, 128GB, 6.4” Fluid Display Screen, Hi Res Camera, Long Battery Life, Refined Design, US Version, 2023, Awesome Graphite",All Samsung Galaxy Unlocked Phones,5.0,No title,battery is a little weak but everything else is smooth,2/26/2026,True,0.0,0.0,Donald,English,Seller,bazaarvoice
3467193116,"Samsung Galaxy A54 5G A Series Cell Phone, Factory Unlocked Android Smartphone, 128GB, 6.4” Fluid Display Screen, Hi Res Camera, Long Battery Life, Refined Design, US Version, 2023, Awesome Graphite",Cell Phones,Aircell Wireless,CB6AC960A82342369792B661FE4A0682,232.99,IN_STOCK,4.5,2965,/ip/SAMSUNG-Galaxy-A54-5G-A-Series-Cell-Phone-Factory-Unlocked-Android-Smartphone-128GB-w-6-4-Fluid-Display-Screen-Hi-Res-Camera-Long-Battery-Life-Refine/3467193116,"Samsung Galaxy A54 5G A Series Cell Phone, Factory Unlocked Android Smartphone, 128GB, 6.4” Fluid Display Screen, Hi Res Camera, Long Battery Life, Refined Design, US Version, 2023, Awesome Graphite",All Samsung Galaxy Unlocked Phones,5.0,No title,Phone has all the perks that I want. Easy to navigate. Great photos.,04-05-2026,True,0.0,0.0,Sharon,English,Seller,bazaarvoice
3467193116,"Samsung Galaxy A54 5G A Series Cell Phone, Factory Unlocked Android Smartphone, 128GB, 6.4” Fluid Display Screen, Hi Res Camera, Long Battery Life, Refined Design, US Version, 2023, Awesome Graphite",Cell Phones,Aircell Wireless,CB6AC960A82342369792B661FE4A0682,232.99,IN_STOCK,4.5,2965,/ip/SAMSUNG-Galaxy-A54-5G-A-Series-Cell-Phone-Factory-Unlocked-Android-Smartphone-128GB-w-6-4-Fluid-Display-Screen-Hi-Res-Camera-Long-Battery-Life-Refine/3467193116,"Samsung Galaxy A54 5G A Series Cell Phone, Factory Unlocked Android Smartphone, 128GB, 6.4” Fluid Display Screen, Hi Res Camera, Long Battery Life, Refined Design, US Version, 2023, Awesome Graphite",All Samsung Galaxy Unlocked Phones,4.0,No title,I bought mostly all food from Walmart because they are good and affordable for people in the middle class.,01-06-2025,No recommendation,0.0,0.0,WalmartCustomer,English,unknown,bazaarvoice
14941900279,"Samsung Galaxy S25 Plus 256GB US Version, Unlocked Android Smartphone with 50MP Camera, 8K Video, Long Battery, Navy",Cell Phones,Global Electronics NY Inc,DE4485C7AFBB4940BAC9B1B83B584399,699.99,IN_STOCK,4.8,5340,/ip/Samsung-Galaxy-S25-Plus-256GB-US-Version-Unlocked-Android-Smartphone-with-50MP-Camera-8K-Video-Long-Battery-Navy/14941900279,"Samsung Galaxy S25 Plus 512GB US Version, Unlocked Android Smartphone with 50MP Camera, 8K Video, Long Battery, Icyblue",All Samsung Galaxy Unlocked Phones,5.0,Great Phone,"I love this phone. Great  battery life,  outstanding camera....more features than I can understand, but learning new stuff",1/31/2026,No recommendation,0.0,0.0,Unknown,English,unknown,bazaarvoice
14941900279,"Samsung Galaxy S25 Plus 256GB US Version, Unlocked Android Smartphone with 50MP Camera, 8K Video, Long Battery, Navy",Cell Phones,Global Electronics NY Inc,DE4485C7AFBB4940BAC9B1B83B584399,699.99,IN_STOCK,4.8,5340,/ip/Samsung-Galaxy-S25-Plus-256GB-US-Version-Unlocked-Android-Smartphone-with-50MP-Camera-8K-Video-Long-Battery-Navy/14941900279,"Samsung Galaxy S25 Plus 512GB US Version, Unlocked Android Smartphone with 50MP Camera, 8K Video, Long Battery, Icyblue",All Samsung Galaxy Unlocked Phones,5.0,Cutest phone ever,"I love my Galaxy S25. Great to navigate, more upgrades than I can handle, fast charging. Plenty of colors to select from.",2/15/2026,True,0.0,0.0,D K BRUNER,English,unknown,bazaarvoice
14941900279,"Samsung Galaxy S25 Plus 256GB US Version, Unlocked Android Smartphone with 50MP Camera, 8K Video, Long Battery, Navy",Cell Phones,Global Electronics NY Inc,DE4485C7AFBB4940BAC9B1B83B584399,699.99,IN_STOCK,4.8,5340,/ip/Samsung-Galaxy-S25-Plus-256GB-US-Version-Unlocked-Android-Smartphone-with-50MP-Camera-8K-Video-Long-Battery-Navy/14941900279,"Samsung Galaxy S25 Plus 512GB US Version, Unlocked Android Smartphone with 50MP Camera, 8K Video, Long Battery, Icyblue",All Samsung Galaxy Unlocked Phones,5.0,New Samsung S25+ Phone,"So easy to move from my S21 to this phone.  Link to Watch8 is much better.  Display colors ""pop"".  Easier to use, even with more capabilities.",02-09-2026,No recommendation,0.0,0.0,None of the Above,English,unknown,bazaarvoice
14941900279,"Samsung Galaxy S25 Plus 256GB US Version, Unlocked Android Smartphone with 50MP Camera, 8K Video, Long Battery, Navy",Cell Phones,Global Electronics NY Inc,DE4485C7AFBB4940BAC9B1B83B584399,699.99,IN_STOCK,4.8,5340,/ip/Samsung-Galaxy-S25-Plus-256GB-US-Version-Unlocked-Android-Smartphone-with-50MP-Camera-8K-Video-Long-Battery-Navy/14941900279,"Samsung Galaxy S25 Plus 512GB US Version, Unlocked Android Smartphone with 50MP Camera, 8K Video, Long Battery, Icyblue",All Samsung Galaxy Unlocked Phones,5.0,Same Samsung quality,Same Samsung quality as my trusty Galaxy S9.  I am not a power user and rarely take photos or video.  The AI extensions are nice.,1/13/2026,True,0.0,0.0,Unknown,English,unknown,bazaarvoice
14941900279,"Samsung Galaxy S25 Plus 256GB US Version, Unlocked Android Smartphone with 50MP Camera, 8K Video, Long Battery, Navy",Cell Phones,Global Electronics NY Inc,DE4485C7AFBB4940BAC9B1B83B584399,699.99,IN_STOCK,4.8,5340,/ip/Samsung-Galaxy-S25-Plus-256GB-US-Version-Unlocked-Android-Smartphone-with-50MP-Camera-8K-Video-Long-Battery-Navy/14941900279,"Samsung Galaxy S25 Plus 512GB US Version, Unlocked Android Smartphone with 50MP Camera, 8K Video, Long Battery, Icyblue",All Samsung Galaxy Unlocked Phones,5.0,No title,The phone is great and the price was fair.,04-08-2026,No recommendation,0.0,0.0,Jeanne,English,Walmart,bazaarvoice
14941900279,"Samsung Galaxy S25 Plus 256GB US Version, Unlocked Android Smartphone with 50MP Camera, 8K Video, Long Battery, Navy",Cell Phones,Global Electronics NY Inc,DE4485C7AFBB4940BAC9B1B83B584399,699.99,IN_STOCK,4.8,5340,/ip/Samsung-Galaxy-S25-Plus-256GB-US-Version-Unlocked-Android-Smartphone-with-50MP-Camera-8K-Video-Long-Battery-Navy/14941900279,"Samsung Galaxy S25 Plus 512GB US Version, Unlocked Android Smartphone with 50MP Camera, 8K Video, Long Battery, Icyblue",All Samsung Galaxy Unlocked Phones,5.0,Love my phone,"I love the color, quality, and easy use of my new galaxy s25+",3/23/2026,True,0.0,0.0,Love my galaxy,English,unknown,bazaarvoice
14941900279,"Samsung Galaxy S25 Plus 256GB US Version, Unlocked Android Smartphone with 50MP Camera, 8K Video, Long Battery, Navy",Cell Phones,Global Electronics NY Inc,DE4485C7AFBB4940BAC9B1B83B584399,699.99,IN_STOCK,4.8,5340,/ip/Samsung-Galaxy-S25-Plus-256GB-US-Version-Unlocked-Android-Smartphone-with-50MP-Camera-8K-Video-Long-Battery-Navy/14941900279,"Samsung Galaxy S25 Plus 512GB US Version, Unlocked Android Smartphone with 50MP Camera, 8K Video, Long Battery, Icyblue",All Samsung Galaxy Unlocked Phones,5.0,Meets expectations,"Love Samsung phones. Meets expectations, will never go got Iphones.",03-11-2026,True,0.0,0.0,Unknown,English,unknown,bazaarvoice
14941900279,"Samsung Galaxy S25 Plus 256GB US Version, Unlocked Android Smartphone with 50MP Camera, 8K Video, Long Battery, Navy",Cell Phones,Global Electronics NY Inc,DE4485C7AFBB4940BAC9B1B83B584399,699.99,IN_STOCK,4.8,5340,/ip/Samsung-Galaxy-S25-Plus-256GB-US-Version-Unlocked-Android-Smartphone-with-50MP-Camera-8K-Video-Long-Battery-Navy/14941900279,"Samsung Galaxy S25 Plus 512GB US Version, Unlocked Android Smartphone with 50MP Camera, 8K Video, Long Battery, Icyblue",All Samsung Galaxy Unlocked Phones,5.0,Galaxy S25 Plus,Galaxy S25 Plus after setting up 24 hours so far so good.,3/28/2026,True,0.0,0.0,LineStarRuder,English,Seller,bazaarvoice
14941900279,"Samsung Galaxy S25 Plus 256GB US Version, Unlocked Android Smartphone with 50MP Camera, 8K Video, Long Battery, Navy",Cell Phones,Global Electronics NY Inc,DE4485C7AFBB4940BAC9B1B83B584399,699.99,IN_STOCK,4.8,5340,/ip/Samsung-Galaxy-S25-Plus-256GB-US-Version-Unlocked-Android-Smartphone-with-50MP-Camera-8K-Video-Long-Battery-Navy/14941900279,"Samsung Galaxy S25 Plus 512GB US Version, Unlocked Android Smartphone with 50MP Camera, 8K Video, Long Battery, Icyblue",All Samsung Galaxy Unlocked Phones,5.0,Great phone!,"This phone is fantastic so far 👏 Had a mid tier phone for the past 3 years and moved up to Galaxy S25+, and so glad I did 💯",9/25/2025,True,0.0,0.0,Del Mar,English,unknown,bazaarvoice
14941900279,"Samsung Galaxy S25 Plus 256GB US Version, Unlocked Android Smartphone with 50MP Camera, 8K Video, Long Battery, Navy",Cell Phones,Global Electronics NY Inc,DE4485C7AFBB4940BAC9B1B83B584399,699.99,IN_STOCK,4.8,5340,/ip/Samsung-Galaxy-S25-Plus-256GB-US-Version-Unlocked-Android-Smartphone-with-50MP-Camera-8K-Video-Long-Battery-Navy/14941900279,"Samsung Galaxy S25 Plus 512GB US Version, Unlocked Android Smartphone with 50MP Camera, 8K Video, Long Battery, Icyblue",All Samsung Galaxy Unlocked Phones,5.0,Galaxy S 25+,Easy to transfer information from previous phone to 25+.  Set up instructions are very clear and easy to understand.  I highly recommend this phone.,10/15/2025,True,0.0,0.0,Eaglemom4,English,unknown,bazaarvoice
14941900279,"Samsung Galaxy S25 Plus 256GB US Version, Unlocked Android Smartphone with 50MP Camera, 8K Video, Long Battery, Navy",Cell Phones,Global Electronics NY Inc,DE4485C7AFBB4940BAC9B1B83B584399,699.99,IN_STOCK,4.8,5340,/ip/Samsung-Galaxy-S25-Plus-256GB-US-Version-Unlocked-Android-Smartphone-with-50MP-Camera-8K-Video-Long-Battery-Navy/14941900279,"Samsung Galaxy S25 Plus 512GB US Version, Unlocked Android Smartphone with 50MP Camera, 8K Video, Long Battery, Icyblue",All Samsung Galaxy Unlocked Phones,5.0,Perfect 👌,This phone has everything I need and works super fast,11-08-2025,No recommendation,0.0,0.0,Unknown,English,unknown,bazaarvoice
14941900279,"Samsung Galaxy S25 Plus 256GB US Version, Unlocked Android Smartphone with 50MP Camera, 8K Video, Long Battery, Navy",Cell Phones,Global Electronics NY Inc,DE4485C7AFBB4940BAC9B1B83B584399,699.99,IN_STOCK,4.8,5340,/ip/Samsung-Galaxy-S25-Plus-256GB-US-Version-Unlocked-Android-Smartphone-with-50MP-Camera-8K-Video-Long-Battery-Navy/14941900279,"Samsung Galaxy S25 Plus 512GB US Version, Unlocked Android Smartphone with 50MP Camera, 8K Video, Long Battery, Icyblue",All Samsung Galaxy Unlocked Phones,5.0,Best mobile phone,Great size.  Easy to navigate. Love my new Samsung Galaxy S25+.,10/14/2025,True,0.0,0.0,MaryAnn,English,unknown,bazaarvoice
14941900279,"Samsung Galaxy S25 Plus 256GB US Version, Unlocked Android Smartphone with 50MP Camera, 8K Video, Long Battery, Navy",Cell Phones,Global Electronics NY Inc,DE4485C7AFBB4940BAC9B1B83B584399,699.99,IN_STOCK,4.8,5340,/ip/Samsung-Galaxy-S25-Plus-256GB-US-Version-Unlocked-Android-Smartphone-with-50MP-Camera-8K-Video-Long-Battery-Navy/14941900279,"Samsung Galaxy S25 Plus 512GB US Version, Unlocked Android Smartphone with 50MP Camera, 8K Video, Long Battery, Icyblue",All Samsung Galaxy Unlocked Phones,5.0,Phone,"So far so good, its a mjni computer, gets a little warm when charging.",01-02-2026,No recommendation,0.0,0.0,Mr me,English,unknown,bazaarvoice
14941900279,"Samsung Galaxy S25 Plus 256GB US Version, Unlocked Android Smartphone with 50MP Camera, 8K Video, Long Battery, Navy",Cell Phones,Global Electronics NY Inc,DE4485C7AFBB4940BAC9B1B83B584399,699.99,IN_STOCK,4.8,5340,/ip/Samsung-Galaxy-S25-Plus-256GB-US-Version-Unlocked-Android-Smartphone-with-50MP-Camera-8K-Video-Long-Battery-Navy/14941900279,"Samsung Galaxy S25 Plus 512GB US Version, Unlocked Android Smartphone with 50MP Camera, 8K Video, Long Battery, Icyblue",All Samsung Galaxy Unlocked Phones,4.0,Not much of difference between S23+,"Not much if a difference between S23+ and S25+
I skipped S24+ I bet you they are the same.",01-01-2026,True,0.0,0.0,Rigo,English,unknown,bazaarvoice
14941900279,"Samsung Galaxy S25 Plus 256GB US Version, Unlocked Android Smartphone with 50MP Camera, 8K Video, Long Battery, Navy",Cell Phones,Global Electronics NY Inc,DE4485C7AFBB4940BAC9B1B83B584399,699.99,IN_STOCK,4.8,5340,/ip/Samsung-Galaxy-S25-Plus-256GB-US-Version-Unlocked-Android-Smartphone-with-50MP-Camera-8K-Video-Long-Battery-Navy/14941900279,"Samsung Galaxy S25 Plus 512GB US Version, Unlocked Android Smartphone with 50MP Camera, 8K Video, Long Battery, Icyblue",All Samsung Galaxy Unlocked Phones,5.0,Awesome phone.,"Awesome phone. Crisp clear screen, Awesome battery life. Just a great phone.",10-03-2025,True,0.0,0.0,Kevin,English,unknown,bazaarvoice
14941900279,"Samsung Galaxy S25 Plus 256GB US Version, Unlocked Android Smartphone with 50MP Camera, 8K Video, Long Battery, Navy",Cell Phones,Global Electronics NY Inc,DE4485C7AFBB4940BAC9B1B83B584399,699.99,IN_STOCK,4.8,5340,/ip/Samsung-Galaxy-S25-Plus-256GB-US-Version-Unlocked-Android-Smartphone-with-50MP-Camera-8K-Video-Long-Battery-Navy/14941900279,"Samsung Galaxy S25 Plus 512GB US Version, Unlocked Android Smartphone with 50MP Camera, 8K Video, Long Battery, Icyblue",All Samsung Galaxy Unlocked Phones,1.0,wrong towers,It wasn't made for US. it didn't work here.,10/15/2025,False,0.0,0.0,Chris,English,Walmart,bazaarvoice
14941900279,"Samsung Galaxy S25 Plus 256GB US Version, Unlocked Android Smartphone with 50MP Camera, 8K Video, Long Battery, Navy",Cell Phones,Global Electronics NY Inc,DE4485C7AFBB4940BAC9B1B83B584399,699.99,IN_STOCK,4.8,5340,/ip/Samsung-Galaxy-S25-Plus-256GB-US-Version-Unlocked-Android-Smartphone-with-50MP-Camera-8K-Video-Long-Battery-Navy/14941900279,"Samsung Galaxy S25 Plus 512GB US Version, Unlocked Android Smartphone with 50MP Camera, 8K Video, Long Battery, Icyblue",All Samsung Galaxy Unlocked Phones,5.0,Loving my new phone,So far loving my new phone. Upgrade from my s21 A-series phone. Enjoying the big screen.,10-02-2025,No recommendation,0.0,0.0,Dani,English,unknown,bazaarvoice
14941900279,"Samsung Galaxy S25 Plus 256GB US Version, Unlocked Android Smartphone with 50MP Camera, 8K Video, Long Battery, Navy",Cell Phones,Global Electronics NY Inc,DE4485C7AFBB4940BAC9B1B83B584399,699.99,IN_STOCK,4.8,5340,/ip/Samsung-Galaxy-S25-Plus-256GB-US-Version-Unlocked-Android-Smartphone-with-50MP-Camera-8K-Video-Long-Battery-Navy/14941900279,"Samsung Galaxy S25 Plus 512GB US Version, Unlocked Android Smartphone with 50MP Camera, 8K Video, Long Battery, Icyblue",All Samsung Galaxy Unlocked Phones,5.0,Great phone for any high end user,Highly recommended Great phone for any high end user,12/30/2025,No recommendation,0.0,0.0,Highly recommend this,English,unknown,bazaarvoice
14941900279,"Samsung Galaxy S25 Plus 256GB US Version, Unlocked Android Smartphone with 50MP Camera, 8K Video, Long Battery, Navy",Cell Phones,Global Electronics NY Inc,DE4485C7AFBB4940BAC9B1B83B584399,699.99,IN_STOCK,4.8,5340,/ip/Samsung-Galaxy-S25-Plus-256GB-US-Version-Unlocked-Android-Smartphone-with-50MP-Camera-8K-Video-Long-Battery-Navy/14941900279,"Samsung Galaxy S25 Plus 512GB US Version, Unlocked Android Smartphone with 50MP Camera, 8K Video, Long Battery, Icyblue",All Samsung Galaxy Unlocked Phones,5.0,My new S25+,"Like the ease of using the phone.  So far, the only thing I don't like is the AI feature.   Maybe I'll get use to it.  Only time will tell.",6/29/2025,True,0.0,0.0,SuzieQ,English,unknown,bazaarvoice
14941900279,"Samsung Galaxy S25 Plus 256GB US Version, Unlocked Android Smartphone with 50MP Camera, 8K Video, Long Battery, Navy",Cell Phones,Global Electronics NY Inc,DE4485C7AFBB4940BAC9B1B83B584399,699.99,IN_STOCK,4.8,5340,/ip/Samsung-Galaxy-S25-Plus-256GB-US-Version-Unlocked-Android-Smartphone-with-50MP-Camera-8K-Video-Long-Battery-Navy/14941900279,"Samsung Galaxy S25 Plus 512GB US Version, Unlocked Android Smartphone with 50MP Camera, 8K Video, Long Battery, Icyblue",All Samsung Galaxy Unlocked Phones,5.0,New Samsung S25 plus,Very easy to use. A little different than my Note Ultra 20. That had a different feel. Still figuring out all the different functions.,06-04-2025,True,0.0,0.0,Dr Doom,English,unknown,bazaarvoice
5035422406,Clearance！Smart Appliances 5.2 Inch HD Screen Smart Phone 5G 4G Dual Sim Celulares Android 12 Unlocked 72MP 5000mAh Cell Phone,Cell Phones,"Shenzhen Baishengwang Boutique Co., Ltd",ABC1A688E4EA4CF69B9FF40BC95C3BFF,47.44,IN_STOCK,2.4,119,/ip/Clearance-Smart-Appliances-5-2-Inch-HD-Screen-Smart-Phone-5G-4G-Dual-Sim-Celulares-Android-12-Unlocked-72MP-5000mAh-Cell-Phone/5035422406,Clearance！Smart Appliances 5.2 Inch HD Screen Smart Phone 5G 4G Dual Sim Celulares Android 12 Unlocked 72MP 5000mAh Cell Phone,5G Unlocked Phones,1.0,coup,"Don't buy it, it's a scam, the product doesn't arrive and they don't give your money back.",3/28/2025,No recommendation,0.0,0.0,Alcino,English,Seller,bazaarvoice
5035422406,Clearance！Smart Appliances 5.2 Inch HD Screen Smart Phone 5G 4G Dual Sim Celulares Android 12 Unlocked 72MP 5000mAh Cell Phone,Cell Phones,"Shenzhen Baishengwang Boutique Co., Ltd",ABC1A688E4EA4CF69B9FF40BC95C3BFF,47.44,IN_STOCK,2.4,119,/ip/Clearance-Smart-Appliances-5-2-Inch-HD-Screen-Smart-Phone-5G-4G-Dual-Sim-Celulares-Android-12-Unlocked-72MP-5000mAh-Cell-Phone/5035422406,Clearance！Smart Appliances 5.2 Inch HD Screen Smart Phone 5G 4G Dual Sim Celulares Android 12 Unlocked 72MP 5000mAh Cell Phone,5G Unlocked Phones,5.0,No title,it wasnt compatible to my phone. otherwise the phone eas good,11-01-2024,No recommendation,1.0,0.0,ORFA,English,Seller,bazaarvoice
5035422406,Clearance！Smart Appliances 5.2 Inch HD Screen Smart Phone 5G 4G Dual Sim Celulares Android 12 Unlocked 72MP 5000mAh Cell Phone,Cell Phones,"Shenzhen Baishengwang Boutique Co., Ltd",ABC1A688E4EA4CF69B9FF40BC95C3BFF,47.44,IN_STOCK,2.4,119,/ip/Clearance-Smart-Appliances-5-2-Inch-HD-Screen-Smart-Phone-5G-4G-Dual-Sim-Celulares-Android-12-Unlocked-72MP-5000mAh-Cell-Phone/5035422406,Clearance！Smart Appliances 5.2 Inch HD Screen Smart Phone 5G 4G Dual Sim Celulares Android 12 Unlocked 72MP 5000mAh Cell Phone,5G Unlocked Phones,5.0,No title,"simple phone, have to get sim card",5/15/2024,No recommendation,4.0,0.0,go,English,unknown,bazaarvoice
5035422406,Clearance！Smart Appliances 5.2 Inch HD Screen Smart Phone 5G 4G Dual Sim Celulares Android 12 Unlocked 72MP 5000mAh Cell Phone,Cell Phones,"Shenzhen Baishengwang Boutique Co., Ltd",ABC1A688E4EA4CF69B9FF40BC95C3BFF,47.44,IN_STOCK,2.4,119,/ip/Clearance-Smart-Appliances-5-2-Inch-HD-Screen-Smart-Phone-5G-4G-Dual-Sim-Celulares-Android-12-Unlocked-72MP-5000mAh-Cell-Phone/5035422406,Clearance！Smart Appliances 5.2 Inch HD Screen Smart Phone 5G 4G Dual Sim Celulares Android 12 Unlocked 72MP 5000mAh Cell Phone,5G Unlocked Phones,1.0,No title,"This is not a phone, it is a plastic",04-12-2025,No recommendation,0.0,0.0,Omotayo,English,Seller,bazaarvoice
5035422406,Clearance！Smart Appliances 5.2 Inch HD Screen Smart Phone 5G 4G Dual Sim Celulares Android 12 Unlocked 72MP 5000mAh Cell Phone,Cell Phones,"Shenzhen Baishengwang Boutique Co., Ltd",ABC1A688E4EA4CF69B9FF40BC95C3BFF,47.44,IN_STOCK,2.4,119,/ip/Clearance-Smart-Appliances-5-2-Inch-HD-Screen-Smart-Phone-5G-4G-Dual-Sim-Celulares-Android-12-Unlocked-72MP-5000mAh-Cell-Phone/5035422406,Clearance！Smart Appliances 5.2 Inch HD Screen Smart Phone 5G 4G Dual Sim Celulares Android 12 Unlocked 72MP 5000mAh Cell Phone,5G Unlocked Phones,1.0,no signal,"unit fails to detect a signal, returning it.",3/20/2025,False,0.0,0.0,Rocklyn,English,Seller,bazaarvoice
5035422406,Clearance！Smart Appliances 5.2 Inch HD Screen Smart Phone 5G 4G Dual Sim Celulares Android 12 Unlocked 72MP 5000mAh Cell Phone,Cell Phones,"Shenzhen Baishengwang Boutique Co., Ltd",ABC1A688E4EA4CF69B9FF40BC95C3BFF,47.44,IN_STOCK,2.4,119,/ip/Clearance-Smart-Appliances-5-2-Inch-HD-Screen-Smart-Phone-5G-4G-Dual-Sim-Celulares-Android-12-Unlocked-72MP-5000mAh-Cell-Phone/5035422406,Clearance！Smart Appliances 5.2 Inch HD Screen Smart Phone 5G 4G Dual Sim Celulares Android 12 Unlocked 72MP 5000mAh Cell Phone,5G Unlocked Phones,1.0,No title,without a Sim card it has no memory...,6/15/2025,No recommendation,0.0,0.0,Terri,English,Seller,bazaarvoice
5035422406,Clearance！Smart Appliances 5.2 Inch HD Screen Smart Phone 5G 4G Dual Sim Celulares Android 12 Unlocked 72MP 5000mAh Cell Phone,Cell Phones,"Shenzhen Baishengwang Boutique Co., Ltd",ABC1A688E4EA4CF69B9FF40BC95C3BFF,47.44,IN_STOCK,2.4,119,/ip/Clearance-Smart-Appliances-5-2-Inch-HD-Screen-Smart-Phone-5G-4G-Dual-Sim-Celulares-Android-12-Unlocked-72MP-5000mAh-Cell-Phone/5035422406,Clearance！Smart Appliances 5.2 Inch HD Screen Smart Phone 5G 4G Dual Sim Celulares Android 12 Unlocked 72MP 5000mAh Cell Phone,5G Unlocked Phones,1.0,did not get the package,i didn't get my package am very disappointed,6/17/2024,No recommendation,1.0,1.0,Gloria,English,unknown,bazaarvoice
5035422406,Clearance！Smart Appliances 5.2 Inch HD Screen Smart Phone 5G 4G Dual Sim Celulares Android 12 Unlocked 72MP 5000mAh Cell Phone,Cell Phones,"Shenzhen Baishengwang Boutique Co., Ltd",ABC1A688E4EA4CF69B9FF40BC95C3BFF,47.44,IN_STOCK,2.4,119,/ip/Clearance-Smart-Appliances-5-2-Inch-HD-Screen-Smart-Phone-5G-4G-Dual-Sim-Celulares-Android-12-Unlocked-72MP-5000mAh-Cell-Phone/5035422406,Clearance！Smart Appliances 5.2 Inch HD Screen Smart Phone 5G 4G Dual Sim Celulares Android 12 Unlocked 72MP 5000mAh Cell Phone,5G Unlocked Phones,1.0,No title,It's too small and slow,3/26/2025,False,0.0,0.0,Erik,English,Seller,bazaarvoice
5035422406,Clearance！Smart Appliances 5.2 Inch HD Screen Smart Phone 5G 4G Dual Sim Celulares Android 12 Unlocked 72MP 5000mAh Cell Phone,Cell Phones,"Shenzhen Baishengwang Boutique Co., Ltd",ABC1A688E4EA4CF69B9FF40BC95C3BFF,47.44,IN_STOCK,2.4,119,/ip/Clearance-Smart-Appliances-5-2-Inch-HD-Screen-Smart-Phone-5G-4G-Dual-Sim-Celulares-Android-12-Unlocked-72MP-5000mAh-Cell-Phone/5035422406,Clearance！Smart Appliances 5.2 Inch HD Screen Smart Phone 5G 4G Dual Sim Celulares Android 12 Unlocked 72MP 5000mAh Cell Phone,5G Unlocked Phones,1.0,Bad,This phone sucks I'm returning the item and picking a different phone. I can't even get into the playstore and on top of that it was late getting here.,10/20/2023,No recommendation,0.0,0.0,Misty,English,unknown,bazaarvoice
5035422406,Clearance！Smart Appliances 5.2 Inch HD Screen Smart Phone 5G 4G Dual Sim Celulares Android 12 Unlocked 72MP 5000mAh Cell Phone,Cell Phones,"Shenzhen Baishengwang Boutique Co., Ltd",ABC1A688E4EA4CF69B9FF40BC95C3BFF,47.44,IN_STOCK,2.4,119,/ip/Clearance-Smart-Appliances-5-2-Inch-HD-Screen-Smart-Phone-5G-4G-Dual-Sim-Celulares-Android-12-Unlocked-72MP-5000mAh-Cell-Phone/5035422406,Clearance！Smart Appliances 5.2 Inch HD Screen Smart Phone 5G 4G Dual Sim Celulares Android 12 Unlocked 72MP 5000mAh Cell Phone,5G Unlocked Phones,1.0,Product didn't fit my needs!,The product arrived. It looks very good but it didn't function as a useful replacement for my now dqmaged phone. I couldn't add a service provider to it and it would allow me to use my SIM card in it.,6/18/2024,No recommendation,1.0,1.0,Michael,English,unknown,bazaarvoice
